{"mean":{"confidence_interval":{"confidence_level":0.95,"lower_bound":83396.34267218398,"upper_bound":84459.28007985972},"point_estimate":83903.30466376184,"standard_error":271.70225772335647},"median":{"confidence_interval":{"confidence_level":0.95,"lower_bound":82509.47756968642,"upper_bound":83605.26190476191},"point_estimate":83151.42055976432,"standard_error":314.2059283140099},"median_abs_dev":{"confidence_interval":{"confidence_level":0.95,"lower_bound":1231.6593643125573,"upper_bound":2232.2001425014405},"point_estimate":1746.7791688643977,"standard_error":267.43486314881636},"slope":{"confidence_interval":{"confidence_level":0.95,"lower_bound":82920.007516982,"upper_bound":83908.42055960807},"point_estimate":83388.6662065908,"standard_error":252.54783395212704},"std_dev":{"confidence_interval":{"confidence_level":0.95,"lower_bound":2052.230028810696,"upper_bound":3338.3123542959333},"point_estimate":2724.3882508812785,"standard_error":329.7751620418041}}