{"mean":{"confidence_interval":{"confidence_level":0.95,"lower_bound":2909001.321941178,"upper_bound":2923423.463132353},"point_estimate":2916017.110588236,"standard_error":3692.001944605771},"median":{"confidence_interval":{"confidence_level":0.95,"lower_bound":2895915.3529411764,"upper_bound":2917287.676470588},"point_estimate":2904970.970588235,"standard_error":4938.981930746718},"median_abs_dev":{"confidence_interval":{"confidence_level":0.95,"lower_bound":22083.152184416307,"upper_bound":41640.21564897371},"point_estimate":34423.39864180377,"standard_error":5071.515407420762},"slope":null,"std_dev":{"confidence_interval":{"confidence_level":0.95,"lower_bound":31408.417264913904,"upper_bound":41742.4767886782},"point_estimate":36976.505372928776,"standard_error":2631.9452241736185}}