{"mean":{"confidence_interval":{"confidence_level":0.95,"lower_bound":3547761.1538214264,"upper_bound":3612410.0229285704},"point_estimate":3579401.1942857136,"standard_error":16452.114850709342},"median":{"confidence_interval":{"confidence_level":0.95,"lower_bound":3510497.0,"upper_bound":3567272.3214285714},"point_estimate":3536781.3571428573,"standard_error":14782.821493661822},"median_abs_dev":{"confidence_interval":{"confidence_level":0.95,"lower_bound":93552.69373910778,"upper_bound":177791.90491981248},"point_estimate":139423.64857473547,"standard_error":20790.87509083279},"slope":null,"std_dev":{"confidence_interval":{"confidence_level":0.95,"lower_bound":136227.34372714188,"upper_bound":191457.24323017863},"point_estimate":165479.07347789872,"standard_error":14112.84364722771}}