{"mean":{"confidence_interval":{"confidence_level":0.95,"lower_bound":3060957.148828125,"upper_bound":3100547.01096875},"point_estimate":3080406.584375,"standard_error":10059.931804082466},"median":{"confidence_interval":{"confidence_level":0.95,"lower_bound":3007418.4375,"upper_bound":3088176.375},"point_estimate":3024625.0625,"standard_error":19859.807309836924},"median_abs_dev":{"confidence_interval":{"confidence_level":0.95,"lower_bound":34975.506335310696,"upper_bound":135002.82005947083},"point_estimate":60454.31120172143,"standard_error":25624.0595881419},"slope":null,"std_dev":{"confidence_interval":{"confidence_level":0.95,"lower_bound":89645.82853475968,"upper_bound":111228.73655245158},"point_estimate":101509.26642078592,"standard_error":5476.811689809653}}