{"mean":{"confidence_interval":{"confidence_level":0.95,"lower_bound":3377824.4190666657,"upper_bound":3403653.823099998},"point_estimate":3390777.311333333,"standard_error":6590.612656538891},"median":{"confidence_interval":{"confidence_level":0.95,"lower_bound":3379585.8666666667,"upper_bound":3405800.8666666667},"point_estimate":3385249.5999999996,"standard_error":6638.197237580157},"median_abs_dev":{"confidence_interval":{"confidence_level":0.95,"lower_bound":43691.62818431868,"upper_bound":72277.53943681698},"point_estimate":59032.63373196143,"standard_error":7113.517510788261},"slope":null,"std_dev":{"confidence_interval":{"confidence_level":0.95,"lower_bound":55847.36414905967,"upper_bound":75529.18778262558},"point_estimate":66172.20638694036,"standard_error":5028.654720146677}}