{"mean":{"confidence_interval":{"confidence_level":0.95,"lower_bound":3237614.352796875,"upper_bound":3331162.45840625},"point_estimate":3283700.293125,"standard_error":23829.233818681114},"median":{"confidence_interval":{"confidence_level":0.95,"lower_bound":3169806.4375,"upper_bound":3302139.5},"point_estimate":3249126.28125,"standard_error":33758.07869020643},"median_abs_dev":{"confidence_interval":{"confidence_level":0.95,"lower_bound":168777.93005984277,"upper_bound":279696.6085156426},"point_estimate":228189.27851133049,"standard_error":27353.346470993863},"slope":null,"std_dev":{"confidence_interval":{"confidence_level":0.95,"lower_bound":202873.29476629704,"upper_bound":272917.9363942138},"point_estimate":239931.80208841147,"standard_error":17949.829424315507}}