{"mean":{"confidence_interval":{"confidence_level":0.95,"lower_bound":2940886.3225147063,"upper_bound":2951890.8432499985},"point_estimate":2945979.1499999994,"standard_error":2827.440830008674},"median":{"confidence_interval":{"confidence_level":0.95,"lower_bound":2935003.470588235,"upper_bound":2938924.088235294},"point_estimate":2936970.3529411764,"standard_error":1000.2314716443368},"median_abs_dev":{"confidence_interval":{"confidence_level":0.95,"lower_bound":6702.311210422076,"upper_bound":11361.68686887785},"point_estimate":8873.92771892692,"standard_error":1192.2918736126314},"slope":null,"std_dev":{"confidence_interval":{"confidence_level":0.95,"lower_bound":17254.545705969485,"upper_bound":38435.87049346511},"point_estimate":28418.528261492633,"standard_error":5473.648409945627}}