{"mean":{"confidence_interval":{"confidence_level":0.95,"lower_bound":3174074.0908749998,"upper_bound":3219027.1625937503},"point_estimate":3196437.9625,"standard_error":11458.397585436149},"median":{"confidence_interval":{"confidence_level":0.95,"lower_bound":3161985.6875,"upper_bound":3218495.03125},"point_estimate":3188209.0625,"standard_error":16476.06190359572},"median_abs_dev":{"confidence_interval":{"confidence_level":0.95,"lower_bound":85680.70342261344,"upper_bound":139135.84547359496},"point_estimate":111057.4405470863,"standard_error":13705.034253212369},"slope":null,"std_dev":{"confidence_interval":{"confidence_level":0.95,"lower_bound":98302.31588489839,"upper_bound":130579.83169014314},"point_estimate":115189.15209604891,"standard_error":8245.478172057728}}