{"mean":{"confidence_interval":{"confidence_level":0.95,"lower_bound":1461413.4825495472,"upper_bound":1502275.5904173334},"point_estimate":1481012.4235265849,"standard_error":10432.808195397392},"median":{"confidence_interval":{"confidence_level":0.95,"lower_bound":1442923.7241379311,"upper_bound":1459554.1252598753},"point_estimate":1449425.5710250202,"standard_error":5012.399798181412},"median_abs_dev":{"confidence_interval":{"confidence_level":0.95,"lower_bound":24880.03133695132,"upper_bound":49469.055061082145},"point_estimate":32136.679115937397,"standard_error":6327.2554223768975},"slope":{"confidence_interval":{"confidence_level":0.95,"lower_bound":1446348.0894447067,"upper_bound":1456801.0325344563},"point_estimate":1451957.412693956,"standard_error":2643.947602006582},"std_dev":{"confidence_interval":{"confidence_level":0.95,"lower_bound":81215.23400702233,"upper_bound":123784.40905367996},"point_estimate":105228.41328293145,"standard_error":10853.865309130822}}