{"mean":{"confidence_interval":{"confidence_level":0.95,"lower_bound":1892740.9018365385,"upper_bound":1920738.1921249996},"point_estimate":1906373.5284615397,"standard_error":7150.817184625894},"median":{"confidence_interval":{"confidence_level":0.95,"lower_bound":1879507.0384615385,"upper_bound":1904537.75},"point_estimate":1889153.173076923,"standard_error":6456.809375112557},"median_abs_dev":{"confidence_interval":{"confidence_level":0.95,"lower_bound":42658.763508040094,"upper_bound":76085.71911843921},"point_estimate":56581.004514717126,"standard_error":8548.892253722197},"slope":null,"std_dev":{"confidence_interval":{"confidence_level":0.95,"lower_bound":57706.56704888368,"upper_bound":84994.12417169209},"point_estimate":71972.82620842043,"standard_error":6974.312858319187}}