{"mean":{"confidence_interval":{"confidence_level":0.95,"lower_bound":2068716.6358958327,"upper_bound":2099027.846291666},"point_estimate":2083159.7370833335,"standard_error":7735.418092584872},"median":{"confidence_interval":{"confidence_level":0.95,"lower_bound":2056612.9166666667,"upper_bound":2090904.2708333335},"point_estimate":2079160.5,"standard_error":9163.678111119303},"median_abs_dev":{"confidence_interval":{"confidence_level":0.95,"lower_bound":54237.8930620848,"upper_bound":81721.42868696708},"point_estimate":69996.32463231683,"standard_error":7050.119744762297},"slope":null,"std_dev":{"confidence_interval":{"confidence_level":0.95,"lower_bound":56576.22980464873,"upper_bound":102606.26987833479},"point_estimate":77489.05112570859,"standard_error":12974.681872888836}}