{"mean":{"confidence_interval":{"confidence_level":0.95,"lower_bound":1430879.4602938967,"upper_bound":1475345.9682181475},"point_estimate":1452201.2702419162,"standard_error":11360.358103092703},"median":{"confidence_interval":{"confidence_level":0.95,"lower_bound":1413602.4483870966,"upper_bound":1431659.7944444446},"point_estimate":1421140.2358674463,"standard_error":4564.512690930592},"median_abs_dev":{"confidence_interval":{"confidence_level":0.95,"lower_bound":27900.343364564316,"upper_bound":60462.14063775893},"point_estimate":41609.28359046966,"standard_error":8951.902415429744},"slope":{"confidence_interval":{"confidence_level":0.95,"lower_bound":1418129.056860588,"upper_bound":1430038.8536700555},"point_estimate":1424515.1450687158,"standard_error":3037.5462178556636},"std_dev":{"confidence_interval":{"confidence_level":0.95,"lower_bound":85612.66315837216,"upper_bound":139464.73306760073},"point_estimate":114755.72731671233,"standard_error":13725.314793211504}}