{"mean":{"confidence_interval":{"confidence_level":0.95,"lower_bound":8704.630867488746,"upper_bound":8939.275387013004},"point_estimate":8801.646575439287,"standard_error":61.031446622345136},"median":{"confidence_interval":{"confidence_level":0.95,"lower_bound":8643.392240412648,"upper_bound":8678.892857142857},"point_estimate":8658.726159701975,"standard_error":9.703682966999471},"median_abs_dev":{"confidence_interval":{"confidence_level":0.95,"lower_bound":67.38019271930288,"upper_bound":126.10409894422655},"point_estimate":87.20821832569462,"standard_error":14.511492679563133},"slope":{"confidence_interval":{"confidence_level":0.95,"lower_bound":8609.45338748387,"upper_bound":8635.575918103737},"point_estimate":8621.75733472464,"standard_error":6.650193542661221},"std_dev":{"confidence_interval":{"confidence_level":0.95,"lower_bound":184.37592357073615,"upper_bound":974.2173935843105},"point_estimate":611.6834523667605,"standard_error":226.6070213916045}}