{"mean":{"confidence_interval":{"confidence_level":0.95,"lower_bound":15534.455716446175,"upper_bound":15995.869349122837},"point_estimate":15737.247732286265,"standard_error":118.47685474295025},"median":{"confidence_interval":{"confidence_level":0.95,"lower_bound":15309.625641025641,"upper_bound":15517.100923076923},"point_estimate":15422.966308050924,"standard_error":51.68401016034862},"median_abs_dev":{"confidence_interval":{"confidence_level":0.95,"lower_bound":345.47498744577865,"upper_bound":649.5613278579002},"point_estimate":490.9807251498628,"standard_error":73.63207158263626},"slope":{"confidence_interval":{"confidence_level":0.95,"lower_bound":15365.581777756292,"upper_bound":15655.345186015216},"point_estimate":15505.255369246683,"standard_error":74.01380952781162},"std_dev":{"confidence_interval":{"confidence_level":0.95,"lower_bound":608.9782364568125,"upper_bound":1785.9252531766135},"point_estimate":1195.241143421461,"standard_error":336.447779187804}}