{"mean":{"confidence_interval":{"confidence_level":0.95,"lower_bound":9939.004512733389,"upper_bound":10258.085520038525},"point_estimate":10071.505207770279,"standard_error":82.7390569995106},"median":{"confidence_interval":{"confidence_level":0.95,"lower_bound":9841.316205533596,"upper_bound":9890.690429456907},"point_estimate":9868.140388257576,"standard_error":12.293815034414003},"median_abs_dev":{"confidence_interval":{"confidence_level":0.95,"lower_bound":70.47192684804774,"upper_bound":133.7254512112928},"point_estimate":102.97916844146816,"standard_error":15.542915620739846},"slope":{"confidence_interval":{"confidence_level":0.95,"lower_bound":9817.234532454982,"upper_bound":9846.098100329573},"point_estimate":9830.0567861413,"standard_error":7.383567686209563},"std_dev":{"confidence_interval":{"confidence_level":0.95,"lower_bound":265.3290288707262,"upper_bound":1319.9166059732718},"point_estimate":832.4154248260044,"standard_error":301.827486545702}}