{"mean":{"confidence_interval":{"confidence_level":0.95,"lower_bound":5960952.8885,"upper_bound":6043343.010125},"point_estimate":6000741.2925,"standard_error":21030.33189326261},"median":{"confidence_interval":{"confidence_level":0.95,"lower_bound":5935446.5,"upper_bound":6013255.0},"point_estimate":5967175.625,"standard_error":21936.443961998757},"median_abs_dev":{"confidence_interval":{"confidence_level":0.95,"lower_bound":111603.8527673856,"upper_bound":195263.8789877478},"point_estimate":138200.18589645624,"standard_error":20555.746741442257},"slope":null,"std_dev":{"confidence_interval":{"confidence_level":0.95,"lower_bound":164829.2647502728,"upper_bound":258051.59726786552},"point_estimate":211751.84172188424,"standard_error":24049.65348700003}}