{"mean":{"confidence_interval":{"confidence_level":0.95,"lower_bound":4192863.7454999997,"upper_bound":4199460.6504375},"point_estimate":4196133.7025,"standard_error":1671.3971768829736},"median":{"confidence_interval":{"confidence_level":0.95,"lower_bound":4190201.0,"upper_bound":4200550.75},"point_estimate":4195588.25,"standard_error":2931.9443179047407},"median_abs_dev":{"confidence_interval":{"confidence_level":0.95,"lower_bound":16400.8730263263,"upper_bound":24666.39104520902},"point_estimate":21516.04679301381,"standard_error":2121.496613322205},"slope":null,"std_dev":{"confidence_interval":{"confidence_level":0.95,"lower_bound":15023.499665571459,"upper_bound":18324.420571261173},"point_estimate":16788.821426353268,"standard_error":841.78303422166}}