{"mean":{"confidence_interval":{"confidence_level":0.95,"lower_bound":3624726.8785,"upper_bound":3629154.7428},"point_estimate":3626945.117999999,"standard_error":1127.4768955210893},"median":{"confidence_interval":{"confidence_level":0.95,"lower_bound":3623738.8,"upper_bound":3629778.6},"point_estimate":3627588.5999999996,"standard_error":1423.9915010731547},"median_abs_dev":{"confidence_interval":{"confidence_level":0.95,"lower_bound":8510.1238489151,"upper_bound":13995.89201152304},"point_estimate":11919.807268381534,"standard_error":1417.9736685772864},"slope":null,"std_dev":{"confidence_interval":{"confidence_level":0.95,"lower_bound":9697.24969445344,"upper_bound":12867.205470251964},"point_estimate":11340.712367024902,"standard_error":808.8411009248101}}