{"mean":{"confidence_interval":{"confidence_level":0.95,"lower_bound":7584362.429666664,"upper_bound":7897218.155249995},"point_estimate":7733465.623333332,"standard_error":79743.15078774939},"median":{"confidence_interval":{"confidence_level":0.95,"lower_bound":7318311.666666667,"upper_bound":7708777.333333333},"point_estimate":7510678.0,"standard_error":116039.38146524742},"median_abs_dev":{"confidence_interval":{"confidence_level":0.95,"lower_bound":420637.08703219844,"upper_bound":739172.455877067},"point_estimate":567043.3402329683,"standard_error":88143.26547082899},"slope":null,"std_dev":{"confidence_interval":{"confidence_level":0.95,"lower_bound":614054.6638252393,"upper_bound":960402.631870307},"point_estimate":800894.0675856986,"standard_error":88555.80158246995}}