{"mean":{"confidence_interval":{"confidence_level":0.95,"lower_bound":4052385.3663125,"upper_bound":4106547.5675624995},"point_estimate":4077729.985,"standard_error":13768.527925742874},"median":{"confidence_interval":{"confidence_level":0.95,"lower_bound":4019523.5,"upper_bound":4066137.0},"point_estimate":4040070.875,"standard_error":12031.322426370292},"median_abs_dev":{"confidence_interval":{"confidence_level":0.95,"lower_bound":65997.35868768767,"upper_bound":117800.16623362899},"point_estimate":97166.08109995723,"standard_error":12810.869298940408},"slope":null,"std_dev":{"confidence_interval":{"confidence_level":0.95,"lower_bound":95335.82555105734,"upper_bound":182330.00384922425},"point_estimate":138377.58529989267,"standard_error":23045.027831642325}}