{"mean":{"confidence_interval":{"confidence_level":0.95,"lower_bound":4174224.2568999985,"upper_bound":4206811.327299999},"point_estimate":4191075.993999999,"standard_error":8302.968224601233},"median":{"confidence_interval":{"confidence_level":0.95,"lower_bound":4202663.6,"upper_bound":4235157.0},"point_estimate":4220314.7,"standard_error":8741.741479899487},"median_abs_dev":{"confidence_interval":{"confidence_level":0.95,"lower_bound":40448.73726189109,"upper_bound":81664.23445866944},"point_estimate":59450.035044550896,"standard_error":10225.525839450134},"slope":null,"std_dev":{"confidence_interval":{"confidence_level":0.95,"lower_bound":68120.230243224,"upper_bound":97502.43076007937},"point_estimate":83801.91289456011,"standard_error":7497.187299540598}}