{"mean":{"confidence_interval":{"confidence_level":0.95,"lower_bound":4246881.091899999,"upper_bound":4256306.195600003},"point_estimate":4250935.436000002,"standard_error":2435.276129345886},"median":{"confidence_interval":{"confidence_level":0.95,"lower_bound":4245647.300000001,"upper_bound":4250237.4},"point_estimate":4247967.699999999,"standard_error":1120.139663782334},"median_abs_dev":{"confidence_interval":{"confidence_level":0.95,"lower_bound":6509.206924438338,"upper_bound":10037.350081801553},"point_estimate":8599.524627329023,"standard_error":889.0207588301926},"slope":null,"std_dev":{"confidence_interval":{"confidence_level":0.95,"lower_bound":8156.2873719414265,"upper_bound":36756.03064856215},"point_estimate":24484.324429330478,"standard_error":7793.385862805316}}