{"mean":{"confidence_interval":{"confidence_level":0.95,"lower_bound":4320513.312500001,"upper_bound":4450419.189437499},"point_estimate":4380920.3725,"standard_error":33114.9651268914},"median":{"confidence_interval":{"confidence_level":0.95,"lower_bound":4268964.375,"upper_bound":4345702.25},"point_estimate":4306739.625,"standard_error":19963.62695505785},"median_abs_dev":{"confidence_interval":{"confidence_level":0.95,"lower_bound":138141.62319749594,"upper_bound":229360.333266165},"point_estimate":194351.43599957228,"standard_error":24750.93415566494},"slope":null,"std_dev":{"confidence_interval":{"confidence_level":0.95,"lower_bound":226850.686937239,"upper_bound":424715.1909675446},"point_estimate":332380.1131589251,"standard_error":50705.203254872446}}