{"mean":{"confidence_interval":{"confidence_level":0.95,"lower_bound":3618337.615450002,"upper_bound":3624266.9355500005},"point_estimate":3621315.128,"standard_error":1520.9430883747216},"median":{"confidence_interval":{"confidence_level":0.95,"lower_bound":3618768.2,"upper_bound":3625218.4},"point_estimate":3621715.3,"standard_error":1900.0519877782747},"median_abs_dev":{"confidence_interval":{"confidence_level":0.95,"lower_bound":11156.120021939209,"upper_bound":17376.368211508074},"point_estimate":14392.19098448705,"standard_error":1526.8545517167515},"slope":null,"std_dev":{"confidence_interval":{"confidence_level":0.95,"lower_bound":12830.924932500131,"upper_bound":17440.873097427422},"point_estimate":15252.2962690344,"standard_error":1178.1862436462147}}