{"mean":{"confidence_interval":{"confidence_level":0.95,"lower_bound":3550076.1167500014,"upper_bound":3559905.29445},"point_estimate":3554860.8340000003,"standard_error":2513.7332492628225},"median":{"confidence_interval":{"confidence_level":0.95,"lower_bound":3545251.6,"upper_bound":3557941.3},"point_estimate":3548302.1,"standard_error":3244.3092625623326},"median_abs_dev":{"confidence_interval":{"confidence_level":0.95,"lower_bound":19051.26140177236,"upper_bound":30038.068506717544},"point_estimate":24122.34635174316,"standard_error":2764.0244628435526},"slope":null,"std_dev":{"confidence_interval":{"confidence_level":0.95,"lower_bound":20660.492801940385,"upper_bound":30380.485046320628},"point_estimate":25302.425573271707,"standard_error":2529.0452650344027}}