{"mean":{"confidence_interval":{"confidence_level":0.95,"lower_bound":1901.1259998799876,"upper_bound":2292.11352987801},"point_estimate":2072.5843933516708,"standard_error":100.92796111038892},"median":{"confidence_interval":{"confidence_level":0.95,"lower_bound":1739.6710795243405,"upper_bound":1820.3953666406792},"point_estimate":1769.7505448110917,"standard_error":18.615152019862894},"median_abs_dev":{"confidence_interval":{"confidence_level":0.95,"lower_bound":97.63953855647017,"upper_bound":190.59096450080938},"point_estimate":137.44958728571797,"standard_error":23.14005771109497},"slope":{"confidence_interval":{"confidence_level":0.95,"lower_bound":1699.8532607298102,"upper_bound":1731.2070179927673},"point_estimate":1714.1513564223817,"standard_error":8.008031979056122},"std_dev":{"confidence_interval":{"confidence_level":0.95,"lower_bound":420.8863916515003,"upper_bound":1531.8682386031683},"point_estimate":1016.2774685986238,"standard_error":296.81865216077097}}