{"mean":{"confidence_interval":{"confidence_level":0.95,"lower_bound":1482.9638724604922,"upper_bound":1784.526612200768},"point_estimate":1612.908346429021,"standard_error":77.82403784674464},"median":{"confidence_interval":{"confidence_level":0.95,"lower_bound":1368.1957805907173,"upper_bound":1430.8443908558143},"point_estimate":1382.0022401227466,"standard_error":18.03895871451716},"median_abs_dev":{"confidence_interval":{"confidence_level":0.95,"lower_bound":60.09788532433841,"upper_bound":139.26933445073342},"point_estimate":80.7233379680162,"standard_error":20.415528878296797},"slope":{"confidence_interval":{"confidence_level":0.95,"lower_bound":1345.6424758143185,"upper_bound":1362.7472331786848},"point_estimate":1353.1212300364743,"standard_error":4.368567482693373},"std_dev":{"confidence_interval":{"confidence_level":0.95,"lower_bound":286.6901064611953,"upper_bound":1207.4762462438903},"point_estimate":785.1556530596172,"standard_error":245.28578856978126}}