{"mean":{"confidence_interval":{"confidence_level":0.95,"lower_bound":1980.6731574333012,"upper_bound":2418.628783109824},"point_estimate":2173.816143428363,"standard_error":112.85593528907835},"median":{"confidence_interval":{"confidence_level":0.95,"lower_bound":1785.9563245129398,"upper_bound":1875.0844843462246},"point_estimate":1832.7247741075976,"standard_error":20.011672443449278},"median_abs_dev":{"confidence_interval":{"confidence_level":0.95,"lower_bound":111.79713534558512,"upper_bound":222.1736327196578},"point_estimate":163.69106891592833,"standard_error":26.131257335867822},"slope":{"confidence_interval":{"confidence_level":0.95,"lower_bound":1754.4294031467748,"upper_bound":1787.0793163856047},"point_estimate":1769.3599234885144,"standard_error":8.342705727065493},"std_dev":{"confidence_interval":{"confidence_level":0.95,"lower_bound":478.4568215941516,"upper_bound":1681.2496843986055},"point_estimate":1136.3128060581762,"standard_error":313.4696601995954}}