{"mean":{"confidence_interval":{"confidence_level":0.95,"lower_bound":7003.777317508194,"upper_bound":7212.485067725294},"point_estimate":7097.654325522843,"standard_error":53.60036976141174},"median":{"confidence_interval":{"confidence_level":0.95,"lower_bound":6928.913584183673,"upper_bound":7003.115806322529},"point_estimate":6972.7739668888735,"standard_error":19.96141329956713},"median_abs_dev":{"confidence_interval":{"confidence_level":0.95,"lower_bound":127.5932696929381,"upper_bound":224.85202692644575},"point_estimate":164.93019177193113,"standard_error":24.68490404055316},"slope":{"confidence_interval":{"confidence_level":0.95,"lower_bound":6848.127349075872,"upper_bound":6922.104096001502},"point_estimate":6883.521823032745,"standard_error":18.878673619239496},"std_dev":{"confidence_interval":{"confidence_level":0.95,"lower_bound":283.2249762786139,"upper_bound":771.1153909571634},"point_estimate":540.3400165253953,"standard_error":128.16325529565745}}