{"mean":{"confidence_interval":{"confidence_level":0.95,"lower_bound":1028140.2907083335,"upper_bound":1048180.8572083334},"point_estimate":1037994.5916666667,"standard_error":5104.42099932423},"median":{"confidence_interval":{"confidence_level":0.95,"lower_bound":1022591.2222222222,"upper_bound":1043822.0277777778},"point_estimate":1030855.3611111111,"standard_error":5877.658617312221},"median_abs_dev":{"confidence_interval":{"confidence_level":0.95,"lower_bound":37876.51691089067,"upper_bound":62203.964495658875},"point_estimate":48168.47882817188,"standard_error":6430.6071220094345},"slope":null,"std_dev":{"confidence_interval":{"confidence_level":0.95,"lower_bound":42904.09023386226,"upper_bound":59211.36865502836},"point_estimate":51264.92027794471,"standard_error":4174.760288268536}}