{"mean":{"confidence_interval":{"confidence_level":0.95,"lower_bound":2276980.4332916676,"upper_bound":2279544.45825},"point_estimate":2278257.9458333342,"standard_error":654.2715668789954},"median":{"confidence_interval":{"confidence_level":0.95,"lower_bound":2277453.5833333335,"upper_bound":2279961.5833333335},"point_estimate":2278711.916666667,"standard_error":618.6091702258163},"median_abs_dev":{"confidence_interval":{"confidence_level":0.95,"lower_bound":4052.5634780530763,"upper_bound":7036.1723750832},"point_estimate":5331.305955350859,"standard_error":772.4141477519062},"slope":null,"std_dev":{"confidence_interval":{"confidence_level":0.95,"lower_bound":5512.130742534059,"upper_bound":7516.618944201558},"point_estimate":6563.986335238632,"standard_error":511.57822729852137}}