{"mean":{"confidence_interval":{"confidence_level":0.95,"lower_bound":747269.396390625,"upper_bound":748603.525625},"point_estimate":747911.2725,"standard_error":339.92891089067825},"median":{"confidence_interval":{"confidence_level":0.95,"lower_bound":747272.3125,"upper_bound":748172.3125},"point_estimate":747791.125,"standard_error":246.62860828924332},"median_abs_dev":{"confidence_interval":{"confidence_level":0.95,"lower_bound":1899.7665412724018,"upper_bound":3627.9684668406844},"point_estimate":2571.337998099625,"standard_error":441.6789208998306},"slope":null,"std_dev":{"confidence_interval":{"confidence_level":0.95,"lower_bound":2557.072761745218,"upper_bound":4314.844300304512},"point_estimate":3408.3258266860917,"standard_error":457.65044276486003}}