{"mean":{"confidence_interval":{"confidence_level":0.95,"lower_bound":1418553.3283906248,"upper_bound":1430657.756359375},"point_estimate":1424931.924375,"standard_error":3086.396238014314},"median":{"confidence_interval":{"confidence_level":0.95,"lower_bound":1433385.71875,"upper_bound":1438279.53125},"point_estimate":1435635.75,"standard_error":1302.9431256303194},"median_abs_dev":{"confidence_interval":{"confidence_level":0.95,"lower_bound":7862.594835567288,"upper_bound":16350.529490970075},"point_estimate":11995.345737040043,"standard_error":2292.5421359639167},"slope":null,"std_dev":{"confidence_interval":{"confidence_level":0.95,"lower_bound":22521.82071360704,"upper_bound":38498.77911918888},"point_estimate":30971.188003721207,"standard_error":4077.9182754549875}}