{"mean":{"confidence_interval":{"confidence_level":0.95,"lower_bound":1514376.7092105262,"upper_bound":1536801.414407895},"point_estimate":1525585.3,"standard_error":5703.637779987236},"median":{"confidence_interval":{"confidence_level":0.95,"lower_bound":1510519.9736842103,"upper_bound":1541989.1578947369},"point_estimate":1530267.8157894737,"standard_error":8262.811564558122},"median_abs_dev":{"confidence_interval":{"confidence_level":0.95,"lower_bound":44670.230001681404,"upper_bound":72219.86369678855},"point_estimate":56652.25184685305,"standard_error":6888.029631561548},"slope":null,"std_dev":{"confidence_interval":{"confidence_level":0.95,"lower_bound":49777.81886085799,"upper_bound":63657.45037957401},"point_estimate":57144.65131439596,"standard_error":3544.62816485077}}