{"mean":{"confidence_interval":{"confidence_level":0.95,"lower_bound":2002483.915516666,"upper_bound":2004338.5482833344},"point_estimate":2003391.7959999994,"standard_error":471.63237931155237},"median":{"confidence_interval":{"confidence_level":0.95,"lower_bound":2002011.3666666667,"upper_bound":2004121.4},"point_estimate":2003351.4,"standard_error":608.705037723311},"median_abs_dev":{"confidence_interval":{"confidence_level":0.95,"lower_bound":3064.089365601639,"upper_bound":4833.375989690571},"point_estimate":3840.032771825767,"standard_error":446.18090890942864},"slope":null,"std_dev":{"confidence_interval":{"confidence_level":0.95,"lower_bound":3669.165753514717,"upper_bound":5743.717299026095},"point_estimate":4722.856883619147,"standard_error":533.3256341403334}}