{"mean":{"confidence_interval":{"confidence_level":0.95,"lower_bound":1918451.29421875,"upper_bound":1986859.03},"point_estimate":1951633.140625,"standard_error":17494.538362768246},"median":{"confidence_interval":{"confidence_level":0.95,"lower_bound":1875043.6875,"upper_bound":1917924.6875},"point_estimate":1896996.6875,"standard_error":9747.688592421237},"median_abs_dev":{"confidence_interval":{"confidence_level":0.95,"lower_bound":72628.4028980881,"upper_bound":151224.13169648498},"point_estimate":113932.34088979661,"standard_error":19123.402185194598},"slope":null,"std_dev":{"confidence_interval":{"confidence_level":0.95,"lower_bound":141492.84152888905,"upper_bound":203987.7179082547},"point_estimate":175650.78700107918,"standard_error":15907.953887314747}}