{"mean":{"confidence_interval":{"confidence_level":0.95,"lower_bound":701666.714394737,"upper_bound":703553.0730657895},"point_estimate":702564.2657894739,"standard_error":481.5293832223271},"median":{"confidence_interval":{"confidence_level":0.95,"lower_bound":701232.8421052631,"upper_bound":702580.2894736843},"point_estimate":701788.0526315789,"standard_error":338.80116407053373},"median_abs_dev":{"confidence_interval":{"confidence_level":0.95,"lower_bound":2403.606683643236,"upper_bound":4096.50175885148},"point_estimate":3250.1712686137103,"standard_error":428.8224148614747},"slope":null,"std_dev":{"confidence_interval":{"confidence_level":0.95,"lower_bound":3435.4021369739894,"upper_bound":6303.7148101109415},"point_estimate":4843.056337717259,"standard_error":754.5530294794428}}