{"mean":{"confidence_interval":{"confidence_level":0.95,"lower_bound":885563.1341029413,"upper_bound":887631.3906617648},"point_estimate":886580.9670588239,"standard_error":527.0555667088089},"median":{"confidence_interval":{"confidence_level":0.95,"lower_bound":886001.4117647059,"upper_bound":888154.5882352941},"point_estimate":887125.1470588236,"standard_error":522.7531909383039},"median_abs_dev":{"confidence_interval":{"confidence_level":0.95,"lower_bound":3035.230993172791,"upper_bound":4657.544211429718},"point_estimate":3968.178829550743,"standard_error":412.7823722122155},"slope":null,"std_dev":{"confidence_interval":{"confidence_level":0.95,"lower_bound":3987.2189119557115,"upper_bound":6716.194797722461},"point_estimate":5295.153062029574,"standard_error":716.0099711460241}}