{"mean":{"confidence_interval":{"confidence_level":0.95,"lower_bound":107975.64306697203,"upper_bound":111341.54911994563},"point_estimate":109621.14885309011,"standard_error":860.980388329853},"median":{"confidence_interval":{"confidence_level":0.95,"lower_bound":104943.1,"upper_bound":109707.681640625},"point_estimate":107079.97321428571,"standard_error":1000.6821950593505},"median_abs_dev":{"confidence_interval":{"confidence_level":0.95,"lower_bound":5464.837557479758,"upper_bound":9981.932902004328},"point_estimate":7276.887944747326,"standard_error":1093.2145033443876},"slope":{"confidence_interval":{"confidence_level":0.95,"lower_bound":107895.79994419518,"upper_bound":111671.61097588514},"point_estimate":109730.58878786759,"standard_error":962.3391396550784},"std_dev":{"confidence_interval":{"confidence_level":0.95,"lower_bound":7222.654475518925,"upper_bound":9895.197351222423},"point_estimate":8642.07629234808,"standard_error":682.0817302615606}}