{"mean":{"confidence_interval":{"confidence_level":0.95,"lower_bound":93309.44487437367,"upper_bound":94406.20602195397},"point_estimate":93766.1569615532,"standard_error":285.3430280559654},"median":{"confidence_interval":{"confidence_level":0.95,"lower_bound":92948.9312193126,"upper_bound":93393.23500797448},"point_estimate":93156.85684210526,"standard_error":139.05319020393577},"median_abs_dev":{"confidence_interval":{"confidence_level":0.95,"lower_bound":588.4432364534019,"upper_bound":1038.5608697285263},"point_estimate":777.8262779873411,"standard_error":127.94218959839732},"slope":{"confidence_interval":{"confidence_level":0.95,"lower_bound":92645.18694476348,"upper_bound":92827.49827911874},"point_estimate":92733.24296793262,"standard_error":46.37700043607106},"std_dev":{"confidence_interval":{"confidence_level":0.95,"lower_bound":987.1655906782535,"upper_bound":4503.71740841938},"point_estimate":2843.5845779100937,"standard_error":1028.559595040414}}