{"mean":{"confidence_interval":{"confidence_level":0.95,"lower_bound":127070.9755873481,"upper_bound":129472.53674701654},"point_estimate":128245.77148043898,"standard_error":611.0393555872976},"median":{"confidence_interval":{"confidence_level":0.95,"lower_bound":126394.71044303797,"upper_bound":129110.27777777778},"point_estimate":127335.5454712813,"standard_error":670.4254468974872},"median_abs_dev":{"confidence_interval":{"confidence_level":0.95,"lower_bound":4608.573988806461,"upper_bound":7942.749988465612},"point_estimate":6598.71931546,"standard_error":907.4354219971681},"slope":{"confidence_interval":{"confidence_level":0.95,"lower_bound":126336.60792088628,"upper_bound":129167.9722529812},"point_estimate":127737.79104034284,"standard_error":721.5167059344742},"std_dev":{"confidence_interval":{"confidence_level":0.95,"lower_bound":5093.9890142502145,"upper_bound":7183.0931720671515},"point_estimate":6138.558666751056,"standard_error":537.7640903012333}}