{"mean":{"confidence_interval":{"confidence_level":0.95,"lower_bound":127426.39584578584,"upper_bound":131636.41524383196},"point_estimate":129105.13281747351,"standard_error":1103.9784366513113},"median":{"confidence_interval":{"confidence_level":0.95,"lower_bound":126581.72265048385,"upper_bound":127948.51836734694},"point_estimate":127224.67054818284,"standard_error":313.2966917782622},"median_abs_dev":{"confidence_interval":{"confidence_level":0.95,"lower_bound":1932.9413202288847,"upper_bound":3336.3537665455533},"point_estimate":2616.5023972265744,"standard_error":388.27811133987615},"slope":{"confidence_interval":{"confidence_level":0.95,"lower_bound":126738.17398661718,"upper_bound":128002.91700940284},"point_estimate":127341.17591800545,"standard_error":321.81251647513113},"std_dev":{"confidence_interval":{"confidence_level":0.95,"lower_bound":2883.0547156782495,"upper_bound":18166.131316927727},"point_estimate":11123.930542150189,"standard_error":4701.925605924447}}