{"mean":{"confidence_interval":{"confidence_level":0.95,"lower_bound":92703.77705289415,"upper_bound":95461.19433321031},"point_estimate":93973.24643659388,"standard_error":703.6439782896506},"median":{"confidence_interval":{"confidence_level":0.95,"lower_bound":91498.34027777778,"upper_bound":93301.72},"point_estimate":92247.99611330699,"standard_error":431.1362366887532},"median_abs_dev":{"confidence_interval":{"confidence_level":0.95,"lower_bound":2997.338769031904,"upper_bound":5218.795960282263},"point_estimate":3961.1749393611,"standard_error":593.1740990039517},"slope":{"confidence_interval":{"confidence_level":0.95,"lower_bound":91517.17287918812,"upper_bound":93665.13818043633},"point_estimate":92559.86400502438,"standard_error":547.5731402952512},"std_dev":{"confidence_interval":{"confidence_level":0.95,"lower_bound":4480.575406433353,"upper_bound":9878.240069192312},"point_estimate":7049.084667758798,"standard_error":1540.3931966204395}}