{"mean":{"confidence_interval":{"confidence_level":0.95,"lower_bound":520355029.74300003,"upper_bound":523818829.19425},"point_estimate":521918115.74,"standard_error":891244.7070709844},"median":{"confidence_interval":{"confidence_level":0.95,"lower_bound":519243662.0,"upper_bound":521278756.0},"point_estimate":520198911.5,"standard_error":545247.5335485017},"median_abs_dev":{"confidence_interval":{"confidence_level":0.95,"lower_bound":2612201.789224148,"upper_bound":4377545.438683033},"point_estimate":3329516.27368927,"standard_error":436478.54780854634},"slope":null,"std_dev":{"confidence_interval":{"confidence_level":0.95,"lower_bound":4623880.672820208,"upper_bound":12423846.996372076},"point_estimate":8955461.440179305,"standard_error":1990069.213355599}}