{"mean":{"confidence_interval":{"confidence_level":0.95,"lower_bound":303876731.24325,"upper_bound":304246474.32825},"point_estimate":304060853.07,"standard_error":94186.57068728589},"median":{"confidence_interval":{"confidence_level":0.95,"lower_bound":303724114.0,"upper_bound":304253624.0},"point_estimate":304090403.5,"standard_error":136768.16212259186},"median_abs_dev":{"confidence_interval":{"confidence_level":0.95,"lower_bound":766934.1403841972,"upper_bound":1216286.4708065987},"point_estimate":946614.1376942396,"standard_error":112595.15231877001},"slope":null,"std_dev":{"confidence_interval":{"confidence_level":0.95,"lower_bound":820127.2603572333,"upper_bound":1061885.780820169},"point_estimate":947909.1649008546,"standard_error":61397.0680401771}}