{"mean":{"confidence_interval":{"confidence_level":0.95,"lower_bound":351113432.55175,"upper_bound":352058439.282},"point_estimate":351590196.17,"standard_error":240401.42667071655},"median":{"confidence_interval":{"confidence_level":0.95,"lower_bound":351369871.5,"upper_bound":352351770.5},"point_estimate":351952253.5,"standard_error":250532.83671970596},"median_abs_dev":{"confidence_interval":{"confidence_level":0.95,"lower_bound":1601723.0453362323,"upper_bound":2910441.303409334},"point_estimate":2451712.565973401,"standard_error":322467.64770683774},"slope":null,"std_dev":{"confidence_interval":{"confidence_level":0.95,"lower_bound":2033891.3129873693,"upper_bound":2771496.8557787207},"point_estimate":2413335.161412492,"standard_error":187884.79210777223}}