{"mean":{"confidence_interval":{"confidence_level":0.95,"lower_bound":493524796.92550004,"upper_bound":495076040.86},"point_estimate":494293683.6,"standard_error":396361.6121636156},"median":{"confidence_interval":{"confidence_level":0.95,"lower_bound":492962109.0,"upper_bound":494803684.5},"point_estimate":493878880.0,"standard_error":440947.9694469286},"median_abs_dev":{"confidence_interval":{"confidence_level":0.95,"lower_bound":2544649.3453234434,"upper_bound":4668726.590913534},"point_estimate":3522494.4514632225,"standard_error":538540.3289586375},"slope":null,"std_dev":{"confidence_interval":{"confidence_level":0.95,"lower_bound":3304265.2458859477,"upper_bound":4629665.891471353},"point_estimate":3973686.5259229145,"standard_error":339765.0150908051}}