{"mean":{"confidence_interval":{"confidence_level":0.95,"lower_bound":440338521.92424995,"upper_bound":440813900.049},"point_estimate":440569804.21,"standard_error":121237.70555424968},"median":{"confidence_interval":{"confidence_level":0.95,"lower_bound":440143674.0,"upper_bound":440651947.0},"point_estimate":440381412.0,"standard_error":116156.55230843031},"median_abs_dev":{"confidence_interval":{"confidence_level":0.95,"lower_bound":835417.2493533791,"upper_bound":1511845.7407593727},"point_estimate":1191887.3230397701,"standard_error":177231.51884842184},"slope":null,"std_dev":{"confidence_interval":{"confidence_level":0.95,"lower_bound":972304.7334616611,"upper_bound":1503315.9224492465},"point_estimate":1221909.7133108736,"standard_error":139837.83137786144}}