{"mean":{"confidence_interval":{"confidence_level":0.95,"lower_bound":344347125.04875,"upper_bound":348250515.34924996},"point_estimate":346299760.6,"standard_error":993785.0440577414},"median":{"confidence_interval":{"confidence_level":0.95,"lower_bound":343854399.0,"upper_bound":348276888.0},"point_estimate":346242499.5,"standard_error":1201016.6384239492},"median_abs_dev":{"confidence_interval":{"confidence_level":0.95,"lower_bound":6378996.099150181,"upper_bound":12164932.935029268},"point_estimate":8246554.638594389,"standard_error":1481051.468897833},"slope":null,"std_dev":{"confidence_interval":{"confidence_level":0.95,"lower_bound":8567648.235146208,"upper_bound":11260480.109547874},"point_estimate":9989939.962293612,"standard_error":688460.7987950823}}