{"mean":{"confidence_interval":{"confidence_level":0.95,"lower_bound":536621213.39575,"upper_bound":545016949.7529999},"point_estimate":540718302.89,"standard_error":2142163.1243689354},"median":{"confidence_interval":{"confidence_level":0.95,"lower_bound":534101160.5,"upper_bound":542931315.5},"point_estimate":539585395.5,"standard_error":2714283.042564898},"median_abs_dev":{"confidence_interval":{"confidence_level":0.95,"lower_bound":16485135.113230348,"upper_bound":25124830.786845088},"point_estimate":21738283.339968324,"standard_error":2251504.4675558023},"slope":null,"std_dev":{"confidence_interval":{"confidence_level":0.95,"lower_bound":17596896.554914616,"upper_bound":25507581.82873335},"point_estimate":21565019.12719715,"standard_error":2032473.9274701034}}