{"mean":{"confidence_interval":{"confidence_level":0.95,"lower_bound":442022678.84425,"upper_bound":444742833.64},"point_estimate":443243724.85,"standard_error":697424.5299266423},"median":{"confidence_interval":{"confidence_level":0.95,"lower_bound":441160690.5,"upper_bound":442064281.5},"point_estimate":441467406.0,"standard_error":262867.89559339895},"median_abs_dev":{"confidence_interval":{"confidence_level":0.95,"lower_bound":1158655.5859297514,"upper_bound":1999879.1044950485},"point_estimate":1566640.4118865728,"standard_error":219485.95876632456},"slope":null,"std_dev":{"confidence_interval":{"confidence_level":0.95,"lower_bound":3113664.655795019,"upper_bound":9894933.720748458},"point_estimate":7028046.86745441,"standard_error":1696947.5485680231}}