{"mean":{"confidence_interval":{"confidence_level":0.95,"lower_bound":469555596.21575004,"upper_bound":471999084.4765},"point_estimate":470786967.4,"standard_error":623011.819025094},"median":{"confidence_interval":{"confidence_level":0.95,"lower_bound":468862959.0,"upper_bound":474522347.0},"point_estimate":471652838.5,"standard_error":1715242.601318479},"median_abs_dev":{"confidence_interval":{"confidence_level":0.95,"lower_bound":5578747.196057439,"upper_bound":9811241.762080636},"point_estimate":8286999.965876341,"standard_error":1153576.5785550175},"slope":null,"std_dev":{"confidence_interval":{"confidence_level":0.95,"lower_bound":5723145.056297796,"upper_bound":6701018.723462367},"point_estimate":6262318.652715897,"standard_error":248584.42558477665}}