{"mean":{"confidence_interval":{"confidence_level":0.95,"lower_bound":481667233.82275,"upper_bound":484379366.9745},"point_estimate":482976974.15,"standard_error":690856.142492339},"median":{"confidence_interval":{"confidence_level":0.95,"lower_bound":480435690.0,"upper_bound":484256165.5},"point_estimate":482298623.5,"standard_error":992962.4981892768},"median_abs_dev":{"confidence_interval":{"confidence_level":0.95,"lower_bound":4538489.820125699,"upper_bound":7449565.231543779},"point_estimate":5754894.898930192,"standard_error":739841.5370944986},"slope":null,"std_dev":{"confidence_interval":{"confidence_level":0.95,"lower_bound":5358538.843958369,"upper_bound":8618235.27629361},"point_estimate":6917152.127209954,"standard_error":857913.2867463026}}