{"mean":{"confidence_interval":{"confidence_level":0.95,"lower_bound":343227501.74225,"upper_bound":344600520.85775},"point_estimate":343915459.26,"standard_error":348878.15443197644},"median":{"confidence_interval":{"confidence_level":0.95,"lower_bound":343187512.0,"upper_bound":344908327.0},"point_estimate":343855300.5,"standard_error":395035.3311291997},"median_abs_dev":{"confidence_interval":{"confidence_level":0.95,"lower_bound":2997413.879585266,"upper_bound":4660157.163065672},"point_estimate":3944014.6738797426,"standard_error":396204.09220702056},"slope":null,"std_dev":{"confidence_interval":{"confidence_level":0.95,"lower_bound":3063395.6567657837,"upper_bound":3887256.6080973553},"point_estimate":3498247.19662319,"standard_error":209998.33811777242}}