{"mean":{"confidence_interval":{"confidence_level":0.95,"lower_bound":323009575.07699996,"upper_bound":333341724.129},"point_estimate":328073391.41,"standard_error":2647705.44739755},"median":{"confidence_interval":{"confidence_level":0.95,"lower_bound":315213372.5,"upper_bound":324807352.5},"point_estimate":319244476.0,"standard_error":2533537.437908829},"median_abs_dev":{"confidence_interval":{"confidence_level":0.95,"lower_bound":15564630.432100074,"upper_bound":29414009.560596943},"point_estimate":21370829.832091928,"standard_error":3378423.8578839893},"slope":null,"std_dev":{"confidence_interval":{"confidence_level":0.95,"lower_bound":22869336.933441546,"upper_bound":29822808.445569083},"point_estimate":26634814.50512202,"standard_error":1771023.2117007053}}