{"mean":{"confidence_interval":{"confidence_level":0.95,"lower_bound":453360607.96099997,"upper_bound":454107970.70675004},"point_estimate":453731177.74,"standard_error":190488.24453744016},"median":{"confidence_interval":{"confidence_level":0.95,"lower_bound":453340553.5,"upper_bound":454253146.0},"point_estimate":453748961.0,"standard_error":232799.54287792792},"median_abs_dev":{"confidence_interval":{"confidence_level":0.95,"lower_bound":1439164.2422497272,"upper_bound":2403879.4430226088},"point_estimate":2031450.3296345472,"standard_error":249244.66801725636},"slope":null,"std_dev":{"confidence_interval":{"confidence_level":0.95,"lower_bound":1626174.5915363566,"upper_bound":2186234.899548388},"point_estimate":1914692.433189631,"standard_error":143014.47455205745}}