{"mean":{"confidence_interval":{"confidence_level":0.95,"lower_bound":292797121.41924995,"upper_bound":293758776.85025},"point_estimate":293216127.96,"standard_error":247804.35509382884},"median":{"confidence_interval":{"confidence_level":0.95,"lower_bound":292551695.0,"upper_bound":292953253.0},"point_estimate":292826548.5,"standard_error":106541.58492883167},"median_abs_dev":{"confidence_interval":{"confidence_level":0.95,"lower_bound":918255.7066977024,"upper_bound":1599818.0340975523},"point_estimate":1266077.3670226336,"standard_error":175614.7840837794},"slope":null,"std_dev":{"confidence_interval":{"confidence_level":0.95,"lower_bound":1227263.77784789,"upper_bound":3792192.984080676},"point_estimate":2486912.723537865,"standard_error":779271.9262437208}}