{"mean":{"confidence_interval":{"confidence_level":0.95,"lower_bound":18950.121388798754,"upper_bound":22339.873505565203},"point_estimate":20385.43735867698,"standard_error":876.3936908776357},"median":{"confidence_interval":{"confidence_level":0.95,"lower_bound":17676.694388888885,"upper_bound":18518.08653846154},"point_estimate":18095.179619232338,"standard_error":213.0429308534821},"median_abs_dev":{"confidence_interval":{"confidence_level":0.95,"lower_bound":890.8834620794883,"upper_bound":1904.4568894925978},"point_estimate":1369.678356561059,"standard_error":261.31463732841087},"slope":{"confidence_interval":{"confidence_level":0.95,"lower_bound":17484.959869031707,"upper_bound":17842.515325280692},"point_estimate":17648.87374242648,"standard_error":91.25732397136419},"std_dev":{"confidence_interval":{"confidence_level":0.95,"lower_bound":3092.3761106322854,"upper_bound":13728.567820657512},"point_estimate":8805.186951424892,"standard_error":2990.0451204575934}}