{"mean":{"confidence_interval":{"confidence_level":0.95,"lower_bound":7825.829194546611,"upper_bound":8936.259631465966},"point_estimate":8290.989431582962,"standard_error":287.81235150140867},"median":{"confidence_interval":{"confidence_level":0.95,"lower_bound":7460.461297052765,"upper_bound":7660.929487179487},"point_estimate":7519.478844793435,"standard_error":48.607466615657565},"median_abs_dev":{"confidence_interval":{"confidence_level":0.95,"lower_bound":261.4657627710611,"upper_bound":508.3215761111188},"point_estimate":369.96568959925463,"standard_error":60.67535580143563},"slope":{"confidence_interval":{"confidence_level":0.95,"lower_bound":7352.340289210296,"upper_bound":7423.872440545136},"point_estimate":7383.81774527236,"standard_error":18.333819568877487},"std_dev":{"confidence_interval":{"confidence_level":0.95,"lower_bound":970.57598862949,"upper_bound":4554.787558631147},"point_estimate":2890.749881247583,"standard_error":1003.2275749880238}}