{"mean":{"confidence_interval":{"confidence_level":0.95,"lower_bound":10736.666795026595,"upper_bound":11958.829760595227},"point_estimate":11249.921793871175,"standard_error":316.6830662450475},"median":{"confidence_interval":{"confidence_level":0.95,"lower_bound":10264.531964285714,"upper_bound":10693.6845},"point_estimate":10441.000192604006,"standard_error":105.94475938827537},"median_abs_dev":{"confidence_interval":{"confidence_level":0.95,"lower_bound":516.7448348964532,"upper_bound":948.7385038419949},"point_estimate":659.9856302078657,"standard_error":113.30615530785495},"slope":{"confidence_interval":{"confidence_level":0.95,"lower_bound":10096.531258242741,"upper_bound":10316.191609871179},"point_estimate":10198.616556287867,"standard_error":56.12654849951819},"std_dev":{"confidence_interval":{"confidence_level":0.95,"lower_bound":1178.3099970179055,"upper_bound":4990.724822705345},"point_estimate":3180.281908659945,"standard_error":1106.6442385198661}}