{"mean":{"confidence_interval":{"confidence_level":0.95,"lower_bound":12123.126126953613,"upper_bound":13993.800158332384},"point_estimate":12926.89795659852,"standard_error":481.82592650172114},"median":{"confidence_interval":{"confidence_level":0.95,"lower_bound":11360.271289506498,"upper_bound":11838.851506456242},"point_estimate":11593.82367080247,"standard_error":120.86642134536173},"median_abs_dev":{"confidence_interval":{"confidence_level":0.95,"lower_bound":482.38797198524816,"upper_bound":1076.7603991675842},"point_estimate":792.002243606243,"standard_error":149.29127897675286},"slope":{"confidence_interval":{"confidence_level":0.95,"lower_bound":11261.241608509688,"upper_bound":11542.182889667387},"point_estimate":11388.79301571111,"standard_error":71.60859559000569},"std_dev":{"confidence_interval":{"confidence_level":0.95,"lower_bound":1662.3724622782315,"upper_bound":7363.670711444784},"point_estimate":4843.551489041924,"standard_error":1505.6700772978586}}