{"mean":{"confidence_interval":{"confidence_level":0.95,"lower_bound":10837.137546223295,"upper_bound":12392.845852575183},"point_estimate":11499.20260452205,"standard_error":402.2573385689279},"median":{"confidence_interval":{"confidence_level":0.95,"lower_bound":10192.79767917268,"upper_bound":10772.52089625122},"point_estimate":10475.859126984127,"standard_error":164.16281631015596},"median_abs_dev":{"confidence_interval":{"confidence_level":0.95,"lower_bound":688.1595061686974,"upper_bound":1361.1386103872803},"point_estimate":987.081384163836,"standard_error":167.3794074805549},"slope":{"confidence_interval":{"confidence_level":0.95,"lower_bound":9962.066879237926,"upper_bound":10235.91319077654},"point_estimate":10087.558916637932,"standard_error":70.1497405501174},"std_dev":{"confidence_interval":{"confidence_level":0.95,"lower_bound":1591.8937217370938,"upper_bound":6263.790904304789},"point_estimate":4029.1477904319586,"standard_error":1345.1290508695279}}