{"mean":{"confidence_interval":{"confidence_level":0.95,"lower_bound":7107.015835023645,"upper_bound":8046.187801221523},"point_estimate":7499.661797699571,"standard_error":243.81498235853215},"median":{"confidence_interval":{"confidence_level":0.95,"lower_bound":6787.524378109452,"upper_bound":6941.407907577497},"point_estimate":6858.2720075608795,"standard_error":39.467156318994284},"median_abs_dev":{"confidence_interval":{"confidence_level":0.95,"lower_bound":175.4044490822022,"upper_bound":372.23275072369086},"point_estimate":274.52476133813656,"standard_error":51.84315379960809},"slope":{"confidence_interval":{"confidence_level":0.95,"lower_bound":6727.798642210793,"upper_bound":6779.552505266713},"point_estimate":6750.529957167024,"standard_error":13.22262545704953},"std_dev":{"confidence_interval":{"confidence_level":0.95,"lower_bound":782.2751363598696,"upper_bound":3867.8173325474613},"point_estimate":2444.6218149998804,"standard_error":871.5423036248767}}