{"mean":{"confidence_interval":{"confidence_level":0.95,"lower_bound":8345.54625045782,"upper_bound":9647.104745347524},"point_estimate":8890.55571451282,"standard_error":338.81903500212024},"median":{"confidence_interval":{"confidence_level":0.95,"lower_bound":8028.465110811574,"upper_bound":8334.481156595191},"point_estimate":8220.437235859255,"standard_error":77.87585232593025},"median_abs_dev":{"confidence_interval":{"confidence_level":0.95,"lower_bound":535.9751967782918,"upper_bound":1008.020169577009},"point_estimate":797.5146441384112,"standard_error":130.80633461046438},"slope":{"confidence_interval":{"confidence_level":0.95,"lower_bound":7658.993266657239,"upper_bound":7905.605469042841},"point_estimate":7774.611866721629,"standard_error":62.95254673028096},"std_dev":{"confidence_interval":{"confidence_level":0.95,"lower_bound":1116.3866514989552,"upper_bound":5403.335598149696},"point_estimate":3411.0157862771534,"standard_error":1227.6112202934523}}