{"mean":{"confidence_interval":{"confidence_level":0.95,"lower_bound":13998.668666640262,"upper_bound":16257.610481672169},"point_estimate":14954.943506022348,"standard_error":585.5448030730128},"median":{"confidence_interval":{"confidence_level":0.95,"lower_bound":13217.996785714286,"upper_bound":13543.28906882591},"point_estimate":13388.250020458265,"standard_error":85.16953252272785},"median_abs_dev":{"confidence_interval":{"confidence_level":0.95,"lower_bound":430.0206426088998,"upper_bound":897.3148517827858},"point_estimate":686.6660102115379,"standard_error":117.1265590174416},"slope":{"confidence_interval":{"confidence_level":0.95,"lower_bound":13056.01670728858,"upper_bound":13175.840432420573},"point_estimate":13108.813722920053,"standard_error":30.581702590653947},"std_dev":{"confidence_interval":{"confidence_level":0.95,"lower_bound":1962.6073641426487,"upper_bound":9234.30067719278},"point_estimate":5887.648605958756,"standard_error":2035.7259119996909}}