{"mean":{"confidence_interval":{"confidence_level":0.95,"lower_bound":11477.221994333753,"upper_bound":13225.383591362772},"point_estimate":12207.35498323561,"standard_error":451.8485111689928},"median":{"confidence_interval":{"confidence_level":0.95,"lower_bound":10847.610562865497,"upper_bound":11171.008701801671},"point_estimate":10993.664243344909,"standard_error":74.77593881977077},"median_abs_dev":{"confidence_interval":{"confidence_level":0.95,"lower_bound":340.89458389408856,"upper_bound":744.4107717709938},"point_estimate":518.0787010418959,"standard_error":100.40885218361828},"slope":{"confidence_interval":{"confidence_level":0.95,"lower_bound":10734.654122505903,"upper_bound":10827.015280059342},"point_estimate":10775.26758010689,"standard_error":23.533571060658495},"std_dev":{"confidence_interval":{"confidence_level":0.95,"lower_bound":1529.7867223300439,"upper_bound":7134.612557609469},"point_estimate":4531.191203644695,"standard_error":1569.6459600072285}}