{"mean":{"confidence_interval":{"confidence_level":0.95,"lower_bound":415374403.23575,"upper_bound":421696591.2615},"point_estimate":418485747.74,"standard_error":1614072.8731719917},"median":{"confidence_interval":{"confidence_level":0.95,"lower_bound":406119927.0,"upper_bound":423291937.0},"point_estimate":413958103.5,"standard_error":4569407.730370963},"median_abs_dev":{"confidence_interval":{"confidence_level":0.95,"lower_bound":5920158.835396171,"upper_bound":26602129.72431779},"point_estimate":14933457.841578126,"standard_error":5199603.948500743},"slope":null,"std_dev":{"confidence_interval":{"confidence_level":0.95,"lower_bound":14331396.236404715,"upper_bound":17626916.849412456},"point_estimate":16176511.190721126,"standard_error":842713.7762656846}}