{"mean":{"confidence_interval":{"confidence_level":0.95,"lower_bound":411646278.48475003,"upper_bound":415109074.92675},"point_estimate":413323787.26,"standard_error":882623.496091839},"median":{"confidence_interval":{"confidence_level":0.95,"lower_bound":408900848.0,"upper_bound":411510575.5},"point_estimate":410502298.5,"standard_error":698345.3159160228},"median_abs_dev":{"confidence_interval":{"confidence_level":0.95,"lower_bound":4493254.212328792,"upper_bound":7871111.399459839},"point_estimate":6156575.709798932,"standard_error":884373.9469827494},"slope":null,"std_dev":{"confidence_interval":{"confidence_level":0.95,"lower_bound":7627944.344507012,"upper_bound":9827093.541828636},"point_estimate":8873351.828985127,"standard_error":563068.5299358985}}