{"mean":{"confidence_interval":{"confidence_level":0.95,"lower_bound":415081996.96424997,"upper_bound":422284988.98},"point_estimate":418669334.84,"standard_error":1823843.6694476432},"median":{"confidence_interval":{"confidence_level":0.95,"lower_bound":409266827.0,"upper_bound":420820177.0},"point_estimate":414558714.5,"standard_error":2880236.5307274344},"median_abs_dev":{"confidence_interval":{"confidence_level":0.95,"lower_bound":15461485.822203755,"upper_bound":28157428.24640572},"point_estimate":22406547.486904263,"standard_error":3384604.6475080927},"slope":null,"std_dev":{"confidence_interval":{"confidence_level":0.95,"lower_bound":16537494.415637888,"upper_bound":19613103.97159778},"point_estimate":18257706.72392158,"standard_error":780975.0814357279}}