{"mean":{"confidence_interval":{"confidence_level":0.95,"lower_bound":430239777.9795,"upper_bound":436715440.41},"point_estimate":433529689.35,"standard_error":1647747.9929768357},"median":{"confidence_interval":{"confidence_level":0.95,"lower_bound":434179443.5,"upper_bound":441457758.0},"point_estimate":439630069.0,"standard_error":1742990.705772612},"median_abs_dev":{"confidence_interval":{"confidence_level":0.95,"lower_bound":7533346.752198862,"upper_bound":18240747.23591696},"point_estimate":10755583.778250217,"standard_error":2728116.4117442495},"slope":null,"std_dev":{"confidence_interval":{"confidence_level":0.95,"lower_bound":14204199.437547129,"upper_bound":18481520.04284876},"point_estimate":16515859.265320053,"standard_error":1087759.3359257057}}