{"mean":{"confidence_interval":{"confidence_level":0.95,"lower_bound":215017625.06525,"upper_bound":216988771.15074998},"point_estimate":215904554.29,"standard_error":504453.898161334},"median":{"confidence_interval":{"confidence_level":0.95,"lower_bound":214489781.5,"upper_bound":215737251.0},"point_estimate":215136994.5,"standard_error":293004.8708011795},"median_abs_dev":{"confidence_interval":{"confidence_level":0.95,"lower_bound":1836895.7589060816,"upper_bound":3132998.38847816},"point_estimate":2426955.370312929,"standard_error":309877.63849822816},"slope":null,"std_dev":{"confidence_interval":{"confidence_level":0.95,"lower_bound":2795034.3119826866,"upper_bound":7402729.68318743},"point_estimate":5054273.308076916,"standard_error":1318091.4017638874}}