{"mean":{"confidence_interval":{"confidence_level":0.95,"lower_bound":241253968.618,"upper_bound":242564734.2555},"point_estimate":241902180.74,"standard_error":332902.5020366859},"median":{"confidence_interval":{"confidence_level":0.95,"lower_bound":240749599.5,"upper_bound":242157045.0},"point_estimate":241170813.0,"standard_error":344015.3824187564},"median_abs_dev":{"confidence_interval":{"confidence_level":0.95,"lower_bound":1923766.8696463108,"upper_bound":3717500.8260011673},"point_estimate":2546353.593993187,"standard_error":468274.0819951232},"slope":null,"std_dev":{"confidence_interval":{"confidence_level":0.95,"lower_bound":2760630.4019358824,"upper_bound":3863007.6265109763},"point_estimate":3331554.226602197,"standard_error":281789.93351960386}}