{"mean":{"confidence_interval":{"confidence_level":0.95,"lower_bound":416832970.4405,"upper_bound":420679653.04775},"point_estimate":418724180.92,"standard_error":980452.0643342384},"median":{"confidence_interval":{"confidence_level":0.95,"lower_bound":413705011.0,"upper_bound":416642395.0},"point_estimate":414703375.5,"standard_error":752555.7568908192},"median_abs_dev":{"confidence_interval":{"confidence_level":0.95,"lower_bound":3638256.5987080336,"upper_bound":9626096.030240083},"point_estimate":5820468.071866035,"standard_error":1612891.364343582},"slope":null,"std_dev":{"confidence_interval":{"confidence_level":0.95,"lower_bound":8664827.53119427,"upper_bound":10756270.053379245},"point_estimate":9796075.745658292,"standard_error":532497.4801693683}}