{"mean":{"confidence_interval":{"confidence_level":0.95,"lower_bound":427986402.43375003,"upper_bound":433257032.76675004},"point_estimate":430603406.75,"standard_error":1342440.3459137182},"median":{"confidence_interval":{"confidence_level":0.95,"lower_bound":427627635.0,"upper_bound":433787197.0},"point_estimate":430391391.5,"standard_error":1602284.918355175},"median_abs_dev":{"confidence_interval":{"confidence_level":0.95,"lower_bound":8851954.786058892,"upper_bound":15852726.905357838},"point_estimate":12541053.72235179,"standard_error":1782943.5309195886},"slope":null,"std_dev":{"confidence_interval":{"confidence_level":0.95,"lower_bound":11574497.40387914,"upper_bound":15063060.877324961},"point_estimate":13439642.72816685,"standard_error":889576.5985195811}}