{"mean":{"confidence_interval":{"confidence_level":0.95,"lower_bound":520671.5710511504,"upper_bound":522440.72936479317},"point_estimate":521616.7015230166,"standard_error":450.8316091161056},"median":{"confidence_interval":{"confidence_level":0.95,"lower_bound":521637.8301886792,"upper_bound":522753.234375},"point_estimate":522282.4843137255,"standard_error":284.5595852234414},"median_abs_dev":{"confidence_interval":{"confidence_level":0.95,"lower_bound":1442.58260687699,"upper_bound":2722.238876670599},"point_estimate":2199.4462430036915,"standard_error":301.3330550347569},"slope":{"confidence_interval":{"confidence_level":0.95,"lower_bound":523014.7256878957,"upper_bound":524850.627310906},"point_estimate":523769.44492389535,"standard_error":500.7965521097015},"std_dev":{"confidence_interval":{"confidence_level":0.95,"lower_bound":2401.0672105496783,"upper_bound":6495.928274115369},"point_estimate":4532.57439085485,"standard_error":1071.1502289368666}}