{"mean":{"confidence_interval":{"confidence_level":0.95,"lower_bound":1106987.4952923178,"upper_bound":1115754.917640449},"point_estimate":1111376.5740603737,"standard_error":2243.8089058676014},"median":{"confidence_interval":{"confidence_level":0.95,"lower_bound":1106189.5666666667,"upper_bound":1117358.0694444445},"point_estimate":1113146.0714285714,"standard_error":2595.3401862647415},"median_abs_dev":{"confidence_interval":{"confidence_level":0.95,"lower_bound":19054.27998589013,"upper_bound":29710.669831983894},"point_estimate":24275.74921294076,"standard_error":2657.1273569124382},"slope":{"confidence_interval":{"confidence_level":0.95,"lower_bound":1108465.3809803315,"upper_bound":1119282.7401740698},"point_estimate":1113995.2275838628,"standard_error":2765.0551147190554},"std_dev":{"confidence_interval":{"confidence_level":0.95,"lower_bound":19670.714251342226,"upper_bound":25087.062044017905},"point_estimate":22533.597497105395,"standard_error":1384.0471383281276}}