{"mean":{"confidence_interval":{"confidence_level":0.95,"lower_bound":1047814.4913966239,"upper_bound":1079819.2026535792},"point_estimate":1061599.9702430258,"standard_error":8219.04144963397},"median":{"confidence_interval":{"confidence_level":0.95,"lower_bound":1043163.25,"upper_bound":1058395.3896069287},"point_estimate":1050966.1589026914,"standard_error":3571.2369581509697},"median_abs_dev":{"confidence_interval":{"confidence_level":0.95,"lower_bound":35097.31686132259,"upper_bound":55453.81294713978},"point_estimate":45991.10244299461,"standard_error":5115.8761298383115},"slope":{"confidence_interval":{"confidence_level":0.95,"lower_bound":1058886.1813917665,"upper_bound":1077471.3974531335},"point_estimate":1068017.311106842,"standard_error":4754.555442139485},"std_dev":{"confidence_interval":{"confidence_level":0.95,"lower_bound":39503.43599439055,"upper_bound":126322.68539974894},"point_estimate":82264.59923108738,"standard_error":26302.99537411413}}