{"mean":{"confidence_interval":{"confidence_level":0.95,"lower_bound":596176.7767887528,"upper_bound":600325.4855850013},"point_estimate":598291.832958713,"standard_error":1055.1035458041674},"median":{"confidence_interval":{"confidence_level":0.95,"lower_bound":596708.0,"upper_bound":603052.9107142857},"point_estimate":600363.6979166667,"standard_error":1680.5650484157566},"median_abs_dev":{"confidence_interval":{"confidence_level":0.95,"lower_bound":7873.377466449397,"upper_bound":12314.466797900788},"point_estimate":9749.111025668606,"standard_error":1117.7604080694882},"slope":{"confidence_interval":{"confidence_level":0.95,"lower_bound":604034.1662207029,"upper_bound":606611.2268858821},"point_estimate":605436.3392818088,"standard_error":657.0301844787642},"std_dev":{"confidence_interval":{"confidence_level":0.95,"lower_bound":8771.587893065453,"upper_bound":12284.181846522948},"point_estimate":10601.422470158295,"standard_error":896.1009421733341}}