{"mean":{"confidence_interval":{"confidence_level":0.95,"lower_bound":26078089.513,"upper_bound":26501205.530625},"point_estimate":26282812.875,"standard_error":107981.89197963732},"median":{"confidence_interval":{"confidence_level":0.95,"lower_bound":25985723.0,"upper_bound":26378517.5},"point_estimate":26183470.25,"standard_error":83329.31113644465},"median_abs_dev":{"confidence_interval":{"confidence_level":0.95,"lower_bound":594588.3427539469,"upper_bound":1010749.1886556149},"point_estimate":813973.7016990781,"standard_error":105593.39630706841},"slope":null,"std_dev":{"confidence_interval":{"confidence_level":0.95,"lower_bound":797115.3117206482,"upper_bound":1347601.4714640763},"point_estimate":1083951.350605304,"standard_error":141203.67039792132}}