{"mean":{"confidence_interval":{"confidence_level":0.95,"lower_bound":3847071.7723076916,"upper_bound":3914100.5622884617},"point_estimate":3878852.256923077,"standard_error":17121.000222767925},"median":{"confidence_interval":{"confidence_level":0.95,"lower_bound":3812768.0384615385,"upper_bound":3866549.5384615385},"point_estimate":3840252.923076923,"standard_error":14147.400727285834},"median_abs_dev":{"confidence_interval":{"confidence_level":0.95,"lower_bound":82484.39251253229,"upper_bound":150428.95274358278},"point_estimate":99957.06129463835,"standard_error":17309.61866601531},"slope":null,"std_dev":{"confidence_interval":{"confidence_level":0.95,"lower_bound":121579.94453920696,"upper_bound":220671.03821933232},"point_estimate":171996.64644383214,"standard_error":25614.31195540657}}