{"mean":{"confidence_interval":{"confidence_level":0.95,"lower_bound":2958600.1908235303,"upper_bound":2966193.107029413},"point_estimate":2962293.1811764725,"standard_error":1943.8258084768913},"median":{"confidence_interval":{"confidence_level":0.95,"lower_bound":2953396.2352941176,"upper_bound":2963887.7647058824},"point_estimate":2958740.5,"standard_error":2986.0582506255373},"median_abs_dev":{"confidence_interval":{"confidence_level":0.95,"lower_bound":12750.665014807017,"upper_bound":20896.28729960451},"point_estimate":15567.561358914594,"standard_error":2186.616584428945},"slope":null,"std_dev":{"confidence_interval":{"confidence_level":0.95,"lower_bound":15427.043147894045,"upper_bound":23197.010256015372},"point_estimate":19493.956901060086,"standard_error":1991.3821200894133}}