{"mean":{"confidence_interval":{"confidence_level":0.95,"lower_bound":3237861.482671875,"upper_bound":3363701.620625},"point_estimate":3297421.755,"standard_error":32164.04262613997},"median":{"confidence_interval":{"confidence_level":0.95,"lower_bound":3181315.3125,"upper_bound":3315155.96875},"point_estimate":3257901.5,"standard_error":35642.50432996767},"median_abs_dev":{"confidence_interval":{"confidence_level":0.95,"lower_bound":188744.05757412314,"upper_bound":296797.0556057986},"point_estimate":231573.6372699961,"standard_error":27354.083281658717},"slope":null,"std_dev":{"confidence_interval":{"confidence_level":0.95,"lower_bound":233796.30905186574,"upper_bound":410326.8750687089},"point_estimate":323754.1604009646,"standard_error":45476.44270825141}}