{"mean":{"confidence_interval":{"confidence_level":0.95,"lower_bound":17149.60492876302,"upper_bound":17675.154990252446},"point_estimate":17370.017403591144,"standard_error":136.99804767858274},"median":{"confidence_interval":{"confidence_level":0.95,"lower_bound":16984.804848484848,"upper_bound":17059.59453216374},"point_estimate":17017.005497597806,"standard_error":20.12690845966339},"median_abs_dev":{"confidence_interval":{"confidence_level":0.95,"lower_bound":108.65457235141147,"upper_bound":216.84775344804842},"point_estimate":148.82187126474645,"standard_error":26.522891500138876},"slope":{"confidence_interval":{"confidence_level":0.95,"lower_bound":16943.883602805072,"upper_bound":16990.529379319247},"point_estimate":16966.529880833456,"standard_error":11.968065350268878},"std_dev":{"confidence_interval":{"confidence_level":0.95,"lower_bound":449.0741615391872,"upper_bound":2182.4235716524345},"point_estimate":1379.495088923785,"standard_error":496.3789466298184}}