{"mean":{"confidence_interval":{"confidence_level":0.95,"lower_bound":241013.45357763447,"upper_bound":248138.2218618904},"point_estimate":244361.43425892628,"standard_error":1822.8390295147194},"median":{"confidence_interval":{"confidence_level":0.95,"lower_bound":239599.92127659573,"upper_bound":245762.26871657756},"point_estimate":242662.73128019323,"standard_error":1617.4908665181351},"median_abs_dev":{"confidence_interval":{"confidence_level":0.95,"lower_bound":9522.795088038878,"upper_bound":16954.47171393912},"point_estimate":14163.413646380812,"standard_error":1962.6583774653204},"slope":{"confidence_interval":{"confidence_level":0.95,"lower_bound":236265.71374588198,"upper_bound":242091.99770036314},"point_estimate":239151.21238599083,"standard_error":1489.9582599033452},"std_dev":{"confidence_interval":{"confidence_level":0.95,"lower_bound":11961.134176681968,"upper_bound":24044.772820034163},"point_estimate":18348.29874355626,"standard_error":3096.514688387886}}