{"mean":{"confidence_interval":{"confidence_level":0.95,"lower_bound":236632.11243959152,"upper_bound":240858.87372454532},"point_estimate":238546.78749670292,"standard_error":1085.5106653028208},"median":{"confidence_interval":{"confidence_level":0.95,"lower_bound":238267.09069767443,"upper_bound":240237.53636363638},"point_estimate":239226.79395348835,"standard_error":480.7250008547217},"median_abs_dev":{"confidence_interval":{"confidence_level":0.95,"lower_bound":2669.242386476096,"upper_bound":5351.349883327896},"point_estimate":3827.383488249461,"standard_error":672.6110894264611},"slope":{"confidence_interval":{"confidence_level":0.95,"lower_bound":239163.5278564709,"upper_bound":240181.0040902223},"point_estimate":239681.93221043298,"standard_error":260.9916638998303},"std_dev":{"confidence_interval":{"confidence_level":0.95,"lower_bound":5421.99688214752,"upper_bound":15690.198324459783},"point_estimate":10863.082049168866,"standard_error":2707.9097609507266}}