{"mean":{"confidence_interval":{"confidence_level":0.95,"lower_bound":235656.56401846505,"upper_bound":241127.1361450978},"point_estimate":238236.8905876615,"standard_error":1390.248895927646},"median":{"confidence_interval":{"confidence_level":0.95,"lower_bound":233811.07272727272,"upper_bound":238566.3574468085},"point_estimate":235458.99047619046,"standard_error":1369.276326691605},"median_abs_dev":{"confidence_interval":{"confidence_level":0.95,"lower_bound":6534.2235865213925,"upper_bound":13069.421430977858},"point_estimate":10571.840090694657,"standard_error":1683.9938908000552},"slope":{"confidence_interval":{"confidence_level":0.95,"lower_bound":239173.96224078603,"upper_bound":244355.43351699357},"point_estimate":241686.70052667355,"standard_error":1324.7031457792762},"std_dev":{"confidence_interval":{"confidence_level":0.95,"lower_bound":9941.476567949883,"upper_bound":18699.930305471295},"point_estimate":13983.100101705195,"standard_error":2412.5628417683747}}