{"mean":{"confidence_interval":{"confidence_level":0.95,"lower_bound":280312.5148441444,"upper_bound":287469.79309279594},"point_estimate":283750.1808276717,"standard_error":1826.2270768556143},"median":{"confidence_interval":{"confidence_level":0.95,"lower_bound":280526.5763888889,"upper_bound":288240.5652173913},"point_estimate":285018.8919352044,"standard_error":1948.4346299615675},"median_abs_dev":{"confidence_interval":{"confidence_level":0.95,"lower_bound":9893.840129837034,"upper_bound":16382.678965399313},"point_estimate":13284.723881792868,"standard_error":1732.9923503303633},"slope":{"confidence_interval":{"confidence_level":0.95,"lower_bound":286397.0728101547,"upper_bound":290778.67180144216},"point_estimate":288676.5448965568,"standard_error":1120.841076557258},"std_dev":{"confidence_interval":{"confidence_level":0.95,"lower_bound":12547.191975020243,"upper_bound":24574.437435118052},"point_estimate":18345.559865606163,"standard_error":3188.120960920761}}