{"mean":{"confidence_interval":{"confidence_level":0.95,"lower_bound":243499.084866883,"upper_bound":250379.510499545},"point_estimate":246674.14566064437,"standard_error":1757.8581812360844},"median":{"confidence_interval":{"confidence_level":0.95,"lower_bound":242758.31866708124,"upper_bound":247656.8207070707},"point_estimate":245707.58341733873,"standard_error":1022.0212088602765},"median_abs_dev":{"confidence_interval":{"confidence_level":0.95,"lower_bound":8275.87882418864,"upper_bound":13184.41550748019},"point_estimate":10617.083555997711,"standard_error":1224.7850610452417},"slope":{"confidence_interval":{"confidence_level":0.95,"lower_bound":246224.13409843747,"upper_bound":250586.04937378367},"point_estimate":248390.88734224916,"standard_error":1115.058449806076},"std_dev":{"confidence_interval":{"confidence_level":0.95,"lower_bound":11041.955623154994,"upper_bound":24960.0327548718},"point_estimate":17662.35778212006,"standard_error":3900.131925678398}}