{"mean":{"confidence_interval":{"confidence_level":0.95,"lower_bound":10149.558942710568,"upper_bound":10508.792280075062},"point_estimate":10298.537693684351,"standard_error":93.04959528116163},"median":{"confidence_interval":{"confidence_level":0.95,"lower_bound":10039.02547879617,"upper_bound":10112.660768452983},"point_estimate":10058.105992844365,"standard_error":21.358988850647187},"median_abs_dev":{"confidence_interval":{"confidence_level":0.95,"lower_bound":95.59757401137968,"upper_bound":179.00335486025065},"point_estimate":126.29537979537531,"standard_error":20.751125822807428},"slope":{"confidence_interval":{"confidence_level":0.95,"lower_bound":10001.40481517002,"upper_bound":10031.927611775729},"point_estimate":10015.81712558552,"standard_error":7.818211367153936},"std_dev":{"confidence_interval":{"confidence_level":0.95,"lower_bound":300.2036649445458,"upper_bound":1477.2578832326935},"point_estimate":932.6142214741195,"standard_error":337.5040058006318}}