{"mean":{"confidence_interval":{"confidence_level":0.95,"lower_bound":9764.636536605543,"upper_bound":10152.057258695475},"point_estimate":9927.419130873397,"standard_error":100.4303997781263},"median":{"confidence_interval":{"confidence_level":0.95,"lower_bound":9641.60043366844,"upper_bound":9707.92504891274},"point_estimate":9656.779818198986,"standard_error":21.373749265235904},"median_abs_dev":{"confidence_interval":{"confidence_level":0.95,"lower_bound":79.04798543676995,"upper_bound":158.02763858919343},"point_estimate":102.27003336104764,"standard_error":21.21534605466396},"slope":{"confidence_interval":{"confidence_level":0.95,"lower_bound":9611.779629723014,"upper_bound":9636.199535819842},"point_estimate":9622.959145788467,"standard_error":6.196157542854122},"std_dev":{"confidence_interval":{"confidence_level":0.95,"lower_bound":320.07400208360025,"upper_bound":1597.8665653277994},"point_estimate":1011.2385985457684,"standard_error":359.2444651105371}}