{"mean":{"confidence_interval":{"confidence_level":0.95,"lower_bound":13492.197084169884,"upper_bound":14016.51106119122},"point_estimate":13731.892434200405,"standard_error":134.645231554314},"median":{"confidence_interval":{"confidence_level":0.95,"lower_bound":13188.264136904761,"upper_bound":13541.59038052721},"point_estimate":13369.47880926724,"standard_error":93.78386247175905},"median_abs_dev":{"confidence_interval":{"confidence_level":0.95,"lower_bound":465.65762622532486,"upper_bound":838.9830519771904},"point_estimate":670.2874193500194,"standard_error":94.95879713577435},"slope":{"confidence_interval":{"confidence_level":0.95,"lower_bound":13236.764053651996,"upper_bound":13542.376940025448},"point_estimate":13384.093766809518,"standard_error":77.98567815385313},"std_dev":{"confidence_interval":{"confidence_level":0.95,"lower_bound":782.5179123919011,"upper_bound":1883.9009982151792},"point_estimate":1347.0534586885806,"standard_error":290.0939578357028}}