{"mean":{"confidence_interval":{"confidence_level":0.95,"lower_bound":20017.343368489976,"upper_bound":21173.294342838864},"point_estimate":20503.28834338447,"standard_error":299.140677111165},"median":{"confidence_interval":{"confidence_level":0.95,"lower_bound":19648.71906354515,"upper_bound":19898.246376019815},"point_estimate":19726.311807126694,"standard_error":63.22347446815097},"median_abs_dev":{"confidence_interval":{"confidence_level":0.95,"lower_bound":324.75034636609416,"upper_bound":611.3670450634713},"point_estimate":417.0964351918843,"standard_error":77.25901008961945},"slope":{"confidence_interval":{"confidence_level":0.95,"lower_bound":19493.886630247394,"upper_bound":19606.016609375572},"point_estimate":19547.18747496334,"standard_error":28.575042612524808},"std_dev":{"confidence_interval":{"confidence_level":0.95,"lower_bound":1015.2133643618389,"upper_bound":4712.089925351177},"point_estimate":2992.5881056956587,"standard_error":1041.822976475697}}