{"mean":{"confidence_interval":{"confidence_level":0.95,"lower_bound":10058.614248961841,"upper_bound":10419.50972798275},"point_estimate":10208.808208184286,"standard_error":94.27279710539601},"median":{"confidence_interval":{"confidence_level":0.95,"lower_bound":9948.81218992248,"upper_bound":9992.278675601103},"point_estimate":9968.184800664452,"standard_error":11.84015614996551},"median_abs_dev":{"confidence_interval":{"confidence_level":0.95,"lower_bound":72.85209390280237,"upper_bound":146.64128174280125},"point_estimate":104.07867669311028,"standard_error":17.7940042223727},"slope":{"confidence_interval":{"confidence_level":0.95,"lower_bound":9913.912447486977,"upper_bound":9938.002110969714},"point_estimate":9924.880669528251,"standard_error":6.149381784875661},"std_dev":{"confidence_interval":{"confidence_level":0.95,"lower_bound":294.4963156565141,"upper_bound":1509.538852200598},"point_estimate":950.1165710395571,"standard_error":347.4889515507065}}