{"mean":{"confidence_interval":{"confidence_level":0.95,"lower_bound":3332744.3675625003,"upper_bound":3567016.307125},"point_estimate":3444465.9625,"standard_error":60024.46229702561},"median":{"confidence_interval":{"confidence_level":0.95,"lower_bound":3219711.375,"upper_bound":3400087.75},"point_estimate":3282174.125,"standard_error":48605.306881472476},"median_abs_dev":{"confidence_interval":{"confidence_level":0.95,"lower_bound":273967.79588609934,"upper_bound":461870.3065495377},"point_estimate":372431.70793801546,"standard_error":50091.88208069524},"slope":null,"std_dev":{"confidence_interval":{"confidence_level":0.95,"lower_bound":444516.5015434439,"upper_bound":750085.2440584895},"point_estimate":603715.9352976457,"standard_error":78657.73631570555}}