{"mean":{"confidence_interval":{"confidence_level":0.95,"lower_bound":2861498.854125,"upper_bound":3015041.6524374997},"point_estimate":2933929.415,"standard_error":39097.680593143756},"median":{"confidence_interval":{"confidence_level":0.95,"lower_bound":2802083.0,"upper_bound":2884109.0},"point_estimate":2850221.0,"standard_error":22656.867239801053},"median_abs_dev":{"confidence_interval":{"confidence_level":0.95,"lower_bound":173212.89622485638,"upper_bound":349508.48844498396},"point_estimate":262170.3772455454,"standard_error":45624.119761249174},"slope":null,"std_dev":{"confidence_interval":{"confidence_level":0.95,"lower_bound":268595.6906697452,"upper_bound":518408.8090507065},"point_estimate":394303.9065594416,"standard_error":65091.921535037625}}