{"mean":{"confidence_interval":{"confidence_level":0.95,"lower_bound":3219839.363125,"upper_bound":3369258.6564375},"point_estimate":3291386.2125,"standard_error":38135.63253441036},"median":{"confidence_interval":{"confidence_level":0.95,"lower_bound":3169900.5,"upper_bound":3317976.5},"point_estimate":3240350.75,"standard_error":39858.816461844945},"median_abs_dev":{"confidence_interval":{"confidence_level":0.95,"lower_bound":213607.4444577098,"upper_bound":354658.85542854667},"point_estimate":269075.21597296,"standard_error":36317.04883267648},"slope":null,"std_dev":{"confidence_interval":{"confidence_level":0.95,"lower_bound":285815.28301241604,"upper_bound":474103.27023418533},"point_estimate":383243.39320402936,"standard_error":48198.320997624716}}