{"mean":{"confidence_interval":{"confidence_level":0.95,"lower_bound":2726245.8295624997,"upper_bound":2839121.4921875},"point_estimate":2777947.195,"standard_error":28901.397468916894},"median":{"confidence_interval":{"confidence_level":0.95,"lower_bound":2709181.875,"upper_bound":2753433.5},"point_estimate":2725682.5,"standard_error":10687.105039055255},"median_abs_dev":{"confidence_interval":{"confidence_level":0.95,"lower_bound":107195.68459689617,"upper_bound":178456.48168176413},"point_estimate":145337.7928197384,"standard_error":18300.021425968218},"slope":null,"std_dev":{"confidence_interval":{"confidence_level":0.95,"lower_bound":168433.49974569527,"upper_bound":394420.356641622},"point_estimate":291570.9858622468,"standard_error":57800.48966689786}}