{"mean":{"confidence_interval":{"confidence_level":0.95,"lower_bound":1779275.805875,"upper_bound":1833081.455875},"point_estimate":1804630.54,"standard_error":13768.092945441776},"median":{"confidence_interval":{"confidence_level":0.95,"lower_bound":1751883.75,"upper_bound":1785334.5},"point_estimate":1765859.0,"standard_error":8128.508675699223},"median_abs_dev":{"confidence_interval":{"confidence_level":0.95,"lower_bound":54134.08944267783,"upper_bound":94795.58906704187},"point_estimate":76781.6287368536,"standard_error":10130.370352217049},"slope":null,"std_dev":{"confidence_interval":{"confidence_level":0.95,"lower_bound":94496.5597586888,"upper_bound":176689.0314611114},"point_estimate":138742.07147910396,"standard_error":21043.30059141773}}