{"mean":{"confidence_interval":{"confidence_level":0.95,"lower_bound":1544225.185,"upper_bound":1587660.2825},"point_estimate":1565284.8525,"standard_error":11044.799813486596},"median":{"confidence_interval":{"confidence_level":0.95,"lower_bound":1522103.5,"upper_bound":1577579.75},"point_estimate":1543591.0,"standard_error":15011.498932448969},"median_abs_dev":{"confidence_interval":{"confidence_level":0.95,"lower_bound":80432.0678595454,"upper_bound":128784.93476361036},"point_estimate":105711.6020232439,"standard_error":12520.180386417409},"slope":null,"std_dev":{"confidence_interval":{"confidence_level":0.95,"lower_bound":88069.1745948286,"upper_bound":134743.86163860845},"point_estimate":110797.40241042015,"standard_error":12102.956542606644}}