{"mean":{"confidence_interval":{"confidence_level":0.95,"lower_bound":1932401.895125,"upper_bound":2129817.32225},"point_estimate":2023718.77,"standard_error":50228.57320792955},"median":{"confidence_interval":{"confidence_level":0.95,"lower_bound":1860133.0,"upper_bound":2092749.0},"point_estimate":1980197.0,"standard_error":60074.238273940085},"median_abs_dev":{"confidence_interval":{"confidence_level":0.95,"lower_bound":319746.77657335997,"upper_bound":516361.0307827592},"point_estimate":422826.20766833425,"standard_error":49326.89189036536},"slope":null,"std_dev":{"confidence_interval":{"confidence_level":0.95,"lower_bound":332444.70360328606,"upper_bound":713567.2916112794},"point_estimate":506446.98558947037,"standard_error":115154.93313509421}}