{"mean":{"confidence_interval":{"confidence_level":0.95,"lower_bound":2519857.2385624996,"upper_bound":2600769.413125},"point_estimate":2558561.4075,"standard_error":20814.368214952476},"median":{"confidence_interval":{"confidence_level":0.95,"lower_bound":2474307.5,"upper_bound":2560556.5},"point_estimate":2526881.5,"standard_error":22067.000486605462},"median_abs_dev":{"confidence_interval":{"confidence_level":0.95,"lower_bound":124054.69954758883,"upper_bound":201871.18306607008},"point_estimate":163064.68473002315,"standard_error":20697.967661186438},"slope":null,"std_dev":{"confidence_interval":{"confidence_level":0.95,"lower_bound":155731.35672133847,"upper_bound":261561.18151688168},"point_estimate":209516.96954819353,"standard_error":27308.141973776146}}