{"mean":{"confidence_interval":{"confidence_level":0.95,"lower_bound":1676822.0325000002,"upper_bound":1821931.878},"point_estimate":1742239.5025,"standard_error":37027.05219729002},"median":{"confidence_interval":{"confidence_level":0.95,"lower_bound":1632470.0,"upper_bound":1706246.0},"point_estimate":1674258.25,"standard_error":19917.549804888884},"median_abs_dev":{"confidence_interval":{"confidence_level":0.95,"lower_bound":110121.96629494429,"upper_bound":199598.1719814241},"point_estimate":143480.09505271912,"standard_error":22053.516435359215},"slope":null,"std_dev":{"confidence_interval":{"confidence_level":0.95,"lower_bound":188758.10060633314,"upper_bound":511946.4977039598},"point_estimate":372212.03915101965,"standard_error":80473.5366404063}}