{"mean":{"confidence_interval":{"confidence_level":0.95,"lower_bound":2184532.119875,"upper_bound":2327352.2193750003},"point_estimate":2253479.0575,"standard_error":36486.70904531982},"median":{"confidence_interval":{"confidence_level":0.95,"lower_bound":2128927.0,"upper_bound":2253528.5},"point_estimate":2173002.5,"standard_error":31133.262655011862},"median_abs_dev":{"confidence_interval":{"confidence_level":0.95,"lower_bound":256122.6666279137,"upper_bound":395025.4195868969},"point_estimate":320208.79179015756,"standard_error":36651.06928621783},"slope":null,"std_dev":{"confidence_interval":{"confidence_level":0.95,"lower_bound":291902.1570319935,"upper_bound":435472.4721468118},"point_estimate":366031.2862630476,"standard_error":36746.35132812715}}