{"mean":{"confidence_interval":{"confidence_level":0.95,"lower_bound":232176979.85175,"upper_bound":234643990.582},"point_estimate":233354213.82,"standard_error":629033.8831982292},"median":{"confidence_interval":{"confidence_level":0.95,"lower_bound":230810274.0,"upper_bound":232974517.5},"point_estimate":232162097.0,"standard_error":588198.1116020293},"median_abs_dev":{"confidence_interval":{"confidence_level":0.95,"lower_bound":2751990.951642394,"upper_bound":4841952.830538154},"point_estimate":3722971.6199040413,"standard_error":539269.7063476109},"slope":null,"std_dev":{"confidence_interval":{"confidence_level":0.95,"lower_bound":4857538.146181112,"upper_bound":7634860.21548026},"point_estimate":6315837.481363548,"standard_error":711875.8109720403}}