{"mean":{"confidence_interval":{"confidence_level":0.95,"lower_bound":212779518.53,"upper_bound":213058531.13075},"point_estimate":212916244.31,"standard_error":71447.39666638382},"median":{"confidence_interval":{"confidence_level":0.95,"lower_bound":212729338.0,"upper_bound":212930350.0},"point_estimate":212848257.0,"standard_error":48545.99718652387},"median_abs_dev":{"confidence_interval":{"confidence_level":0.95,"lower_bound":409443.7043309212,"upper_bound":781348.1626532965},"point_estimate":616254.5398592949,"standard_error":99179.32321296127},"slope":null,"std_dev":{"confidence_interval":{"confidence_level":0.95,"lower_bound":576950.647235397,"upper_bound":843918.0430067532},"point_estimate":717443.8289395823,"standard_error":68386.50035215053}}