{"mean":{"confidence_interval":{"confidence_level":0.95,"lower_bound":199605032.18425,"upper_bound":199877038.46025002},"point_estimate":199737739.25,"standard_error":69467.46483130612},"median":{"confidence_interval":{"confidence_level":0.95,"lower_bound":199570536.0,"upper_bound":199766069.5},"point_estimate":199696820.0,"standard_error":60213.19791780565},"median_abs_dev":{"confidence_interval":{"confidence_level":0.95,"lower_bound":430836.8806511164,"upper_bound":744349.6949851513},"point_estimate":565707.5176566839,"standard_error":81588.00274351951},"slope":null,"std_dev":{"confidence_interval":{"confidence_level":0.95,"lower_bound":563938.8559706123,"upper_bound":814544.3419269524},"point_estimate":696523.7831761147,"standard_error":64111.49826455376}}