{"mean":{"confidence_interval":{"confidence_level":0.95,"lower_bound":217134965.9575,"upper_bound":219443171.6175},"point_estimate":218202602.11,"standard_error":590548.7434900338},"median":{"confidence_interval":{"confidence_level":0.95,"lower_bound":216093861.0,"upper_bound":217403119.0},"point_estimate":216716364.5,"standard_error":349419.52518087684},"median_abs_dev":{"confidence_interval":{"confidence_level":0.95,"lower_bound":2748163.619810343,"upper_bound":4464877.248832583},"point_estimate":3569604.0656268597,"standard_error":447439.8320354398},"slope":null,"std_dev":{"confidence_interval":{"confidence_level":0.95,"lower_bound":3732184.674608562,"upper_bound":8032997.138716303},"point_estimate":5917657.841744804,"standard_error":1128400.43154952}}