{"mean":{"confidence_interval":{"confidence_level":0.95,"lower_bound":208680766.39650002,"upper_bound":209612698.34774998},"point_estimate":209146557.79,"standard_error":238058.25423521452},"median":{"confidence_interval":{"confidence_level":0.95,"lower_bound":208490367.0,"upper_bound":209848519.5},"point_estimate":209370630.0,"standard_error":282039.0490888373},"median_abs_dev":{"confidence_interval":{"confidence_level":0.95,"lower_bound":1776243.7244653702,"upper_bound":3005337.6351445913},"point_estimate":2408650.4497379065,"standard_error":324777.8889944994},"slope":null,"std_dev":{"confidence_interval":{"confidence_level":0.95,"lower_bound":2069251.276847405,"upper_bound":2682847.4556426173},"point_estimate":2392271.3724067835,"standard_error":156254.12328613468}}