{"mean":{"confidence_interval":{"confidence_level":0.95,"lower_bound":202459221.98775,"upper_bound":204606211.8455},"point_estimate":203538268.18,"standard_error":546949.9101497728},"median":{"confidence_interval":{"confidence_level":0.95,"lower_bound":201951952.0,"upper_bound":205549536.5},"point_estimate":204499932.5,"standard_error":1065274.8270391868},"median_abs_dev":{"confidence_interval":{"confidence_level":0.95,"lower_bound":4528984.130394459,"upper_bound":6966352.5416225195},"point_estimate":5497614.136397839,"standard_error":634091.3387702354},"slope":null,"std_dev":{"confidence_interval":{"confidence_level":0.95,"lower_bound":4808027.175663081,"upper_bound":6110941.03153715},"point_estimate":5500061.890361788,"standard_error":334304.1034605886}}