{"mean":{"confidence_interval":{"confidence_level":0.95,"lower_bound":177141835.60075,"upper_bound":177689833.81},"point_estimate":177413372.5,"standard_error":139965.38649123145},"median":{"confidence_interval":{"confidence_level":0.95,"lower_bound":176885339.0,"upper_bound":177723845.0},"point_estimate":177338193.5,"standard_error":216191.8943404492},"median_abs_dev":{"confidence_interval":{"confidence_level":0.95,"lower_bound":1121450.777410269,"upper_bound":1771103.5503566265},"point_estimate":1554635.0585997105,"standard_error":166864.23048950688},"slope":null,"std_dev":{"confidence_interval":{"confidence_level":0.95,"lower_bound":1203009.0578982583,"upper_bound":1598739.883396371},"point_estimate":1411577.5761242805,"standard_error":100523.54199691865}}