{"mean":{"confidence_interval":{"confidence_level":0.95,"lower_bound":213666771.7005,"upper_bound":214725375.17475},"point_estimate":214196957.47,"standard_error":269065.6131495776},"median":{"confidence_interval":{"confidence_level":0.95,"lower_bound":213362998.0,"upper_bound":215225481.0},"point_estimate":214440776.5,"standard_error":469425.3351456675},"median_abs_dev":{"confidence_interval":{"confidence_level":0.95,"lower_bound":2154866.399243474,"upper_bound":3480209.2176139355},"point_estimate":2675508.0668002367,"standard_error":343287.045866708},"slope":null,"std_dev":{"confidence_interval":{"confidence_level":0.95,"lower_bound":2337431.0605020784,"upper_bound":3050428.379300745},"point_estimate":2709378.588987834,"standard_error":181386.17965974356}}