{"mean":{"confidence_interval":{"confidence_level":0.95,"lower_bound":216891705.31599998,"upper_bound":217685415.762},"point_estimate":217289526.93,"standard_error":202925.21988885658},"median":{"confidence_interval":{"confidence_level":0.95,"lower_bound":216837574.5,"upper_bound":217874973.0},"point_estimate":217377866.0,"standard_error":237036.45492560414},"median_abs_dev":{"confidence_interval":{"confidence_level":0.95,"lower_bound":1693490.1830345392,"upper_bound":2614911.2406760454},"point_estimate":2190978.0868023634,"standard_error":239167.56930396098},"slope":null,"std_dev":{"confidence_interval":{"confidence_level":0.95,"lower_bound":1764616.5438792608,"upper_bound":2267790.8613634612},"point_estimate":2030095.2214902735,"standard_error":128302.73954016788}}