{"mean":{"confidence_interval":{"confidence_level":0.95,"lower_bound":208733692.19575,"upper_bound":209061261.6215},"point_estimate":208899515.68,"standard_error":83481.13298057282},"median":{"confidence_interval":{"confidence_level":0.95,"lower_bound":208808342.5,"upper_bound":209135995.0},"point_estimate":208947442.5,"standard_error":89015.01866252917},"median_abs_dev":{"confidence_interval":{"confidence_level":0.95,"lower_bound":529663.2883965969,"upper_bound":867919.9549913406},"point_estimate":719140.3063327074,"standard_error":86187.85795885172},"slope":null,"std_dev":{"confidence_interval":{"confidence_level":0.95,"lower_bound":687602.6281413396,"upper_bound":974377.0085431646},"point_estimate":838591.2760984829,"standard_error":73130.47621121963}}