{"mean":{"confidence_interval":{"confidence_level":0.95,"lower_bound":193994058.7785,"upper_bound":197087310.773},"point_estimate":195506056.46,"standard_error":792239.918220684},"median":{"confidence_interval":{"confidence_level":0.95,"lower_bound":191929791.5,"upper_bound":195055240.5},"point_estimate":192720745.5,"standard_error":765356.3834101317},"median_abs_dev":{"confidence_interval":{"confidence_level":0.95,"lower_bound":4825515.244629979,"upper_bound":9094946.528032422},"point_estimate":6438993.213585019,"standard_error":1088782.4290557872},"slope":null,"std_dev":{"confidence_interval":{"confidence_level":0.95,"lower_bound":6718053.479637332,"upper_bound":9130063.931375561},"point_estimate":7984342.333159883,"standard_error":615357.266219541}}