{"mean":{"confidence_interval":{"confidence_level":0.95,"lower_bound":19190234.110999998,"upper_bound":19339225.795333337},"point_estimate":19264797.64,"standard_error":38112.18051792767},"median":{"confidence_interval":{"confidence_level":0.95,"lower_bound":19161196.333333332,"upper_bound":19410801.333333332},"point_estimate":19296032.333333336,"standard_error":63629.38196214693},"median_abs_dev":{"confidence_interval":{"confidence_level":0.95,"lower_bound":310017.0906960983,"upper_bound":545582.4585139733},"point_estimate":427540.3196096393,"standard_error":59920.52306913086},"slope":null,"std_dev":{"confidence_interval":{"confidence_level":0.95,"lower_bound":337503.0265081383,"upper_bound":420186.40539718245},"point_estimate":381665.41400391,"standard_error":21084.434121591457}}