{"mean":{"confidence_interval":{"confidence_level":0.95,"lower_bound":23805759.116375,"upper_bound":23843155.55575},"point_estimate":23824095.505,"standard_error":9546.607330321325},"median":{"confidence_interval":{"confidence_level":0.95,"lower_bound":23797420.0,"upper_bound":23830198.0},"point_estimate":23819272.75,"standard_error":8903.575192464325},"median_abs_dev":{"confidence_interval":{"confidence_level":0.95,"lower_bound":60527.690634168765,"upper_bound":107786.1393026635},"point_estimate":84215.38500487804,"standard_error":11833.514663557376},"slope":null,"std_dev":{"confidence_interval":{"confidence_level":0.95,"lower_bound":76861.36236451249,"upper_bound":113058.90605649656},"point_estimate":95740.20744350691,"standard_error":9242.025230358677}}