{"mean":{"confidence_interval":{"confidence_level":0.95,"lower_bound":14944199.987750001,"upper_bound":15240266.8995},"point_estimate":15089176.6075,"standard_error":75486.03177578887},"median":{"confidence_interval":{"confidence_level":0.95,"lower_bound":14784232.5,"upper_bound":15188695.0},"point_estimate":15014789.0,"standard_error":112681.17401660798},"median_abs_dev":{"confidence_interval":{"confidence_level":0.95,"lower_bound":597339.3440701067,"upper_bound":941104.4255420566},"point_estimate":794061.2721025944,"standard_error":88255.25804640842},"slope":null,"std_dev":{"confidence_interval":{"confidence_level":0.95,"lower_bound":635093.9324374045,"upper_bound":862080.0013170857},"point_estimate":755641.3101391116,"standard_error":57903.60264402682}}