{"mean":{"confidence_interval":{"confidence_level":0.95,"lower_bound":23667419.903125,"upper_bound":24029993.65375},"point_estimate":23848923.68,"standard_error":92945.22821473819},"median":{"confidence_interval":{"confidence_level":0.95,"lower_bound":23455082.0,"upper_bound":24062770.5},"point_estimate":23825602.0,"standard_error":155707.7416462807},"median_abs_dev":{"confidence_interval":{"confidence_level":0.95,"lower_bound":787532.6431185007,"upper_bound":1235454.6352162957},"point_estimate":1095077.621908486,"standard_error":113387.5037723262},"slope":null,"std_dev":{"confidence_interval":{"confidence_level":0.95,"lower_bound":814930.4865473295,"upper_bound":1044196.2600662339},"point_estimate":933886.7776014233,"standard_error":58632.7378383139}}