{"mean":{"confidence_interval":{"confidence_level":0.95,"lower_bound":18531627.82583333,"upper_bound":18642263.496666674},"point_estimate":18587824.63,"standard_error":28238.805344521923},"median":{"confidence_interval":{"confidence_level":0.95,"lower_bound":18515607.666666668,"upper_bound":18670951.333333332},"point_estimate":18580445.0,"standard_error":35126.47013358027},"median_abs_dev":{"confidence_interval":{"confidence_level":0.95,"lower_bound":229694.51902210806,"upper_bound":384488.0873739738},"point_estimate":312231.35375678446,"standard_error":38783.79625154504},"slope":null,"std_dev":{"confidence_interval":{"confidence_level":0.95,"lower_bound":248100.8145322685,"upper_bound":316435.2068021962},"point_estimate":283927.9679267791,"standard_error":17368.86697278453}}