{"mean":{"confidence_interval":{"confidence_level":0.95,"lower_bound":16136620.143000001,"upper_bound":16197194.769625},"point_estimate":16166782.125,"standard_error":15461.278378398476},"median":{"confidence_interval":{"confidence_level":0.95,"lower_bound":16084075.25,"upper_bound":16183906.25},"point_estimate":16140906.0,"standard_error":25541.82690104081},"median_abs_dev":{"confidence_interval":{"confidence_level":0.95,"lower_bound":107969.23113316298,"upper_bound":213293.87456327677},"point_estimate":152568.8035413623,"standard_error":26614.861556323507},"slope":null,"std_dev":{"confidence_interval":{"confidence_level":0.95,"lower_bound":137640.24032156475,"upper_bound":168127.03568672668},"point_estimate":154306.9899481238,"standard_error":7780.133291725531}}