{"mean":{"confidence_interval":{"confidence_level":0.95,"lower_bound":21148646.78116667,"upper_bound":21190566.798499998},"point_estimate":21169450.073333338,"standard_error":10737.35173501808},"median":{"confidence_interval":{"confidence_level":0.95,"lower_bound":21132984.666666668,"upper_bound":21190419.333333332},"point_estimate":21155550.333333336,"standard_error":13287.051468983494},"median_abs_dev":{"confidence_interval":{"confidence_level":0.95,"lower_bound":90564.11901466729,"upper_bound":129042.04230904211},"point_estimate":110952.09873020281,"standard_error":9366.576146760268},"slope":null,"std_dev":{"confidence_interval":{"confidence_level":0.95,"lower_bound":93077.29019354802,"upper_bound":121670.6300725747},"point_estimate":108021.94210790927,"standard_error":7291.977793427512}}