{"mean":{"confidence_interval":{"confidence_level":0.95,"lower_bound":16159840.0435625,"upper_bound":16544278.3961875},"point_estimate":16353325.5075,"standard_error":98426.56557461178},"median":{"confidence_interval":{"confidence_level":0.95,"lower_bound":16222152.25,"upper_bound":16690529.75},"point_estimate":16424068.75,"standard_error":111977.20689119717},"median_abs_dev":{"confidence_interval":{"confidence_level":0.95,"lower_bound":865746.653388051,"upper_bound":1386388.6869616807},"point_estimate":1164457.7409267426,"standard_error":130854.60542315706},"slope":null,"std_dev":{"confidence_interval":{"confidence_level":0.95,"lower_bound":872237.7767407785,"upper_bound":1087784.6623903604},"point_estimate":987452.8638663008,"standard_error":55175.26326257621}}