{"mean":{"confidence_interval":{"confidence_level":0.95,"lower_bound":27210434.591375,"upper_bound":27645864.41675},"point_estimate":27429016.405,"standard_error":110772.08627706575},"median":{"confidence_interval":{"confidence_level":0.95,"lower_bound":27059454.5,"upper_bound":27909523.5},"point_estimate":27438699.25,"standard_error":201067.98142662048},"median_abs_dev":{"confidence_interval":{"confidence_level":0.95,"lower_bound":1091543.6780787262,"upper_bound":1673613.5304286692},"point_estimate":1504063.9441475272,"standard_error":154522.0530042332},"slope":null,"std_dev":{"confidence_interval":{"confidence_level":0.95,"lower_bound":995538.9700519633,"upper_bound":1209810.7078170737},"point_estimate":1110800.6119999883,"standard_error":54717.88231914638}}