{"mean":{"confidence_interval":{"confidence_level":0.95,"lower_bound":26889533.284,"upper_bound":27263750.915375},"point_estimate":27070187.71,"standard_error":95712.83171513304},"median":{"confidence_interval":{"confidence_level":0.95,"lower_bound":26627788.5,"upper_bound":27012106.0},"point_estimate":26839297.25,"standard_error":89819.28370772401},"median_abs_dev":{"confidence_interval":{"confidence_level":0.95,"lower_bound":481678.0506885054,"upper_bound":825812.253222651},"point_estimate":601296.5887248516,"standard_error":84085.44140531136},"slope":null,"std_dev":{"confidence_interval":{"confidence_level":0.95,"lower_bound":735719.3878681809,"upper_bound":1159304.0066151936},"point_estimate":965141.9256443536,"standard_error":108204.64226315622}}