{"mean":{"confidence_interval":{"confidence_level":0.95,"lower_bound":20544170.80441666,"upper_bound":20699657.77099999},"point_estimate":20618986.590000004,"standard_error":39808.10730761859},"median":{"confidence_interval":{"confidence_level":0.95,"lower_bound":20457085.333333332,"upper_bound":20640316.333333332},"point_estimate":20549262.333333336,"standard_error":39597.46579213902},"median_abs_dev":{"confidence_interval":{"confidence_level":0.95,"lower_bound":228943.0879354477,"upper_bound":390183.742272852},"point_estimate":294910.63246428967,"standard_error":40538.2671607346},"slope":null,"std_dev":{"confidence_interval":{"confidence_level":0.95,"lower_bound":299720.25582844066,"upper_bound":492997.97046205646},"point_estimate":400092.56455441157,"standard_error":49721.02686510098}}