{"mean":{"confidence_interval":{"confidence_level":0.95,"lower_bound":2580866.9480789476,"upper_bound":2662589.038750001},"point_estimate":2618013.8510526326,"standard_error":20828.904174342708},"median":{"confidence_interval":{"confidence_level":0.95,"lower_bound":2550914.1052631577,"upper_bound":2632802.0},"point_estimate":2583031.947368421,"standard_error":21666.449927826536},"median_abs_dev":{"confidence_interval":{"confidence_level":0.95,"lower_bound":112775.6622338845,"upper_bound":182407.0058668911},"point_estimate":152587.90176997066,"standard_error":17884.63251131885},"slope":null,"std_dev":{"confidence_interval":{"confidence_level":0.95,"lower_bound":130390.93366812699,"upper_bound":295041.0124353584},"point_estimate":209157.867839582,"standard_error":45484.02017112809}}