{"mean":{"confidence_interval":{"confidence_level":0.95,"lower_bound":7527.070108035563,"upper_bound":8573.00491342566},"point_estimate":7963.016358267495,"standard_error":270.74104097865927},"median":{"confidence_interval":{"confidence_level":0.95,"lower_bound":7208.8518773249125,"upper_bound":7396.081382576002},"point_estimate":7281.961093834505,"standard_error":52.462042166217955},"median_abs_dev":{"confidence_interval":{"confidence_level":0.95,"lower_bound":251.79805716356054,"upper_bound":488.6092652259152},"point_estimate":338.27627721274814,"standard_error":61.38040745527741},"slope":{"confidence_interval":{"confidence_level":0.95,"lower_bound":7110.25188053472,"upper_bound":7182.102574167915},"point_estimate":7141.787437346998,"standard_error":18.4334489383069},"std_dev":{"confidence_interval":{"confidence_level":0.95,"lower_bound":854.3251285011149,"upper_bound":4296.611030623824},"point_estimate":2719.7476920577014,"standard_error":965.9326313595627}}