{"mean":{"confidence_interval":{"confidence_level":0.95,"lower_bound":8165.813374794796,"upper_bound":9329.464034160126},"point_estimate":8648.495398757821,"standard_error":301.9849972981514},"median":{"confidence_interval":{"confidence_level":0.95,"lower_bound":7765.747662185856,"upper_bound":7999.813709835744},"point_estimate":7812.219123331759,"standard_error":62.15800601647465},"median_abs_dev":{"confidence_interval":{"confidence_level":0.95,"lower_bound":192.33114156943682,"upper_bound":465.13755205745287},"point_estimate":269.99632841533895,"standard_error":71.22961434140541},"slope":{"confidence_interval":{"confidence_level":0.95,"lower_bound":7708.630816153508,"upper_bound":7770.74453645199},"point_estimate":7736.064728104736,"standard_error":15.820470171465821},"std_dev":{"confidence_interval":{"confidence_level":0.95,"lower_bound":946.7064577365725,"upper_bound":4818.074721360321},"point_estimate":3034.893605184518,"standard_error":1095.4575196815902}}