{"mean":{"confidence_interval":{"confidence_level":0.95,"lower_bound":7426.828758770752,"upper_bound":8476.67289654941},"point_estimate":7864.227010870029,"standard_error":272.9217736496284},"median":{"confidence_interval":{"confidence_level":0.95,"lower_bound":7106.234975961538,"upper_bound":7270.195384615385},"point_estimate":7149.68806064625,"standard_error":38.47044663143191},"median_abs_dev":{"confidence_interval":{"confidence_level":0.95,"lower_bound":207.42570356244565,"upper_bound":402.6589847129121},"point_estimate":314.61938047963383,"standard_error":50.45515196485523},"slope":{"confidence_interval":{"confidence_level":0.95,"lower_bound":7007.73082743073,"upper_bound":7080.0042445131585},"point_estimate":7040.862186629684,"standard_error":18.41441285515678},"std_dev":{"confidence_interval":{"confidence_level":0.95,"lower_bound":876.8395573789063,"upper_bound":4361.267534284018},"point_estimate":2750.376098836256,"standard_error":980.4577027276945}}