{"mean":{"confidence_interval":{"confidence_level":0.95,"lower_bound":95226.50324100265,"upper_bound":97083.64318402429},"point_estimate":96032.79959460399,"standard_error":474.3215178365348},"median":{"confidence_interval":{"confidence_level":0.95,"lower_bound":94793.47171936758,"upper_bound":95609.04693877551},"point_estimate":95137.38711583924,"standard_error":203.55490122655857},"median_abs_dev":{"confidence_interval":{"confidence_level":0.95,"lower_bound":1506.8403077510811,"upper_bound":2637.7002499396717},"point_estimate":1814.6067615605139,"standard_error":302.17505740873366},"slope":{"confidence_interval":{"confidence_level":0.95,"lower_bound":94115.97307733742,"upper_bound":94697.56750855554},"point_estimate":94409.2598099601,"standard_error":147.85708323670073},"std_dev":{"confidence_interval":{"confidence_level":0.95,"lower_bound":2157.1153930859273,"upper_bound":7213.302616143383},"point_estimate":4789.167815904648,"standard_error":1384.564096055477}}