{"mean":{"confidence_interval":{"confidence_level":0.95,"lower_bound":95619.85599616697,"upper_bound":97339.58493637068},"point_estimate":96317.32861987235,"standard_error":449.9851015844689},"median":{"confidence_interval":{"confidence_level":0.95,"lower_bound":95232.91851851852,"upper_bound":95631.7160842294},"point_estimate":95448.84067730446,"standard_error":105.97593934981015},"median_abs_dev":{"confidence_interval":{"confidence_level":0.95,"lower_bound":508.48613287728216,"upper_bound":867.7021147225048},"point_estimate":667.1830335489348,"standard_error":99.34284305730554},"slope":{"confidence_interval":{"confidence_level":0.95,"lower_bound":95108.36255433732,"upper_bound":95308.4315016726},"point_estimate":95206.53542157201,"standard_error":51.003213416424565},"std_dev":{"confidence_interval":{"confidence_level":0.95,"lower_bound":1237.356449507477,"upper_bound":7278.2462026735175},"point_estimate":4509.840249616192,"standard_error":1788.414338515744}}