{"mean":{"confidence_interval":{"confidence_level":0.95,"lower_bound":80277.76932761703,"upper_bound":81478.0217836604},"point_estimate":80782.88687857935,"standard_error":311.3111975461877},"median":{"confidence_interval":{"confidence_level":0.95,"lower_bound":79841.3062937063,"upper_bound":80269.47002760047},"point_estimate":79955.50949429358,"standard_error":113.82197199435662},"median_abs_dev":{"confidence_interval":{"confidence_level":0.95,"lower_bound":504.4117028124225,"upper_bound":960.5630870213224},"point_estimate":725.1574575804234,"standard_error":112.11412403333406},"slope":{"confidence_interval":{"confidence_level":0.95,"lower_bound":79656.80545803459,"upper_bound":79810.29892319201},"point_estimate":79729.29879737228,"standard_error":39.10466498165822},"std_dev":{"confidence_interval":{"confidence_level":0.95,"lower_bound":1075.8291782209403,"upper_bound":4970.317264365398},"point_estimate":3143.9552729929856,"standard_error":1134.9803870977635}}