{"mean":{"confidence_interval":{"confidence_level":0.95,"lower_bound":111564.92191936543,"upper_bound":115007.93925286192},"point_estimate":113170.72527739365,"standard_error":882.3082401547564},"median":{"confidence_interval":{"confidence_level":0.95,"lower_bound":109423.83417508416,"upper_bound":112313.94389978214},"point_estimate":110490.12063492063,"standard_error":845.2194318717582},"median_abs_dev":{"confidence_interval":{"confidence_level":0.95,"lower_bound":3702.6845546090085,"upper_bound":6654.6555994906585},"point_estimate":5036.448934330472,"standard_error":747.1583003201539},"slope":{"confidence_interval":{"confidence_level":0.95,"lower_bound":110006.89948773402,"upper_bound":112244.61936741702},"point_estimate":111068.80556031723,"standard_error":571.2806533542141},"std_dev":{"confidence_interval":{"confidence_level":0.95,"lower_bound":5532.509469644655,"upper_bound":12056.739282396693},"point_estimate":8887.56309552952,"standard_error":1707.095746449543}}