{"mean":{"confidence_interval":{"confidence_level":0.95,"lower_bound":92853.62704215474,"upper_bound":94143.21981946452},"point_estimate":93383.05875520426,"standard_error":335.3995453857049},"median":{"confidence_interval":{"confidence_level":0.95,"lower_bound":92567.55056658431,"upper_bound":92812.26392961877},"point_estimate":92680.50348303237,"standard_error":55.536423898560535},"median_abs_dev":{"confidence_interval":{"confidence_level":0.95,"lower_bound":422.05053232867516,"upper_bound":780.0478274319172},"point_estimate":636.6533612217763,"standard_error":96.51767400933133},"slope":{"confidence_interval":{"confidence_level":0.95,"lower_bound":92279.91864937599,"upper_bound":92480.3745020244},"point_estimate":92378.61150959872,"standard_error":51.07429492238895},"std_dev":{"confidence_interval":{"confidence_level":0.95,"lower_bound":1042.3903681180136,"upper_bound":5394.617733262354},"point_estimate":3363.7582885860384,"standard_error":1280.3497005368024}}