{"mean":{"confidence_interval":{"confidence_level":0.95,"lower_bound":1433581.7564137748,"upper_bound":1515834.4552378266},"point_estimate":1474449.9398827434,"standard_error":20968.237475058504},"median":{"confidence_interval":{"confidence_level":0.95,"lower_bound":1428917.5,"upper_bound":1516272.8399242423},"point_estimate":1479005.40109671,"standard_error":25107.765590191113},"median_abs_dev":{"confidence_interval":{"confidence_level":0.95,"lower_bound":150983.56993424273,"upper_bound":248239.11097263836},"point_estimate":199727.6786149283,"standard_error":25276.154976678412},"slope":{"confidence_interval":{"confidence_level":0.95,"lower_bound":1485716.1880243865,"upper_bound":1549976.2419187243},"point_estimate":1518588.0717363677,"standard_error":16345.256442665777},"std_dev":{"confidence_interval":{"confidence_level":0.95,"lower_bound":179123.30962701177,"upper_bound":238351.5202381568},"point_estimate":210227.7740191648,"standard_error":15147.924551493992}}