{"mean":{"confidence_interval":{"confidence_level":0.95,"lower_bound":4304983.986875,"upper_bound":4319025.9825},"point_estimate":4311884.4375,"standard_error":3589.5363181251287},"median":{"confidence_interval":{"confidence_level":0.95,"lower_bound":4297718.75,"upper_bound":4315206.625},"point_estimate":4307185.625,"standard_error":5432.316120972728},"median_abs_dev":{"confidence_interval":{"confidence_level":0.95,"lower_bound":28379.928696155548,"upper_bound":46721.54362052679},"point_estimate":38492.55779162049,"standard_error":5016.343862408791},"slope":null,"std_dev":{"confidence_interval":{"confidence_level":0.95,"lower_bound":30199.90119579337,"upper_bound":41742.80236003422},"point_estimate":36058.38856459719,"standard_error":2959.978989218027}}