{"mean":{"confidence_interval":{"confidence_level":0.95,"lower_bound":5342473.901916666,"upper_bound":5557167.046833334},"point_estimate":5444363.583333331,"standard_error":54907.4281494573},"median":{"confidence_interval":{"confidence_level":0.95,"lower_bound":5251044.666666667,"upper_bound":5383445.166666667},"point_estimate":5332384.166666666,"standard_error":36524.060299069344},"median_abs_dev":{"confidence_interval":{"confidence_level":0.95,"lower_bound":242998.62988591148,"upper_bound":427632.73500800226},"point_estimate":343247.8394061327,"standard_error":48131.26234751153},"slope":null,"std_dev":{"confidence_interval":{"confidence_level":0.95,"lower_bound":382048.4610685259,"upper_bound":699944.2186965543},"point_estimate":550820.8883389137,"standard_error":81375.88361754219}}