{"mean":{"confidence_interval":{"confidence_level":0.95,"lower_bound":5802075.842750001,"upper_bound":5887598.345250001},"point_estimate":5844156.616666669,"standard_error":21857.277120375828},"median":{"confidence_interval":{"confidence_level":0.95,"lower_bound":5772863.5,"upper_bound":5892266.0},"point_estimate":5821298.0,"standard_error":33548.92387517857},"median_abs_dev":{"confidence_interval":{"confidence_level":0.95,"lower_bound":176110.88497340726,"upper_bound":281798.27119708015},"point_estimate":225778.9724916215,"standard_error":26345.55486944442},"slope":null,"std_dev":{"confidence_interval":{"confidence_level":0.95,"lower_bound":187686.9574983346,"upper_bound":248736.57748771415},"point_estimate":218953.5894045867,"standard_error":15637.809199797346}}