{"mean":{"confidence_interval":{"confidence_level":0.95,"lower_bound":6126368.891833332,"upper_bound":6196685.232750002},"point_estimate":6161161.346666667,"standard_error":17880.57037505366},"median":{"confidence_interval":{"confidence_level":0.95,"lower_bound":6117144.0,"upper_bound":6188528.333333333},"point_estimate":6158911.5,"standard_error":17682.467278976656},"median_abs_dev":{"confidence_interval":{"confidence_level":0.95,"lower_bound":132497.4886476989,"upper_bound":227260.83116531326},"point_estimate":178161.07363700867,"standard_error":24183.88967608395},"slope":null,"std_dev":{"confidence_interval":{"confidence_level":0.95,"lower_bound":153942.7182128794,"upper_bound":203251.3630084417},"point_estimate":179661.71337960026,"standard_error":12557.982005891396}}