{"mean":{"confidence_interval":{"confidence_level":0.95,"lower_bound":4159253.2955,"upper_bound":4265819.4823125005},"point_estimate":4211315.9325,"standard_error":27174.924315285134},"median":{"confidence_interval":{"confidence_level":0.95,"lower_bound":4123441.75,"upper_bound":4229250.75},"point_estimate":4182859.5,"standard_error":25399.35665606228},"median_abs_dev":{"confidence_interval":{"confidence_level":0.95,"lower_bound":170253.99732738733,"upper_bound":293783.86575054354},"point_estimate":238107.03837275505,"standard_error":28932.49729371134},"slope":null,"std_dev":{"confidence_interval":{"confidence_level":0.95,"lower_bound":221829.13045095015,"upper_bound":318903.1001988827},"point_estimate":273347.3909221687,"standard_error":24765.503378928774}}