{"mean":{"confidence_interval":{"confidence_level":0.95,"lower_bound":4080126.5385833336,"upper_bound":4092590.107000001},"point_estimate":4085882.3033333337,"standard_error":3182.3306802330203},"median":{"confidence_interval":{"confidence_level":0.95,"lower_bound":4071869.3333333335,"upper_bound":4080936.0},"point_estimate":4075702.666666667,"standard_error":1957.9308651647057},"median_abs_dev":{"confidence_interval":{"confidence_level":0.95,"lower_bound":12305.579781532633,"upper_bound":25722.862443328133},"point_estimate":18137.880977988818,"standard_error":3249.627815914004},"slope":null,"std_dev":{"confidence_interval":{"confidence_level":0.95,"lower_bound":20648.778596019707,"upper_bound":44446.079027395725},"point_estimate":31851.07964627276,"standard_error":6746.57455821132}}