{"mean":{"confidence_interval":{"confidence_level":0.95,"lower_bound":4583927.746666667,"upper_bound":4830489.490583332},"point_estimate":4699824.086666667,"standard_error":63154.34364294417},"median":{"confidence_interval":{"confidence_level":0.95,"lower_bound":4433999.833333333,"upper_bound":4653299.666666667},"point_estimate":4519350.0,"standard_error":59249.21484087806},"median_abs_dev":{"confidence_interval":{"confidence_level":0.95,"lower_bound":253648.39259684223,"upper_bound":447250.9920597081},"point_estimate":355626.8078863621,"standard_error":50034.331790291115},"slope":null,"std_dev":{"confidence_interval":{"confidence_level":0.95,"lower_bound":428719.09038080275,"upper_bound":804200.7082666352},"point_estimate":631839.3634844336,"standard_error":95562.6846067639}}