{"mean":{"confidence_interval":{"confidence_level":0.95,"lower_bound":4110112.8154166667,"upper_bound":4118734.2219999996},"point_estimate":4114343.166666667,"standard_error":2194.5332093075453},"median":{"confidence_interval":{"confidence_level":0.95,"lower_bound":4105201.333333333,"upper_bound":4116085.0},"point_estimate":4107784.833333333,"standard_error":2938.500577607098},"median_abs_dev":{"confidence_interval":{"confidence_level":0.95,"lower_bound":15370.11392712593,"upper_bound":26069.790837168923},"point_estimate":20979.53092753818,"standard_error":2782.683335024487},"slope":null,"std_dev":{"confidence_interval":{"confidence_level":0.95,"lower_bound":17888.386391565567,"upper_bound":26582.589631667575},"point_estimate":22067.11505131541,"standard_error":2267.827556549844}}