{"mean":{"confidence_interval":{"confidence_level":0.95,"lower_bound":4637624.308750001,"upper_bound":4678278.139750003},"point_estimate":4658030.206666669,"standard_error":10371.88336101916},"median":{"confidence_interval":{"confidence_level":0.95,"lower_bound":4626953.833333333,"upper_bound":4671822.833333333},"point_estimate":4654905.5,"standard_error":11596.248419865236},"median_abs_dev":{"confidence_interval":{"confidence_level":0.95,"lower_bound":89207.54621624855,"upper_bound":135937.3676866293},"point_estimate":118367.07539856434,"standard_error":11299.703757105906},"slope":null,"std_dev":{"confidence_interval":{"confidence_level":0.95,"lower_bound":90345.0383326392,"upper_bound":115998.12285749278},"point_estimate":103828.66664849354,"standard_error":6535.867398879293}}