{"mean":{"confidence_interval":{"confidence_level":0.95,"lower_bound":4095996.5314166667,"upper_bound":4109426.550999999},"point_estimate":4102335.7200000016,"standard_error":3441.014575661639},"median":{"confidence_interval":{"confidence_level":0.95,"lower_bound":4089410.3333333335,"upper_bound":4102677.3333333335},"point_estimate":4098777.3333333335,"standard_error":3467.328281454072},"median_abs_dev":{"confidence_interval":{"confidence_level":0.95,"lower_bound":21399.35382008598,"upper_bound":34496.39488756691},"point_estimate":28935.65658628929,"standard_error":3255.3549066424657},"slope":null,"std_dev":{"confidence_interval":{"confidence_level":0.95,"lower_bound":24498.71002176279,"upper_bound":45557.884309103676},"point_estimate":34502.66292853153,"standard_error":5592.488429748996}}