{"mean":{"confidence_interval":{"confidence_level":0.95,"lower_bound":5181203.365916668,"upper_bound":5218976.527666668},"point_estimate":5199188.290000003,"standard_error":9678.061396525936},"median":{"confidence_interval":{"confidence_level":0.95,"lower_bound":5161604.333333333,"upper_bound":5197888.166666666},"point_estimate":5174087.833333334,"standard_error":9042.838140740889},"median_abs_dev":{"confidence_interval":{"confidence_level":0.95,"lower_bound":54832.23032653355,"upper_bound":87375.54684877396},"point_estimate":73958.01708698341,"standard_error":7850.515867410973},"slope":null,"std_dev":{"confidence_interval":{"confidence_level":0.95,"lower_bound":68641.0741544353,"upper_bound":125314.56843664766},"point_estimate":97072.90469566209,"standard_error":14766.816955357215}}