{"mean":{"confidence_interval":{"confidence_level":0.95,"lower_bound":1390.2593084941998,"upper_bound":1700.5999442938726},"point_estimate":1523.2335172473433,"standard_error":80.03140902739702},"median":{"confidence_interval":{"confidence_level":0.95,"lower_bound":1268.0644212777331,"upper_bound":1329.7104974160206},"point_estimate":1288.242159032375,"standard_error":15.485383489387296},"median_abs_dev":{"confidence_interval":{"confidence_level":0.95,"lower_bound":63.21599279680586,"upper_bound":139.6340588550067},"point_estimate":90.65860222076613,"standard_error":19.52892885715064},"slope":{"confidence_interval":{"confidence_level":0.95,"lower_bound":1246.31528510115,"upper_bound":1264.1910098056212},"point_estimate":1254.1410063390929,"standard_error":4.570736284961951},"std_dev":{"confidence_interval":{"confidence_level":0.95,"lower_bound":294.6615952246217,"upper_bound":1243.3233829916528},"point_estimate":805.602966806982,"standard_error":255.14734984597052}}