{"mean":{"confidence_interval":{"confidence_level":0.95,"lower_bound":232352.6511963209,"upper_bound":272069.67900206527},"point_estimate":249148.49073453862,"standard_error":10319.541280250942},"median":{"confidence_interval":{"confidence_level":0.95,"lower_bound":218512.18333333332,"upper_bound":225560.81951219513},"point_estimate":220362.5288627451,"standard_error":1890.5018363006575},"median_abs_dev":{"confidence_interval":{"confidence_level":0.95,"lower_bound":6548.802016536744,"upper_bound":15326.718099314132},"point_estimate":9790.342340342198,"standard_error":2303.2553105903357},"slope":{"confidence_interval":{"confidence_level":0.95,"lower_bound":216112.1296941614,"upper_bound":218036.67348578066},"point_estimate":216961.17613772722,"standard_error":492.6250787931186},"std_dev":{"confidence_interval":{"confidence_level":0.95,"lower_bound":34762.079050634,"upper_bound":161906.62038490735},"point_estimate":103281.25695675806,"standard_error":35501.97288598252}}