{"mean":{"confidence_interval":{"confidence_level":0.95,"lower_bound":305343.97803147027,"upper_bound":369854.88922524196},"point_estimate":332352.83868065214,"standard_error":16751.497878449496},"median":{"confidence_interval":{"confidence_level":0.95,"lower_bound":283040.1011549926,"upper_bound":295794.625},"point_estimate":288886.01836734696,"standard_error":3251.6066797040603},"median_abs_dev":{"confidence_interval":{"confidence_level":0.95,"lower_bound":10708.741762194959,"upper_bound":26926.950158496384},"point_estimate":18150.163868320396,"standard_error":3927.8835698533726},"slope":{"confidence_interval":{"confidence_level":0.95,"lower_bound":279690.56305727403,"upper_bound":282757.9649795919},"point_estimate":281022.4087150879,"standard_error":783.5152786749792},"std_dev":{"confidence_interval":{"confidence_level":0.95,"lower_bound":53971.54346804414,"upper_bound":265956.0574422882},"point_estimate":168253.9942196201,"standard_error":60114.102260165746}}