{"mean":{"confidence_interval":{"confidence_level":0.95,"lower_bound":2151.8132741439645,"upper_bound":2660.9446222306624},"point_estimate":2380.440117618362,"standard_error":130.98857295847958},"median":{"confidence_interval":{"confidence_level":0.95,"lower_bound":1920.0274036469125,"upper_bound":2026.8754921259842},"point_estimate":1967.0178560673287,"standard_error":25.390772871307757},"median_abs_dev":{"confidence_interval":{"confidence_level":0.95,"lower_bound":176.88107712988023,"upper_bound":327.60164964113665},"point_estimate":259.16188362607164,"standard_error":37.4860930180172},"slope":{"confidence_interval":{"confidence_level":0.95,"lower_bound":1842.9634821743514,"upper_bound":1903.48380498837},"point_estimate":1870.5997175966274,"standard_error":15.46417134329592},"std_dev":{"confidence_interval":{"confidence_level":0.95,"lower_bound":608.1870868407028,"upper_bound":1914.5630899937107},"point_estimate":1319.7854908624183,"standard_error":340.66895994998333}}