{"mean":{"confidence_interval":{"confidence_level":0.95,"lower_bound":1571.559327852471,"upper_bound":1945.673943768076},"point_estimate":1731.3099144834168,"standard_error":96.2242871762533},"median":{"confidence_interval":{"confidence_level":0.95,"lower_bound":1438.0451670538878,"upper_bound":1491.8551628983444},"point_estimate":1455.4660282294194,"standard_error":13.971090403443222},"median_abs_dev":{"confidence_interval":{"confidence_level":0.95,"lower_bound":72.33739463108311,"upper_bound":145.02515362616157},"point_estimate":106.75434591036407,"standard_error":18.34631446035361},"slope":{"confidence_interval":{"confidence_level":0.95,"lower_bound":1406.2221255085333,"upper_bound":1425.3529701552095},"point_estimate":1414.5825303388385,"standard_error":4.898280329831331},"std_dev":{"confidence_interval":{"confidence_level":0.95,"lower_bound":356.79957369366355,"upper_bound":1486.140715773232},"point_estimate":967.5754010683306,"standard_error":301.1652704232319}}