{"mean":{"confidence_interval":{"confidence_level":0.95,"lower_bound":7770.2155824586025,"upper_bound":8087.952589133897},"point_estimate":7918.2525415209875,"standard_error":81.18976744863751},"median":{"confidence_interval":{"confidence_level":0.95,"lower_bound":7533.310947037639,"upper_bound":7700.18173332227},"point_estimate":7607.514120119124,"standard_error":48.95492442763623},"median_abs_dev":{"confidence_interval":{"confidence_level":0.95,"lower_bound":167.87903799395679,"upper_bound":385.45624290981476},"point_estimate":269.1236409701918,"standard_error":59.68924584462731},"slope":{"confidence_interval":{"confidence_level":0.95,"lower_bound":7552.610086972127,"upper_bound":7687.234680438626},"point_estimate":7615.7601042102615,"standard_error":34.38289649461693},"std_dev":{"confidence_interval":{"confidence_level":0.95,"lower_bound":527.636742695013,"upper_bound":1083.3702687618854},"point_estimate":817.1793560103823,"standard_error":143.49760558715664}}