{"mean":{"confidence_interval":{"confidence_level":0.95,"lower_bound":1344.0728601271833,"upper_bound":1614.748231515622},"point_estimate":1459.2194917661839,"standard_error":69.93667276185279},"median":{"confidence_interval":{"confidence_level":0.95,"lower_bound":1241.1576998828475,"upper_bound":1294.1803049555274},"point_estimate":1266.4048154302284,"standard_error":14.527630917276511},"median_abs_dev":{"confidence_interval":{"confidence_level":0.95,"lower_bound":51.72615126916544,"upper_bound":119.51270752030746},"point_estimate":83.56335273775625,"standard_error":17.860890066362},"slope":{"confidence_interval":{"confidence_level":0.95,"lower_bound":1223.2154963856026,"upper_bound":1237.5478240877524},"point_estimate":1229.4681764876975,"standard_error":3.6779855923504816},"std_dev":{"confidence_interval":{"confidence_level":0.95,"lower_bound":247.21520426721958,"upper_bound":1089.13428771046},"point_estimate":701.3876301434743,"standard_error":229.4047265129467}}