{"mean":{"confidence_interval":{"confidence_level":0.95,"lower_bound":1515.716560468985,"upper_bound":1836.0729891003957},"point_estimate":1653.1481417913715,"standard_error":82.57614703378742},"median":{"confidence_interval":{"confidence_level":0.95,"lower_bound":1390.117783530331,"upper_bound":1452.8997521246458},"point_estimate":1413.594102036453,"standard_error":15.913764877330335},"median_abs_dev":{"confidence_interval":{"confidence_level":0.95,"lower_bound":67.89414014703183,"upper_bound":147.76110848782693},"point_estimate":101.94349501089604,"standard_error":20.657413958302445},"slope":{"confidence_interval":{"confidence_level":0.95,"lower_bound":1366.4257747851777,"upper_bound":1384.2636271573824},"point_estimate":1374.1416274278902,"standard_error":4.546134107865633},"std_dev":{"confidence_interval":{"confidence_level":0.95,"lower_bound":304.7731154027,"upper_bound":1275.3237098941381},"point_estimate":828.2802994524168,"standard_error":259.1858941522093}}