{"mean":{"confidence_interval":{"confidence_level":0.95,"lower_bound":41939408.505,"upper_bound":42469796.14125},"point_estimate":42194927.16,"standard_error":135741.31886555348},"median":{"confidence_interval":{"confidence_level":0.95,"lower_bound":41655377.0,"upper_bound":42076030.0},"point_estimate":41861628.5,"standard_error":100989.74343353516},"median_abs_dev":{"confidence_interval":{"confidence_level":0.95,"lower_bound":726923.95619452,"upper_bound":1235680.3610622883},"point_estimate":1053330.9424996376,"standard_error":135102.99389077708},"slope":null,"std_dev":{"confidence_interval":{"confidence_level":0.95,"lower_bound":1065611.0706433647,"upper_bound":1622885.9199361915},"point_estimate":1366750.6828525062,"standard_error":142165.94117099818}}