{"mean":{"confidence_interval":{"confidence_level":0.95,"lower_bound":41854087.23075,"upper_bound":42630784.5905},"point_estimate":42225241.45,"standard_error":197895.96024583324},"median":{"confidence_interval":{"confidence_level":0.95,"lower_bound":42034455.5,"upper_bound":42517859.0},"point_estimate":42296057.0,"standard_error":115799.35065892576},"median_abs_dev":{"confidence_interval":{"confidence_level":0.95,"lower_bound":882498.3605325222,"upper_bound":1771718.8293457031},"point_estimate":1330196.1093842983,"standard_error":233671.75923119424},"slope":null,"std_dev":{"confidence_interval":{"confidence_level":0.95,"lower_bound":1435558.4207726954,"upper_bound":2561274.891935276},"point_estimate":1993525.528389196,"standard_error":295059.76517518575}}