{"mean":{"confidence_interval":{"confidence_level":0.95,"lower_bound":40281329.864250004,"upper_bound":41496021.33525},"point_estimate":40871776.0,"standard_error":309270.03067570546},"median":{"confidence_interval":{"confidence_level":0.95,"lower_bound":39644401.0,"upper_bound":41154701.0},"point_estimate":40331551.0,"standard_error":360183.80267285876},"median_abs_dev":{"confidence_interval":{"confidence_level":0.95,"lower_bound":2199585.3209495544,"upper_bound":3736168.612919744},"point_estimate":2765271.34090662,"standard_error":390120.35106171557},"slope":null,"std_dev":{"confidence_interval":{"confidence_level":0.95,"lower_bound":2584055.3246405693,"upper_bound":3611626.868385551},"point_estimate":3116688.3635166124,"standard_error":262272.41032549104}}