{"mean":{"confidence_interval":{"confidence_level":0.95,"lower_bound":95823013.28175001,"upper_bound":96935774.585},"point_estimate":96395097.22,"standard_error":284165.1534561303},"median":{"confidence_interval":{"confidence_level":0.95,"lower_bound":96369286.5,"upper_bound":97921762.0},"point_estimate":97039687.0,"standard_error":383302.35248542944},"median_abs_dev":{"confidence_interval":{"confidence_level":0.95,"lower_bound":1914416.11161232,"upper_bound":3510024.303084612},"point_estimate":2616901.631140709,"standard_error":405664.4386423954},"slope":null,"std_dev":{"confidence_interval":{"confidence_level":0.95,"lower_bound":2461837.592081945,"upper_bound":3187136.938319716},"point_estimate":2853037.1573762954,"standard_error":184958.41052098182}}