{"mean":{"confidence_interval":{"confidence_level":0.95,"lower_bound":49964791.701500006,"upper_bound":50661341.7675},"point_estimate":50317568.55,"standard_error":176562.68922109055},"median":{"confidence_interval":{"confidence_level":0.95,"lower_bound":50053355.0,"upper_bound":50799264.0},"point_estimate":50504645.0,"standard_error":223252.5063156428},"median_abs_dev":{"confidence_interval":{"confidence_level":0.95,"lower_bound":1282861.140024662,"upper_bound":2108239.371371269},"point_estimate":1660226.5700250864,"standard_error":215048.65458508302},"slope":null,"std_dev":{"confidence_interval":{"confidence_level":0.95,"lower_bound":1519320.2409772822,"upper_bound":2010251.6219018644},"point_estimate":1780283.3747413221,"standard_error":124850.68611239137}}