{"mean":{"confidence_interval":{"confidence_level":0.95,"lower_bound":107782693.75,"upper_bound":108009767.905},"point_estimate":107888613.13,"standard_error":57819.62596527811},"median":{"confidence_interval":{"confidence_level":0.95,"lower_bound":107811413.0,"upper_bound":107956155.5},"point_estimate":107874200.0,"standard_error":34648.9948857228},"median_abs_dev":{"confidence_interval":{"confidence_level":0.95,"lower_bound":333872.61847257614,"upper_bound":496453.79028618336},"point_estimate":414698.0386376381,"standard_error":41049.929099979076},"slope":null,"std_dev":{"confidence_interval":{"confidence_level":0.95,"lower_bound":386711.35419524816,"upper_bound":807317.896456328},"point_estimate":578679.5205727224,"standard_error":121134.03424670412}}