{"mean":{"confidence_interval":{"confidence_level":0.95,"lower_bound":41451514.839,"upper_bound":43017129.156},"point_estimate":42219259.09,"standard_error":400522.09926912695},"median":{"confidence_interval":{"confidence_level":0.95,"lower_bound":41648904.5,"upper_bound":43185408.5},"point_estimate":42417658.0,"standard_error":359203.02011666837},"median_abs_dev":{"confidence_interval":{"confidence_level":0.95,"lower_bound":2624875.795099139,"upper_bound":4757144.405543804},"point_estimate":3283296.960809827,"standard_error":588748.0857323145},"slope":null,"std_dev":{"confidence_interval":{"confidence_level":0.95,"lower_bound":3352549.040491501,"upper_bound":4721048.071990771},"point_estimate":4026830.229951792,"standard_error":353008.4120613743}}