{"mean":{"confidence_interval":{"confidence_level":0.95,"lower_bound":4332608.962227271,"upper_bound":4459215.734363635},"point_estimate":4393323.945454545,"standard_error":32290.162369933412},"median":{"confidence_interval":{"confidence_level":0.95,"lower_bound":4278614.363636363,"upper_bound":4374841.545454545},"point_estimate":4309187.0,"standard_error":25898.043046925508},"median_abs_dev":{"confidence_interval":{"confidence_level":0.95,"lower_bound":160518.26873204982,"upper_bound":279981.9963747801},"point_estimate":225206.80121996198,"standard_error":31162.38800715853},"slope":null,"std_dev":{"confidence_interval":{"confidence_level":0.95,"lower_bound":259712.84635203006,"upper_bound":381641.4317327299},"point_estimate":324544.9995616335,"standard_error":31141.232950483874}}