{"mean":{"confidence_interval":{"confidence_level":0.95,"lower_bound":3181395.3215937503,"upper_bound":3248280.101875},"point_estimate":3212351.221875,"standard_error":17155.259480324756},"median":{"confidence_interval":{"confidence_level":0.95,"lower_bound":3151506.5,"upper_bound":3212524.9375},"point_estimate":3181053.125,"standard_error":14357.36521170595},"median_abs_dev":{"confidence_interval":{"confidence_level":0.95,"lower_bound":86948.88237509876,"upper_bound":141371.56106093433},"point_estimate":113006.54986873269,"standard_error":13454.706755325908},"slope":null,"std_dev":{"confidence_interval":{"confidence_level":0.95,"lower_bound":109858.23779039121,"upper_bound":235714.59634675662},"point_estimate":171594.6337671732,"standard_error":33782.59746865241}}