{"mean":{"confidence_interval":{"confidence_level":0.95,"lower_bound":2998492.050882353,"upper_bound":3010515.5224852944},"point_estimate":3004411.5135294115,"standard_error":3058.9676256087664},"median":{"confidence_interval":{"confidence_level":0.95,"lower_bound":2992535.794117647,"upper_bound":3004965.705882353},"point_estimate":2996551.029411765,"standard_error":3783.580191696717},"median_abs_dev":{"confidence_interval":{"confidence_level":0.95,"lower_bound":21231.66013482737,"upper_bound":36856.12716920197},"point_estimate":30751.87062463362,"standard_error":4186.164388547619},"slope":null,"std_dev":{"confidence_interval":{"confidence_level":0.95,"lower_bound":25879.487428970788,"upper_bound":35428.812573290124},"point_estimate":30839.575580858265,"standard_error":2426.462869956429}}