{"mean":{"confidence_interval":{"confidence_level":0.95,"lower_bound":2914588.502470588,"upper_bound":2918630.4862352954},"point_estimate":2916585.444705883,"standard_error":1032.6989289463893},"median":{"confidence_interval":{"confidence_level":0.95,"lower_bound":2914327.8235294116,"upper_bound":2918444.9411764704},"point_estimate":2916766.176470588,"standard_error":1091.930748365769},"median_abs_dev":{"confidence_interval":{"confidence_level":0.95,"lower_bound":8214.955636508528,"upper_bound":13510.410289554156},"point_estimate":10740.346662261987,"standard_error":1385.2612779820452},"slope":null,"std_dev":{"confidence_interval":{"confidence_level":0.95,"lower_bound":8980.85525923364,"upper_bound":11704.567035124026},"point_estimate":10402.371882953272,"standard_error":698.5802336698214}}