{"mean":{"confidence_interval":{"confidence_level":0.95,"lower_bound":3258845.9840166685,"upper_bound":3264287.5240666666},"point_estimate":3261466.0560000003,"standard_error":1390.4966466124743},"median":{"confidence_interval":{"confidence_level":0.95,"lower_bound":3256662.0,"upper_bound":3260982.066666667},"point_estimate":3258875.4000000004,"standard_error":951.1359873423065},"median_abs_dev":{"confidence_interval":{"confidence_level":0.95,"lower_bound":7324.340389967241,"upper_bound":12583.026127606592},"point_estimate":9641.79240882369,"standard_error":1355.1957132262942},"slope":null,"std_dev":{"confidence_interval":{"confidence_level":0.95,"lower_bound":10897.593281607153,"upper_bound":16629.61989467284},"point_estimate":13984.522062550272,"standard_error":1464.8202066087256}}