{"mean":{"confidence_interval":{"confidence_level":0.95,"lower_bound":2896112.3607647056,"upper_bound":2903135.3655000012},"point_estimate":2899237.4117647056,"standard_error":1798.3878856964384},"median":{"confidence_interval":{"confidence_level":0.95,"lower_bound":2892308.794117647,"upper_bound":2897670.794117647},"point_estimate":2894214.705882353,"standard_error":1551.7993805767749},"median_abs_dev":{"confidence_interval":{"confidence_level":0.95,"lower_bound":7940.757492552962,"upper_bound":14603.446218678217},"point_estimate":11154.471719615396,"standard_error":1737.9923266333096},"slope":null,"std_dev":{"confidence_interval":{"confidence_level":0.95,"lower_bound":10390.383589537281,"upper_bound":26618.553265991995},"point_estimate":18010.963771771003,"standard_error":5080.839329653945}}