{"mean":{"confidence_interval":{"confidence_level":0.95,"lower_bound":3218426.9753500004,"upper_bound":3234321.947333331},"point_estimate":3225873.015999999,"standard_error":4088.688632451527},"median":{"confidence_interval":{"confidence_level":0.95,"lower_bound":3209460.0,"upper_bound":3217409.9333333336},"point_estimate":3213000.066666667,"standard_error":2363.909709929789},"median_abs_dev":{"confidence_interval":{"confidence_level":0.95,"lower_bound":14459.896383285844,"upper_bound":25521.37710690466},"point_estimate":18982.320502996306,"standard_error":2816.926295028853},"slope":null,"std_dev":{"confidence_interval":{"confidence_level":0.95,"lower_bound":27061.637762720915,"upper_bound":53725.1849513447},"point_estimate":41193.52460550877,"standard_error":6855.358508482281}}