{"mean":{"confidence_interval":{"confidence_level":0.95,"lower_bound":3791247.3114807676,"upper_bound":3854532.006153847},"point_estimate":3822563.5930769215,"standard_error":16119.558317244817},"median":{"confidence_interval":{"confidence_level":0.95,"lower_bound":3762345.230769231,"upper_bound":3836350.3076923075},"point_estimate":3785688.807692308,"standard_error":19598.486165386246},"median_abs_dev":{"confidence_interval":{"confidence_level":0.95,"lower_bound":113903.4800855011,"upper_bound":199540.6784651362},"point_estimate":158694.99216721617,"standard_error":21370.374500715585},"slope":null,"std_dev":{"confidence_interval":{"confidence_level":0.95,"lower_bound":140076.38689996803,"upper_bound":182515.23102837938},"point_estimate":162913.6217281912,"standard_error":10788.74445289556}}