{"mean":{"confidence_interval":{"confidence_level":0.95,"lower_bound":3368075.295216666,"upper_bound":3400196.889566668},"point_estimate":3382873.2979999995,"standard_error":8277.233975481999},"median":{"confidence_interval":{"confidence_level":0.95,"lower_bound":3352051.466666667,"upper_bound":3368678.533333333},"point_estimate":3361288.166666667,"standard_error":3864.132623518432},"median_abs_dev":{"confidence_interval":{"confidence_level":0.95,"lower_bound":25352.195152908927,"upper_bound":41572.95575693245},"point_estimate":34732.57306337398,"standard_error":4073.6969056900234},"slope":null,"std_dev":{"confidence_interval":{"confidence_level":0.95,"lower_bound":51976.918442567745,"upper_bound":107793.48994119231},"point_estimate":83305.40524450093,"standard_error":14308.768070076241}}