{"mean":{"confidence_interval":{"confidence_level":0.95,"lower_bound":2952120.369308824,"upper_bound":2960476.7230000007},"point_estimate":2956116.515882352,"standard_error":2130.9943187268564},"median":{"confidence_interval":{"confidence_level":0.95,"lower_bound":2946897.5882352944,"upper_bound":2955935.9411764704},"point_estimate":2951541.7647058824,"standard_error":2341.6688396057457},"median_abs_dev":{"confidence_interval":{"confidence_level":0.95,"lower_bound":12567.215071004817,"upper_bound":20913.642440472966},"point_estimate":16103.695672926024,"standard_error":2177.9627130278195},"slope":null,"std_dev":{"confidence_interval":{"confidence_level":0.95,"lower_bound":16480.800070880116,"upper_bound":26192.719105487144},"point_estimate":21439.675707980714,"standard_error":2490.4849402250693}}