{"mean":{"confidence_interval":{"confidence_level":0.95,"lower_bound":3615261.3771428573,"upper_bound":3635554.4140178547},"point_estimate":3625483.905714286,"standard_error":5185.954868053205},"median":{"confidence_interval":{"confidence_level":0.95,"lower_bound":3615184.6428571427,"upper_bound":3649721.0},"point_estimate":3632035.9285714286,"standard_error":7840.6029553948265},"median_abs_dev":{"confidence_interval":{"confidence_level":0.95,"lower_bound":45649.30613956311,"upper_bound":69968.44645781149},"point_estimate":58371.019963707295,"standard_error":5932.264515269328},"slope":null,"std_dev":{"confidence_interval":{"confidence_level":0.95,"lower_bound":45767.92587261831,"upper_bound":58065.54235542797},"point_estimate":52271.19711641178,"standard_error":3134.6216863188747}}