{"mean":{"confidence_interval":{"confidence_level":0.95,"lower_bound":4550.58605560245,"upper_bound":5200.942060656581},"point_estimate":4822.438427059608,"standard_error":168.85378959584557},"median":{"confidence_interval":{"confidence_level":0.95,"lower_bound":4331.513222591362,"upper_bound":4441.871106412967},"point_estimate":4366.0219516643865,"standard_error":32.15698544643424},"median_abs_dev":{"confidence_interval":{"confidence_level":0.95,"lower_bound":108.5637087082684,"upper_bound":251.47659095379586},"point_estimate":160.52796312502727,"standard_error":39.04338942515346},"slope":{"confidence_interval":{"confidence_level":0.95,"lower_bound":4296.757810521691,"upper_bound":4330.099104256339},"point_estimate":4311.637747495541,"standard_error":8.540301000685963},"std_dev":{"confidence_interval":{"confidence_level":0.95,"lower_bound":539.504821795362,"upper_bound":2692.2042339367617},"point_estimate":1699.3446961455743,"standard_error":609.3277926582514}}