{"mean":{"confidence_interval":{"confidence_level":0.95,"lower_bound":6112.69784985954,"upper_bound":7107.150637847218},"point_estimate":6525.843564248809,"standard_error":259.6715985385493},"median":{"confidence_interval":{"confidence_level":0.95,"lower_bound":5771.185979814971,"upper_bound":5951.858837659232},"point_estimate":5816.929467310298,"standard_error":47.41602649777585},"median_abs_dev":{"confidence_interval":{"confidence_level":0.95,"lower_bound":210.64483781453387,"upper_bound":467.30261340278724},"point_estimate":284.7252485957828,"standard_error":64.5501817274165},"slope":{"confidence_interval":{"confidence_level":0.95,"lower_bound":5700.146921198495,"upper_bound":5783.6312607936625},"point_estimate":5737.2384045961935,"standard_error":21.401846642254423},"std_dev":{"confidence_interval":{"confidence_level":0.95,"lower_bound":849.3778427281021,"upper_bound":4156.438194154919},"point_estimate":2617.0423998281203,"standard_error":960.6220103261337}}