{"mean":{"confidence_interval":{"confidence_level":0.95,"lower_bound":4526.221616144234,"upper_bound":5146.095095196818},"point_estimate":4786.954514014107,"standard_error":160.49837161049433},"median":{"confidence_interval":{"confidence_level":0.95,"lower_bound":4317.879333040807,"upper_bound":4413.870976744186},"point_estimate":4360.519290769897,"standard_error":24.190504930038248},"median_abs_dev":{"confidence_interval":{"confidence_level":0.95,"lower_bound":124.22556873671213,"upper_bound":256.31285120998206},"point_estimate":174.18412402902277,"standard_error":34.15613259224838},"slope":{"confidence_interval":{"confidence_level":0.95,"lower_bound":4273.561177675898,"upper_bound":4307.775072738677},"point_estimate":4288.624691495321,"standard_error":8.721641404959808},"std_dev":{"confidence_interval":{"confidence_level":0.95,"lower_bound":517.9052826006139,"upper_bound":2562.7836373252694},"point_estimate":1618.0656224221627,"standard_error":578.5156408245213}}