{"mean":{"confidence_interval":{"confidence_level":0.95,"lower_bound":9658.157862268292,"upper_bound":11083.06528295584},"point_estimate":10260.500470636278,"standard_error":369.1634166035608},"median":{"confidence_interval":{"confidence_level":0.95,"lower_bound":9167.234782608695,"upper_bound":9477.365556322367},"point_estimate":9311.299402686629,"standard_error":76.13652039314277},"median_abs_dev":{"confidence_interval":{"confidence_level":0.95,"lower_bound":316.74978363166093,"upper_bound":628.5624665532404},"point_estimate":458.472829622807,"standard_error":77.8803898868179},"slope":{"confidence_interval":{"confidence_level":0.95,"lower_bound":9093.374497285919,"upper_bound":9235.462357252267},"point_estimate":9157.2369277761,"standard_error":36.279178009137254},"std_dev":{"confidence_interval":{"confidence_level":0.95,"lower_bound":1225.956847547543,"upper_bound":5795.4460048007495},"point_estimate":3714.1514230209605,"standard_error":1252.9621430367201}}