{"mean":{"confidence_interval":{"confidence_level":0.95,"lower_bound":6194.989310362998,"upper_bound":7098.287661639178},"point_estimate":6572.588344629381,"standard_error":234.612533877733},"median":{"confidence_interval":{"confidence_level":0.95,"lower_bound":5851.878204773626,"upper_bound":6073.032054650552},"point_estimate":5920.9520719900665,"standard_error":65.19082892729669},"median_abs_dev":{"confidence_interval":{"confidence_level":0.95,"lower_bound":154.0349319073306,"upper_bound":400.3964313993001},"point_estimate":251.26440877453203,"standard_error":65.3078146294505},"slope":{"confidence_interval":{"confidence_level":0.95,"lower_bound":5820.601185543242,"upper_bound":5872.717842174096},"point_estimate":5844.330768392343,"standard_error":13.256200689296803},"std_dev":{"confidence_interval":{"confidence_level":0.95,"lower_bound":760.3446353028941,"upper_bound":3721.3283901052578},"point_estimate":2347.6771974909907,"standard_error":834.7110439579742}}