{"mean":{"confidence_interval":{"confidence_level":0.95,"lower_bound":4472.392311544397,"upper_bound":5108.704317183392},"point_estimate":4740.576047478357,"standard_error":165.80084158508473},"median":{"confidence_interval":{"confidence_level":0.95,"lower_bound":4258.660782629071,"upper_bound":4366.077370846471},"point_estimate":4314.946781289655,"standard_error":28.57365926179894},"median_abs_dev":{"confidence_interval":{"confidence_level":0.95,"lower_bound":105.03531033086713,"upper_bound":238.27898412910307},"point_estimate":167.39989397171132,"standard_error":35.59561134577877},"slope":{"confidence_interval":{"confidence_level":0.95,"lower_bound":4228.13263515287,"upper_bound":4261.201243394769},"point_estimate":4242.803373691382,"standard_error":8.393650944963857},"std_dev":{"confidence_interval":{"confidence_level":0.95,"lower_bound":517.2570976167069,"upper_bound":2641.5344740961123},"point_estimate":1671.855145228493,"standard_error":603.8834090939542}}