{"mean":{"confidence_interval":{"confidence_level":0.95,"lower_bound":67409.4120721047,"upper_bound":68794.64224571415},"point_estimate":68090.75015378892,"standard_error":352.00211040660923},"median":{"confidence_interval":{"confidence_level":0.95,"lower_bound":67419.48977777778,"upper_bound":68601.7564102564},"point_estimate":67977.54020805066,"standard_error":283.5225284195018},"median_abs_dev":{"confidence_interval":{"confidence_level":0.95,"lower_bound":2143.5340474201785,"upper_bound":3859.944270123314},"point_estimate":3088.1723516654397,"standard_error":469.92674889492145},"slope":{"confidence_interval":{"confidence_level":0.95,"lower_bound":66179.22791898562,"upper_bound":67548.88683436484},"point_estimate":66851.76825299246,"standard_error":351.3896292852516},"std_dev":{"confidence_interval":{"confidence_level":0.95,"lower_bound":2815.540968787065,"upper_bound":4209.295403660271},"point_estimate":3510.48185708839,"standard_error":359.41686907685545}}