{"mean":{"confidence_interval":{"confidence_level":0.95,"lower_bound":85898.89704322022,"upper_bound":89416.94376211237},"point_estimate":87478.71322841701,"standard_error":900.109756305885},"median":{"confidence_interval":{"confidence_level":0.95,"lower_bound":84685.50486111111,"upper_bound":85628.76174903101},"point_estimate":85047.44549481416,"standard_error":235.44174735154718},"median_abs_dev":{"confidence_interval":{"confidence_level":0.95,"lower_bound":1982.5991392928154,"upper_bound":3244.5230159856505},"point_estimate":2715.532792629329,"standard_error":322.86560926510333},"slope":{"confidence_interval":{"confidence_level":0.95,"lower_bound":85164.54833264391,"upper_bound":87085.04852834868},"point_estimate":86058.88669031083,"standard_error":491.00211391395186},"std_dev":{"confidence_interval":{"confidence_level":0.95,"lower_bound":4522.594739414532,"upper_bound":12774.587272533869},"point_estimate":9054.716185758374,"standard_error":2121.242269040896}}