{"mean":{"confidence_interval":{"confidence_level":0.95,"lower_bound":74804.23713440224,"upper_bound":76151.9561827546},"point_estimate":75437.25145576388,"standard_error":344.0551634009812},"median":{"confidence_interval":{"confidence_level":0.95,"lower_bound":74088.5220485729,"upper_bound":75391.90625},"point_estimate":74519.41605415862,"standard_error":346.09963901882435},"median_abs_dev":{"confidence_interval":{"confidence_level":0.95,"lower_bound":1739.0102326341018,"upper_bound":2934.286743018133},"point_estimate":2341.2308195611795,"standard_error":310.66238411558356},"slope":{"confidence_interval":{"confidence_level":0.95,"lower_bound":74405.44698585737,"upper_bound":75794.39407373795},"point_estimate":75069.47477738606,"standard_error":355.21961210197094},"std_dev":{"confidence_interval":{"confidence_level":0.95,"lower_bound":2402.933760336278,"upper_bound":4376.027868916275},"point_estimate":3454.2452214988466,"standard_error":501.78904998511325}}