{"mean":{"confidence_interval":{"confidence_level":0.95,"lower_bound":68308.48625667901,"upper_bound":69020.19313853682},"point_estimate":68628.96822755616,"standard_error":183.0923265255955},"median":{"confidence_interval":{"confidence_level":0.95,"lower_bound":67947.11854864433,"upper_bound":68441.91228070176},"point_estimate":68154.42268518519,"standard_error":127.48383241470835},"median_abs_dev":{"confidence_interval":{"confidence_level":0.95,"lower_bound":627.9825712222449,"upper_bound":1035.314053198442},"point_estimate":876.9206575516855,"standard_error":105.97831579419632},"slope":{"confidence_interval":{"confidence_level":0.95,"lower_bound":67910.47376856659,"upper_bound":68230.90398073393},"point_estimate":68059.07196354859,"standard_error":81.8993315314531},"std_dev":{"confidence_interval":{"confidence_level":0.95,"lower_bound":957.3497471349716,"upper_bound":2652.7347220202855},"point_estimate":1842.8348816146654,"standard_error":449.2310424354167}}