{"mean":{"confidence_interval":{"confidence_level":0.95,"lower_bound":69948.66038710318,"upper_bound":73355.3620737586},"point_estimate":71413.12320780275,"standard_error":873.6169114869939},"median":{"confidence_interval":{"confidence_level":0.95,"lower_bound":68290.21214107366,"upper_bound":70913.78914728682},"point_estimate":69421.36971694796,"standard_error":620.9520355487616},"median_abs_dev":{"confidence_interval":{"confidence_level":0.95,"lower_bound":3344.544736369588,"upper_bound":5573.274377497282},"point_estimate":4436.317824869239,"standard_error":530.1675931497568},"slope":{"confidence_interval":{"confidence_level":0.95,"lower_bound":68185.9115314559,"upper_bound":69729.43121570369},"point_estimate":68915.79057701591,"standard_error":394.08350834897266},"std_dev":{"confidence_interval":{"confidence_level":0.95,"lower_bound":4337.994875676772,"upper_bound":13325.909368354543},"point_estimate":8721.912517394645,"standard_error":2800.883149812139}}