{"mean":{"confidence_interval":{"confidence_level":0.95,"lower_bound":76734.27480054116,"upper_bound":94149.3324654504},"point_estimate":83947.12231651257,"standard_error":4532.907228587721},"median":{"confidence_interval":{"confidence_level":0.95,"lower_bound":71497.62244897959,"upper_bound":75364.11428571428},"point_estimate":72637.98253052917,"standard_error":894.679316019014},"median_abs_dev":{"confidence_interval":{"confidence_level":0.95,"lower_bound":3927.6646495345403,"upper_bound":8176.566188485562},"point_estimate":5173.483110632263,"standard_error":1027.9019234642449},"slope":{"confidence_interval":{"confidence_level":0.95,"lower_bound":69692.42575761175,"upper_bound":71617.05898276425},"point_estimate":70594.37573307437,"standard_error":491.7285659107024},"std_dev":{"confidence_interval":{"confidence_level":0.95,"lower_bound":13782.666154585673,"upper_bound":72910.84378789095},"point_estimate":45723.04933199734,"standard_error":17042.240939400817}}