{"mean":{"confidence_interval":{"confidence_level":0.95,"lower_bound":45994.93539100267,"upper_bound":56661.36841389848},"point_estimate":50491.71974169262,"standard_error":2770.1791026971396},"median":{"confidence_interval":{"confidence_level":0.95,"lower_bound":42156.134128166916,"upper_bound":43917.34257206209},"point_estimate":43147.84190437538,"standard_error":478.60189137002675},"median_abs_dev":{"confidence_interval":{"confidence_level":0.95,"lower_bound":1776.5044940626738,"upper_bound":4112.347777616236},"point_estimate":3061.727695395965,"standard_error":638.1725625797563},"slope":{"confidence_interval":{"confidence_level":0.95,"lower_bound":41580.98557884713,"upper_bound":42106.7073994433},"point_estimate":41810.06290017061,"standard_error":134.4686839689442},"std_dev":{"confidence_interval":{"confidence_level":0.95,"lower_bound":9179.630045474261,"upper_bound":43682.32321903725},"point_estimate":27810.823823027153,"standard_error":9637.518434542666}}