{"mean":{"confidence_interval":{"confidence_level":0.95,"lower_bound":50896.06434166902,"upper_bound":63100.12605258765},"point_estimate":55995.99737494731,"standard_error":3194.426198607997},"median":{"confidence_interval":{"confidence_level":0.95,"lower_bound":46657.40775862069,"upper_bound":48988.64140146879},"point_estimate":47541.29037254902,"standard_error":585.5071855869209},"median_abs_dev":{"confidence_interval":{"confidence_level":0.95,"lower_bound":2219.6449734722105,"upper_bound":5089.612074907741},"point_estimate":3278.4430032739583,"standard_error":734.6803412940204},"slope":{"confidence_interval":{"confidence_level":0.95,"lower_bound":45955.98058678731,"upper_bound":46564.02368640811},"point_estimate":46221.02319757648,"standard_error":155.24504959176286},"std_dev":{"confidence_interval":{"confidence_level":0.95,"lower_bound":10010.447570285509,"upper_bound":50577.3434707526},"point_estimate":31935.61423519224,"standard_error":11534.794252093303}}