{"mean":{"confidence_interval":{"confidence_level":0.95,"lower_bound":61277.32181825596,"upper_bound":76291.80641317407},"point_estimate":67511.75584311313,"standard_error":3904.1460470881343},"median":{"confidence_interval":{"confidence_level":0.95,"lower_bound":55845.40740740741,"upper_bound":59141.191666666666},"point_estimate":57516.5687404941,"standard_error":840.2569534837248},"median_abs_dev":{"confidence_interval":{"confidence_level":0.95,"lower_bound":2721.956055245361,"upper_bound":6998.605227403227},"point_estimate":4774.019797724956,"standard_error":1085.0359709105887},"slope":{"confidence_interval":{"confidence_level":0.95,"lower_bound":55078.198447653514,"upper_bound":55905.746202710914},"point_estimate":55444.73461011773,"standard_error":211.28113187271467},"std_dev":{"confidence_interval":{"confidence_level":0.95,"lower_bound":12415.789833692723,"upper_bound":62378.4258128812},"point_estimate":39245.37895870672,"standard_error":14375.390343490808}}