{"mean":{"confidence_interval":{"confidence_level":0.95,"lower_bound":61193.18556405915,"upper_bound":76544.1039960585},"point_estimate":67637.80462258,"standard_error":3991.597520213742},"median":{"confidence_interval":{"confidence_level":0.95,"lower_bound":55860.55971479501,"upper_bound":59053.58141012503},"point_estimate":57220.39725288942,"standard_error":791.5707579189816},"median_abs_dev":{"confidence_interval":{"confidence_level":0.95,"lower_bound":2544.419121351653,"upper_bound":6444.6545225513855},"point_estimate":4229.707125417139,"standard_error":947.0316645661621},"slope":{"confidence_interval":{"confidence_level":0.95,"lower_bound":55043.99321055026,"upper_bound":55799.26304575448},"point_estimate":55378.384444927375,"standard_error":192.68965120520468},"std_dev":{"confidence_interval":{"confidence_level":0.95,"lower_bound":12650.179410018667,"upper_bound":63462.137547418824},"point_estimate":40137.80550667622,"standard_error":14348.47684934713}}