{"mean":{"confidence_interval":{"confidence_level":0.95,"lower_bound":68657.68452219374,"upper_bound":83614.30241568905},"point_estimate":74992.02211189465,"standard_error":3863.048107838254},"median":{"confidence_interval":{"confidence_level":0.95,"lower_bound":62289.6171875,"upper_bound":67576.40421626985},"point_estimate":63895.12775383142,"standard_error":1490.8119565084855},"median_abs_dev":{"confidence_interval":{"confidence_level":0.95,"lower_bound":6324.513353269983,"upper_bound":12689.536247606335},"point_estimate":8795.140447869464,"standard_error":1767.7149107027597},"slope":{"confidence_interval":{"confidence_level":0.95,"lower_bound":61648.2802657691,"upper_bound":64052.4934652857},"point_estimate":62782.09577711689,"standard_error":614.930293730542},"std_dev":{"confidence_interval":{"confidence_level":0.95,"lower_bound":14686.242654660791,"upper_bound":60701.428068291985},"point_estimate":38898.31622857354,"standard_error":13128.582040840067}}