{"mean":{"confidence_interval":{"confidence_level":0.95,"lower_bound":43500.54730674812,"upper_bound":52295.811049283075},"point_estimate":47146.62848864693,"standard_error":2290.2483004318096},"median":{"confidence_interval":{"confidence_level":0.95,"lower_bound":40786.547591612514,"upper_bound":42016.044951425385},"point_estimate":41419.30794531812,"standard_error":337.2074845129866},"median_abs_dev":{"confidence_interval":{"confidence_level":0.95,"lower_bound":1726.2776001051452,"upper_bound":3416.905286382191},"point_estimate":2587.94810908815,"standard_error":425.3728522790608},"slope":{"confidence_interval":{"confidence_level":0.95,"lower_bound":40070.80745812575,"upper_bound":40523.99035956164},"point_estimate":40270.05785789092,"standard_error":115.63655131606188},"std_dev":{"confidence_interval":{"confidence_level":0.95,"lower_bound":7004.356589820122,"upper_bound":36616.89514166483},"point_estimate":22970.956418391568,"standard_error":8441.628216648993}}