{"mean":{"confidence_interval":{"confidence_level":0.95,"lower_bound":18967.9759852344,"upper_bound":19632.9923209281},"point_estimate":19244.265454173277,"standard_error":172.71178583987137},"median":{"confidence_interval":{"confidence_level":0.95,"lower_bound":18777.58059666975,"upper_bound":18853.74657840668},"point_estimate":18823.72410955539,"standard_error":19.975786582855328},"median_abs_dev":{"confidence_interval":{"confidence_level":0.95,"lower_bound":145.48990708584014,"upper_bound":288.4736343915077},"point_estimate":203.70561807531593,"standard_error":37.55468062936525},"slope":{"confidence_interval":{"confidence_level":0.95,"lower_bound":18704.17798548762,"upper_bound":18755.494206198935},"point_estimate":18728.06424933019,"standard_error":13.120918693006608},"std_dev":{"confidence_interval":{"confidence_level":0.95,"lower_bound":544.3837434686661,"upper_bound":2748.1351410899356},"point_estimate":1728.006117978078,"standard_error":628.6620712045741}}