{"mean":{"confidence_interval":{"confidence_level":0.95,"lower_bound":26205.29787883559,"upper_bound":27135.901164067585},"point_estimate":26594.32008289082,"standard_error":240.31019702751362},"median":{"confidence_interval":{"confidence_level":0.95,"lower_bound":25927.88327991453,"upper_bound":26129.863086598936},"point_estimate":26049.055386103257,"standard_error":56.017123278320675},"median_abs_dev":{"confidence_interval":{"confidence_level":0.95,"lower_bound":276.60817021742696,"upper_bound":493.49705990418215},"point_estimate":362.710533705914,"standard_error":54.75411790486304},"slope":{"confidence_interval":{"confidence_level":0.95,"lower_bound":25792.377115543557,"upper_bound":25872.640857760656},"point_estimate":25829.606799513476,"standard_error":20.458814792599398},"std_dev":{"confidence_interval":{"confidence_level":0.95,"lower_bound":816.2246204276963,"upper_bound":3801.2186414351786},"point_estimate":2417.900817919375,"standard_error":835.2875630456177}}