{"mean":{"confidence_interval":{"confidence_level":0.95,"lower_bound":30098.308207576494,"upper_bound":31855.740422219962},"point_estimate":30898.133552678177,"standard_error":449.3653399473613},"median":{"confidence_interval":{"confidence_level":0.95,"lower_bound":29324.06206896552,"upper_bound":30731.48990197442},"point_estimate":30121.213122605364,"standard_error":345.898593432676},"median_abs_dev":{"confidence_interval":{"confidence_level":0.95,"lower_bound":2320.1795372954093,"upper_bound":3640.901520848149},"point_estimate":2992.020018213315,"standard_error":317.4876635177368},"slope":{"confidence_interval":{"confidence_level":0.95,"lower_bound":28695.480130137985,"upper_bound":29876.04725856959},"point_estimate":29262.002834546965,"standard_error":302.8947889413329},"std_dev":{"confidence_interval":{"confidence_level":0.95,"lower_bound":2794.797099351564,"upper_bound":6441.217323819551},"point_estimate":4516.843976155104,"standard_error":1070.351140090036}}