{"mean":{"confidence_interval":{"confidence_level":0.95,"lower_bound":19245.354775668304,"upper_bound":19511.2976662354},"point_estimate":19367.33921838444,"standard_error":68.00985620617742},"median":{"confidence_interval":{"confidence_level":0.95,"lower_bound":19132.49393028846,"upper_bound":19242.68665158371},"point_estimate":19182.340894798766,"standard_error":22.581093242329334},"median_abs_dev":{"confidence_interval":{"confidence_level":0.95,"lower_bound":150.38457247072205,"upper_bound":296.57477021572674},"point_estimate":224.41205109507553,"standard_error":35.80515947478493},"slope":{"confidence_interval":{"confidence_level":0.95,"lower_bound":18998.1803802878,"upper_bound":19078.357902757445},"point_estimate":19035.50111303725,"standard_error":20.45864459396337},"std_dev":{"confidence_interval":{"confidence_level":0.95,"lower_bound":414.93215344078124,"upper_bound":922.6780208571761},"point_estimate":682.3252884945423,"standard_error":130.65223006356902}}