{"mean":{"confidence_interval":{"confidence_level":0.95,"lower_bound":17228.52826296798,"upper_bound":17541.88651285518},"point_estimate":17374.15786523239,"standard_error":79.9037004257882},"median":{"confidence_interval":{"confidence_level":0.95,"lower_bound":17037.69477124183,"upper_bound":17183.734},"point_estimate":17109.676957070704,"standard_error":32.41467027185676},"median_abs_dev":{"confidence_interval":{"confidence_level":0.95,"lower_bound":199.66091478864257,"upper_bound":336.67224568615035},"point_estimate":268.55609354065587,"standard_error":36.29357336545521},"slope":{"confidence_interval":{"confidence_level":0.95,"lower_bound":16954.99117123292,"upper_bound":17021.183269440364},"point_estimate":16985.410468203536,"standard_error":16.91151677977074},"std_dev":{"confidence_interval":{"confidence_level":0.95,"lower_bound":515.2699399381305,"upper_bound":1062.5435454788835},"point_estimate":803.0945744907048,"standard_error":140.70762782526705}}