{"mean":{"confidence_interval":{"confidence_level":0.95,"lower_bound":21638.678194990178,"upper_bound":22726.632364802812},"point_estimate":22170.845356416725,"standard_error":276.2111727027597},"median":{"confidence_interval":{"confidence_level":0.95,"lower_bound":20721.553888888888,"upper_bound":22537.16228956229},"point_estimate":21820.557522594365,"standard_error":479.1492856283659},"median_abs_dev":{"confidence_interval":{"confidence_level":0.95,"lower_bound":2245.2611662950503,"upper_bound":3684.6241640804337},"point_estimate":3184.1246001943837,"standard_error":378.7168911577383},"slope":{"confidence_interval":{"confidence_level":0.95,"lower_bound":20268.387272489224,"upper_bound":21122.584283070777},"point_estimate":20669.68327734266,"standard_error":219.593073672556},"std_dev":{"confidence_interval":{"confidence_level":0.95,"lower_bound":2348.5711399121706,"upper_bound":3150.4705714601205},"point_estimate":2770.6854313072517,"standard_error":203.8817283142101}}