{"mean":{"confidence_interval":{"confidence_level":0.95,"lower_bound":52434.313739071695,"upper_bound":64030.8697711659},"point_estimate":57244.38354599961,"standard_error":3019.1658366705437},"median":{"confidence_interval":{"confidence_level":0.95,"lower_bound":48553.95375706215,"upper_bound":50593.85769230769},"point_estimate":49481.98424744898,"standard_error":539.1260312834428},"median_abs_dev":{"confidence_interval":{"confidence_level":0.95,"lower_bound":1969.9828073680142,"upper_bound":4389.362464319289},"point_estimate":3072.8368713137106,"standard_error":628.4631197828973},"slope":{"confidence_interval":{"confidence_level":0.95,"lower_bound":47927.505035394934,"upper_bound":48466.812364145866},"point_estimate":48162.09667134624,"standard_error":137.60817560926478},"std_dev":{"confidence_interval":{"confidence_level":0.95,"lower_bound":9464.348256633291,"upper_bound":48054.462007753216},"point_estimate":30268.63449401406,"standard_error":10999.77978933792}}