{"mean":{"confidence_interval":{"confidence_level":0.95,"lower_bound":20025.409859153966,"upper_bound":20426.204393047654},"point_estimate":20215.112436457992,"standard_error":103.19379959920525},"median":{"confidence_interval":{"confidence_level":0.95,"lower_bound":19768.811524609842,"upper_bound":20017.70166294366},"point_estimate":19919.634000893806,"standard_error":50.39575757859593},"median_abs_dev":{"confidence_interval":{"confidence_level":0.95,"lower_bound":382.606121028478,"upper_bound":661.9658217777501},"point_estimate":489.9077876902507,"standard_error":70.28771023579911},"slope":{"confidence_interval":{"confidence_level":0.95,"lower_bound":19683.48373477172,"upper_bound":19854.49310920119},"point_estimate":19766.437596467284,"standard_error":43.76712734575545},"std_dev":{"confidence_interval":{"confidence_level":0.95,"lower_bound":744.1448962174404,"upper_bound":1300.7187977752353},"point_estimate":1038.6326654693714,"standard_error":142.51909739546014}}