{"mean":{"confidence_interval":{"confidence_level":0.95,"lower_bound":15876.856182831849,"upper_bound":16618.68532548763},"point_estimate":16202.292245711124,"standard_error":191.1814442716186},"median":{"confidence_interval":{"confidence_level":0.95,"lower_bound":15710.31581439394,"upper_bound":16134.084874295113},"point_estimate":15916.697887073864,"standard_error":95.03046173719412},"median_abs_dev":{"confidence_interval":{"confidence_level":0.95,"lower_bound":676.6140518057188,"upper_bound":1109.7487681611365},"point_estimate":899.8493824619804,"standard_error":110.5113736576227},"slope":{"confidence_interval":{"confidence_level":0.95,"lower_bound":15787.18175228181,"upper_bound":16233.854182522531},"point_estimate":16010.82041640498,"standard_error":113.68230675524505},"std_dev":{"confidence_interval":{"confidence_level":0.95,"lower_bound":809.0653466273741,"upper_bound":2878.5907954246854},"point_estimate":1921.0281434464841,"standard_error":538.8671001978523}}