{"mean":{"confidence_interval":{"confidence_level":0.95,"lower_bound":9811.651547714304,"upper_bound":10088.619995170127},"point_estimate":9925.62138359389,"standard_error":72.18221702354472},"median":{"confidence_interval":{"confidence_level":0.95,"lower_bound":9726.957792207791,"upper_bound":9764.483296823659},"point_estimate":9745.292524499817,"standard_error":10.190354595217878},"median_abs_dev":{"confidence_interval":{"confidence_level":0.95,"lower_bound":58.1203015529313,"upper_bound":107.18637395150124},"point_estimate":81.72537794970756,"standard_error":12.567237522675265},"slope":{"confidence_interval":{"confidence_level":0.95,"lower_bound":9712.704751190655,"upper_bound":9734.802049461314},"point_estimate":9723.482452476592,"standard_error":5.623484104387984},"std_dev":{"confidence_interval":{"confidence_level":0.95,"lower_bound":223.80167234526934,"upper_bound":1156.3271638113138},"point_estimate":724.7892637150413,"standard_error":269.26328013780653}}