{"mean":{"confidence_interval":{"confidence_level":0.95,"lower_bound":12820.532281534077,"upper_bound":13270.97874369127},"point_estimate":13023.091435603365,"standard_error":114.91356612825413},"median":{"confidence_interval":{"confidence_level":0.95,"lower_bound":12684.284703703703,"upper_bound":13037.743356643357},"point_estimate":12843.946246483221,"standard_error":93.08731801946148},"median_abs_dev":{"confidence_interval":{"confidence_level":0.95,"lower_bound":529.621917509966,"upper_bound":925.7125923605814},"point_estimate":703.7820195763767,"standard_error":101.57221445959917},"slope":{"confidence_interval":{"confidence_level":0.95,"lower_bound":12788.700332584738,"upper_bound":13162.684298681936},"point_estimate":12975.362352547998,"standard_error":95.80793964836927},"std_dev":{"confidence_interval":{"confidence_level":0.95,"lower_bound":705.8197678017868,"upper_bound":1661.0626710051038},"point_estimate":1154.395387552734,"standard_error":284.63448361097454}}