{"mean":{"confidence_interval":{"confidence_level":0.95,"lower_bound":12213.693883457023,"upper_bound":12874.784103552774},"point_estimate":12512.386880166287,"standard_error":168.76647215391972},"median":{"confidence_interval":{"confidence_level":0.95,"lower_bound":11914.465633802816,"upper_bound":12309.478126880944},"point_estimate":12130.108045533474,"standard_error":100.22494146072246},"median_abs_dev":{"confidence_interval":{"confidence_level":0.95,"lower_bound":624.9368069564465,"upper_bound":1011.2105902482407},"point_estimate":832.1933254036018,"standard_error":97.85689942730761},"slope":{"confidence_interval":{"confidence_level":0.95,"lower_bound":11677.252233117644,"upper_bound":11977.392201696111},"point_estimate":11813.226899223031,"standard_error":76.55806542316316},"std_dev":{"confidence_interval":{"confidence_level":0.95,"lower_bound":938.3351447766711,"upper_bound":2367.2044638198677},"point_estimate":1694.8572150812697,"standard_error":369.76544868124483}}