{"mean":{"confidence_interval":{"confidence_level":0.95,"lower_bound":13372.255664530194,"upper_bound":13770.864459182692},"point_estimate":13534.940527734045,"standard_error":103.8020467800798},"median":{"confidence_interval":{"confidence_level":0.95,"lower_bound":13316.63432910667,"upper_bound":13432.571666666667},"point_estimate":13373.571451536644,"standard_error":30.157179536612414},"median_abs_dev":{"confidence_interval":{"confidence_level":0.95,"lower_bound":169.36067260677262,"upper_bound":274.0951196499488},"point_estimate":217.56640830059484,"standard_error":27.058463709422995},"slope":{"confidence_interval":{"confidence_level":0.95,"lower_bound":13273.798112118815,"upper_bound":13344.263981189164},"point_estimate":13310.073720427565,"standard_error":17.928015444022623},"std_dev":{"confidence_interval":{"confidence_level":0.95,"lower_bound":301.15970244419833,"upper_bound":1672.222963539731},"point_estimate":1040.229636021435,"standard_error":396.213817480454}}