{"mean":{"confidence_interval":{"confidence_level":0.95,"lower_bound":19296.494769875586,"upper_bound":20054.19566948535},"point_estimate":19616.819012444135,"standard_error":196.3940671395351},"median":{"confidence_interval":{"confidence_level":0.95,"lower_bound":18997.745626072043,"upper_bound":19272.385561936015},"point_estimate":19077.55145530146,"standard_error":71.16358333425693},"median_abs_dev":{"confidence_interval":{"confidence_level":0.95,"lower_bound":186.2069269688943,"upper_bound":477.44701213693816},"point_estimate":313.44529178938615,"standard_error":67.11537198458193},"slope":{"confidence_interval":{"confidence_level":0.95,"lower_bound":18944.093926227048,"upper_bound":19021.496524675265},"point_estimate":18979.273555685053,"standard_error":19.718558305327804},"std_dev":{"confidence_interval":{"confidence_level":0.95,"lower_bound":682.5368816275886,"upper_bound":3102.236008921938},"point_estimate":1974.9807587561181,"standard_error":680.4676285495565}}