{"mean":{"confidence_interval":{"confidence_level":0.95,"lower_bound":1809544.9115138894,"upper_bound":1942271.632652778},"point_estimate":1875025.7933333335,"standard_error":33962.666733967235},"median":{"confidence_interval":{"confidence_level":0.95,"lower_bound":1772481.611111111,"upper_bound":1923676.75},"point_estimate":1842240.361111111,"standard_error":42795.6520056185},"median_abs_dev":{"confidence_interval":{"confidence_level":0.95,"lower_bound":245240.40341277898,"upper_bound":449543.1328023474},"point_estimate":324728.1477515896,"standard_error":55632.51974800446},"slope":null,"std_dev":{"confidence_interval":{"confidence_level":0.95,"lower_bound":294877.8280678555,"upper_bound":380919.44649416127},"point_estimate":340529.4502312775,"standard_error":21992.21960614093}}