{"mean":{"confidence_interval":{"confidence_level":0.95,"lower_bound":1902209.7385921038,"upper_bound":2051401.414973684},"point_estimate":1972111.7931578937,"standard_error":38091.84223887115},"median":{"confidence_interval":{"confidence_level":0.95,"lower_bound":1816527.7368421052,"upper_bound":1866546.8421052631},"point_estimate":1841698.4210526315,"standard_error":13542.676471679857},"median_abs_dev":{"confidence_interval":{"confidence_level":0.95,"lower_bound":76024.99554502321,"upper_bound":164314.37019862604},"point_estimate":125616.36501723198,"standard_error":22665.454409212532},"slope":null,"std_dev":{"confidence_interval":{"confidence_level":0.95,"lower_bound":279562.8157263378,"upper_bound":472289.7379653059},"point_estimate":382431.30855163897,"standard_error":49298.03025961253}}