{"mean":{"confidence_interval":{"confidence_level":0.95,"lower_bound":2244151.0487380936,"upper_bound":2324345.3604523796},"point_estimate":2284102.0904761897,"standard_error":20446.317618359906},"median":{"confidence_interval":{"confidence_level":0.95,"lower_bound":2252720.380952381,"upper_bound":2325150.8095238097},"point_estimate":2287909.3571428573,"standard_error":17347.674288002832},"median_abs_dev":{"confidence_interval":{"confidence_level":0.95,"lower_bound":123694.41010398525,"upper_bound":239976.52633956508},"point_estimate":185041.22001486187,"standard_error":31778.194303432632},"slope":null,"std_dev":{"confidence_interval":{"confidence_level":0.95,"lower_bound":172341.64974338486,"upper_bound":235786.16947944133},"point_estimate":205345.30671830854,"standard_error":16214.841475541727}}