{"mean":{"confidence_interval":{"confidence_level":0.95,"lower_bound":2423763.65625,"upper_bound":2543654.644078125},"point_estimate":2482958.349375,"standard_error":30630.12817642267},"median":{"confidence_interval":{"confidence_level":0.95,"lower_bound":2417121.3125,"upper_bound":2551324.5},"point_estimate":2477147.84375,"standard_error":36270.774505853515},"median_abs_dev":{"confidence_interval":{"confidence_level":0.95,"lower_bound":193256.09808870597,"upper_bound":368499.80647657067},"point_estimate":261018.16540975124,"standard_error":45598.78662777093},"slope":null,"std_dev":{"confidence_interval":{"confidence_level":0.95,"lower_bound":260883.77081939363,"upper_bound":348878.19571720186},"point_estimate":306865.8137580644,"standard_error":22538.11723596704}}