{"mean":{"confidence_interval":{"confidence_level":0.95,"lower_bound":2552257.557802632,"upper_bound":2604754.902842106},"point_estimate":2577727.577368421,"standard_error":13393.131916389255},"median":{"confidence_interval":{"confidence_level":0.95,"lower_bound":2532905.447368421,"upper_bound":2594424.5789473685},"point_estimate":2557171.5263157897,"standard_error":14618.85978813925},"median_abs_dev":{"confidence_interval":{"confidence_level":0.95,"lower_bound":88044.00435795903,"upper_bound":138305.34807814183},"point_estimate":113361.66182427052,"standard_error":12574.456512829083},"slope":null,"std_dev":{"confidence_interval":{"confidence_level":0.95,"lower_bound":105771.81092266773,"upper_bound":161560.5715880203},"point_estimate":134719.18740388242,"standard_error":14286.53714488053}}