{"mean":{"confidence_interval":{"confidence_level":0.95,"lower_bound":2124917.7076617647,"upper_bound":2418256.1893676473},"point_estimate":2266054.4888235303,"standard_error":75013.60379653634},"median":{"confidence_interval":{"confidence_level":0.95,"lower_bound":1901856.5882352942,"upper_bound":1984408.6176470588},"point_estimate":1955593.8529411764,"standard_error":19640.849928132302},"median_abs_dev":{"confidence_interval":{"confidence_level":0.95,"lower_bound":156778.58075780037,"upper_bound":307866.81199897744},"point_estimate":247277.00642172026,"standard_error":39836.555445304795},"slope":null,"std_dev":{"confidence_interval":{"confidence_level":0.95,"lower_bound":594330.4077599441,"upper_bound":878344.8305861091},"point_estimate":754684.6175493316,"standard_error":72682.79517431305}}