{"mean":{"confidence_interval":{"confidence_level":0.95,"lower_bound":2119053.748583333,"upper_bound":2305046.5227083336},"point_estimate":2210192.002777777,"standard_error":47582.96716205868},"median":{"confidence_interval":{"confidence_level":0.95,"lower_bound":1942469.9444444445,"upper_bound":2139357.277777778},"point_estimate":2034745.611111111,"standard_error":52098.96533901466},"median_abs_dev":{"confidence_interval":{"confidence_level":0.95,"lower_bound":243859.50156062836,"upper_bound":507995.1196391996},"point_estimate":388488.8422196108,"standard_error":67385.53433992884},"slope":null,"std_dev":{"confidence_interval":{"confidence_level":0.95,"lower_bound":406504.66487108916,"upper_bound":539055.2817501588},"point_estimate":478067.91883471404,"standard_error":33686.074226429126}}