{"mean":{"confidence_interval":{"confidence_level":0.95,"lower_bound":1281728.3364000008,"upper_bound":1351617.0340600004},"point_estimate":1315669.8784000005,"standard_error":17798.538469127136},"median":{"confidence_interval":{"confidence_level":0.95,"lower_bound":1263679.8399999999,"upper_bound":1331442.48},"point_estimate":1294870.1,"standard_error":16675.08520406789},"median_abs_dev":{"confidence_interval":{"confidence_level":0.95,"lower_bound":125244.94563245765,"upper_bound":206533.73759329334},"point_estimate":158378.4160162209,"standard_error":20646.79841036401},"slope":null,"std_dev":{"confidence_interval":{"confidence_level":0.95,"lower_bound":145687.02910178475,"upper_bound":208898.03299802166},"point_estimate":178841.05539808312,"standard_error":16234.346943273573}}