{"mean":{"confidence_interval":{"confidence_level":0.95,"lower_bound":7066.988449580013,"upper_bound":8338.321449254525},"point_estimate":7598.663168963387,"standard_error":329.5867682625891},"median":{"confidence_interval":{"confidence_level":0.95,"lower_bound":6604.348238783834,"upper_bound":6865.038828392821},"point_estimate":6715.797311812179,"standard_error":68.12687347710275},"median_abs_dev":{"confidence_interval":{"confidence_level":0.95,"lower_bound":271.74366919922704,"upper_bound":631.0932503644825},"point_estimate":429.2489274874807,"standard_error":92.34317978266694},"slope":{"confidence_interval":{"confidence_level":0.95,"lower_bound":6515.203955349425,"upper_bound":6606.560827865945},"point_estimate":6556.502059528238,"standard_error":23.273737159089613},"std_dev":{"confidence_interval":{"confidence_level":0.95,"lower_bound":1103.1383668970661,"upper_bound":5198.672933915898},"point_estimate":3295.8076835553743,"standard_error":1153.680524017656}}