{"mean":{"confidence_interval":{"confidence_level":0.95,"lower_bound":9749.461163990862,"upper_bound":11530.658892452302},"point_estimate":10527.827046926184,"standard_error":457.7824236758307},"median":{"confidence_interval":{"confidence_level":0.95,"lower_bound":9099.539325643302,"upper_bound":9348.06728778468},"point_estimate":9197.266154665998,"standard_error":70.31791877039187},"median_abs_dev":{"confidence_interval":{"confidence_level":0.95,"lower_bound":529.86522436743,"upper_bound":1002.4056043388167},"point_estimate":808.7538193563101,"standard_error":121.4801121795752},"slope":{"confidence_interval":{"confidence_level":0.95,"lower_bound":8839.005631914793,"upper_bound":9018.160889935081},"point_estimate":8925.860808989919,"standard_error":45.52118926296835},"std_dev":{"confidence_interval":{"confidence_level":0.95,"lower_bound":1844.1316824706944,"upper_bound":6819.136459637463},"point_estimate":4606.006994443721,"standard_error":1290.1150551027624}}