{"mean":{"confidence_interval":{"confidence_level":0.95,"lower_bound":31940.16755185689,"upper_bound":32973.98767142522},"point_estimate":32433.187732303664,"standard_error":265.0982323654446},"median":{"confidence_interval":{"confidence_level":0.95,"lower_bound":31253.736105713175,"upper_bound":32288.33020527859},"point_estimate":31653.49247311828,"standard_error":261.52833480319305},"median_abs_dev":{"confidence_interval":{"confidence_level":0.95,"lower_bound":1128.6024853174356,"upper_bound":2144.849176628396},"point_estimate":1491.3841275433613,"standard_error":246.68203817600835},"slope":{"confidence_interval":{"confidence_level":0.95,"lower_bound":31666.836229160162,"upper_bound":32626.969897693918},"point_estimate":32110.349238095692,"standard_error":244.83680457922074},"std_dev":{"confidence_interval":{"confidence_level":0.95,"lower_bound":1945.14713291521,"upper_bound":3321.380102293058},"point_estimate":2660.509086566343,"standard_error":352.9134365114126}}