{"mean":{"confidence_interval":{"confidence_level":0.95,"lower_bound":25933.60399266845,"upper_bound":26293.909062466857},"point_estimate":26089.87677070055,"standard_error":93.3401191294428},"median":{"confidence_interval":{"confidence_level":0.95,"lower_bound":25804.118152524166,"upper_bound":25854.634740922073},"point_estimate":25818.80359401639,"standard_error":14.781688716834454},"median_abs_dev":{"confidence_interval":{"confidence_level":0.95,"lower_bound":75.93678486368208,"upper_bound":159.12154060751965},"point_estimate":107.0886527909497,"standard_error":21.030691927876465},"slope":{"confidence_interval":{"confidence_level":0.95,"lower_bound":25776.73420243022,"upper_bound":25809.521376174882},"point_estimate":25792.73911186641,"standard_error":8.374863704980392},"std_dev":{"confidence_interval":{"confidence_level":0.95,"lower_bound":350.55942589189186,"upper_bound":1447.286681543751},"point_estimate":946.4393490925509,"standard_error":294.6104454105049}}