{"mean":{"confidence_interval":{"confidence_level":0.95,"lower_bound":29459.518922794443,"upper_bound":29913.787466904523},"point_estimate":29658.918722262704,"standard_error":116.65750767940675},"median":{"confidence_interval":{"confidence_level":0.95,"lower_bound":29385.579545454544,"upper_bound":29727.81358225108},"point_estimate":29519.32756999424,"standard_error":100.72518265800393},"median_abs_dev":{"confidence_interval":{"confidence_level":0.95,"lower_bound":485.25555560410737,"upper_bound":749.8537960014718},"point_estimate":615.9714375721518,"standard_error":66.04048186272375},"slope":{"confidence_interval":{"confidence_level":0.95,"lower_bound":29242.988398995796,"upper_bound":29473.972863893974},"point_estimate":29358.693846071175,"standard_error":58.90342480995271},"std_dev":{"confidence_interval":{"confidence_level":0.95,"lower_bound":598.4060403002413,"upper_bound":1771.5167411260938},"point_estimate":1173.3747781455015,"standard_error":348.96840398600847}}