{"mean":{"confidence_interval":{"confidence_level":0.95,"lower_bound":34168.06543003545,"upper_bound":34773.72643902637},"point_estimate":34469.80211786769,"standard_error":154.30738080218796},"median":{"confidence_interval":{"confidence_level":0.95,"lower_bound":34160.867374005305,"upper_bound":34753.24212893553},"point_estimate":34375.80543766578,"standard_error":142.08871532209443},"median_abs_dev":{"confidence_interval":{"confidence_level":0.95,"lower_bound":823.6169960168803,"upper_bound":1774.6182841328853},"point_estimate":1231.0637899247538,"standard_error":249.074291748641},"slope":{"confidence_interval":{"confidence_level":0.95,"lower_bound":34613.74019129635,"upper_bound":35299.410276608905},"point_estimate":34949.92620944441,"standard_error":175.58875111857813},"std_dev":{"confidence_interval":{"confidence_level":0.95,"lower_bound":1306.4471837132767,"upper_bound":1768.5095792846446},"point_estimate":1549.6830520104518,"standard_error":117.88343715389485}}