{"mean":{"confidence_interval":{"confidence_level":0.95,"lower_bound":26299.065220746823,"upper_bound":26701.48692399061},"point_estimate":26468.351087054692,"standard_error":103.76438012185994},"median":{"confidence_interval":{"confidence_level":0.95,"lower_bound":26162.91613672496,"upper_bound":26240.230298719773},"point_estimate":26193.810192545487,"standard_error":22.416076487197916},"median_abs_dev":{"confidence_interval":{"confidence_level":0.95,"lower_bound":104.33630124574928,"upper_bound":214.05872523290648},"point_estimate":146.6557855794549,"standard_error":30.064197866562665},"slope":{"confidence_interval":{"confidence_level":0.95,"lower_bound":26118.76150984827,"upper_bound":26160.65663854253},"point_estimate":26138.89014206463,"standard_error":10.712029945518909},"std_dev":{"confidence_interval":{"confidence_level":0.95,"lower_bound":366.4198266714886,"upper_bound":1632.5775801039329},"point_estimate":1040.2582379323233,"standard_error":351.7420593193183}}