{"mean":{"confidence_interval":{"confidence_level":0.95,"lower_bound":16826519.86908333,"upper_bound":16848382.254083335},"point_estimate":16837473.456666663,"standard_error":5583.0610281947775},"median":{"confidence_interval":{"confidence_level":0.95,"lower_bound":16826439.0,"upper_bound":16845238.666666664},"point_estimate":16835449.0,"standard_error":5458.826536940954},"median_abs_dev":{"confidence_interval":{"confidence_level":0.95,"lower_bound":36694.59644854253,"upper_bound":63263.282176852226},"point_estimate":49651.778918506556,"standard_error":6438.6118419641325},"slope":null,"std_dev":{"confidence_interval":{"confidence_level":0.95,"lower_bound":46182.86675735708,"upper_bound":65531.2883621383},"point_estimate":56084.77693832299,"standard_error":4959.994082810762}}