{"mean":{"confidence_interval":{"confidence_level":0.95,"lower_bound":20773573.318249993,"upper_bound":21014935.816666663},"point_estimate":20885124.139999997,"standard_error":61703.24717103994},"median":{"confidence_interval":{"confidence_level":0.95,"lower_bound":20631134.666666668,"upper_bound":20772599.666666668},"point_estimate":20705771.5,"standard_error":31020.10347694622},"median_abs_dev":{"confidence_interval":{"confidence_level":0.95,"lower_bound":189290.21033942976,"upper_bound":355022.40129709337},"point_estimate":257524.8973280182,"standard_error":40531.785410494485},"slope":null,"std_dev":{"confidence_interval":{"confidence_level":0.95,"lower_bound":390911.23784704437,"upper_bound":816033.9722955673},"point_estimate":619335.3010606209,"standard_error":108169.77158570023}}