{"mean":{"confidence_interval":{"confidence_level":0.95,"lower_bound":15314938.2731875,"upper_bound":15682927.4998125},"point_estimate":15494149.5275,"standard_error":93811.43008144152},"median":{"confidence_interval":{"confidence_level":0.95,"lower_bound":15044619.5,"upper_bound":15551093.0},"point_estimate":15319643.625,"standard_error":129694.41566419491},"median_abs_dev":{"confidence_interval":{"confidence_level":0.95,"lower_bound":632698.0561673641,"upper_bound":995434.1162525117},"point_estimate":832311.6101235151,"standard_error":91571.67700632835},"slope":null,"std_dev":{"confidence_interval":{"confidence_level":0.95,"lower_bound":764153.634982426,"upper_bound":1110088.9440758408},"point_estimate":943608.1426618104,"standard_error":88873.41267325546}}