{"mean":{"confidence_interval":{"confidence_level":0.95,"lower_bound":19944.21747337892,"upper_bound":21053.70839248155},"point_estimate":20412.3892805477,"standard_error":288.1700531531763},"median":{"confidence_interval":{"confidence_level":0.95,"lower_bound":19624.2015224359,"upper_bound":19732.427822177822},"point_estimate":19662.98315353346,"standard_error":30.254049552596147},"median_abs_dev":{"confidence_interval":{"confidence_level":0.95,"lower_bound":228.43847020560702,"upper_bound":443.11208609032684},"point_estimate":324.46513389425996,"standard_error":55.65545469015321},"slope":{"confidence_interval":{"confidence_level":0.95,"lower_bound":19503.31022248233,"upper_bound":19641.177250619043},"point_estimate":19562.095492605516,"standard_error":35.24113333651395},"std_dev":{"confidence_interval":{"confidence_level":0.95,"lower_bound":946.2065795277963,"upper_bound":4560.501207588042},"point_estimate":2895.9985660773805,"standard_error":1018.3209366918813}}