{"mean":{"confidence_interval":{"confidence_level":0.95,"lower_bound":10271.663317181303,"upper_bound":10629.16511774855},"point_estimate":10421.615851613647,"standard_error":92.83599852431462},"median":{"confidence_interval":{"confidence_level":0.95,"lower_bound":10111.370683579986,"upper_bound":10244.396210163652},"point_estimate":10173.260687187712,"standard_error":39.79988454263366},"median_abs_dev":{"confidence_interval":{"confidence_level":0.95,"lower_bound":117.21673622282886,"upper_bound":289.3722612542129},"point_estimate":203.1202060732786,"standard_error":49.99378664542285},"slope":{"confidence_interval":{"confidence_level":0.95,"lower_bound":10088.259493325908,"upper_bound":10150.475227195804},"point_estimate":10115.36192404315,"standard_error":15.928036087224806},"std_dev":{"confidence_interval":{"confidence_level":0.95,"lower_bound":328.7214497158129,"upper_bound":1467.861507374668},"point_estimate":932.1829839531857,"standard_error":325.4585441328179}}