{"mean":{"confidence_interval":{"confidence_level":0.95,"lower_bound":17362.058966790482,"upper_bound":18273.231423351568},"point_estimate":17747.918092862976,"standard_error":236.34591166270127},"median":{"confidence_interval":{"confidence_level":0.95,"lower_bound":17019.993231874145,"upper_bound":17322.888105590064},"point_estimate":17122.261131322095,"standard_error":87.02640951000674},"median_abs_dev":{"confidence_interval":{"confidence_level":0.95,"lower_bound":561.897543797052,"upper_bound":1054.3743573955549},"point_estimate":772.4611943005654,"standard_error":131.4756866933072},"slope":{"confidence_interval":{"confidence_level":0.95,"lower_bound":16926.949825883174,"upper_bound":17393.534316233807},"point_estimate":17145.25708591695,"standard_error":119.24713718200834},"std_dev":{"confidence_interval":{"confidence_level":0.95,"lower_bound":1038.1183946100894,"upper_bound":3696.6221143389134},"point_estimate":2367.7905050239137,"standard_error":832.5965940961017}}