{"mean":{"confidence_interval":{"confidence_level":0.95,"lower_bound":25869.998310685864,"upper_bound":27232.818290786992},"point_estimate":26486.811313721446,"standard_error":349.41445422610286},"median":{"confidence_interval":{"confidence_level":0.95,"lower_bound":25588.656055895182,"upper_bound":25986.31575477917},"point_estimate":25701.093300162895,"standard_error":109.03891548963844},"median_abs_dev":{"confidence_interval":{"confidence_level":0.95,"lower_bound":629.945867562619,"upper_bound":1632.5906746621747},"point_estimate":1076.4009986192439,"standard_error":251.60927741872308},"slope":{"confidence_interval":{"confidence_level":0.95,"lower_bound":24594.08580809406,"upper_bound":25380.979393702743},"point_estimate":24989.13586594917,"standard_error":201.26354290573644},"std_dev":{"confidence_interval":{"confidence_level":0.95,"lower_bound":2014.3891419518682,"upper_bound":5060.218234900626},"point_estimate":3517.0579758862877,"standard_error":838.8087876518998}}