{"mean":{"confidence_interval":{"confidence_level":0.95,"lower_bound":10189.041135416828,"upper_bound":10551.325171483386},"point_estimate":10340.961605720424,"standard_error":93.93165567538996},"median":{"confidence_interval":{"confidence_level":0.95,"lower_bound":10084.410256410256,"upper_bound":10135.887648716991},"point_estimate":10099.913872771514,"standard_error":13.758521807065419},"median_abs_dev":{"confidence_interval":{"confidence_level":0.95,"lower_bound":117.10854502802232,"upper_bound":214.1757112083359},"point_estimate":157.34289055757407,"standard_error":23.44579821723466},"slope":{"confidence_interval":{"confidence_level":0.95,"lower_bound":10017.146623934748,"upper_bound":10056.524969094975},"point_estimate":10035.452976311168,"standard_error":10.066324146204854},"std_dev":{"confidence_interval":{"confidence_level":0.95,"lower_bound":313.6539776600176,"upper_bound":1488.3482967978805},"point_estimate":943.2959495791812,"standard_error":334.1685624218529}}