{"mean":{"confidence_interval":{"confidence_level":0.95,"lower_bound":16129.673141439142,"upper_bound":16819.095685626267},"point_estimate":16421.606847630548,"standard_error":178.11338755527794},"median":{"confidence_interval":{"confidence_level":0.95,"lower_bound":15806.609686609687,"upper_bound":16036.419444444444},"point_estimate":15904.707787386444,"standard_error":69.12978390718185},"median_abs_dev":{"confidence_interval":{"confidence_level":0.95,"lower_bound":267.06623657557594,"upper_bound":552.1803508236175},"point_estimate":347.8071843369884,"standard_error":76.88003087679105},"slope":{"confidence_interval":{"confidence_level":0.95,"lower_bound":15853.729423010584,"upper_bound":16286.035790023741},"point_estimate":16057.958084987604,"standard_error":110.82963676565315},"std_dev":{"confidence_interval":{"confidence_level":0.95,"lower_bound":747.5036791186693,"upper_bound":2773.5316501888065},"point_estimate":1782.2199829781946,"standard_error":593.3802490033521}}