{"mean":{"confidence_interval":{"confidence_level":0.95,"lower_bound":16020.970128864019,"upper_bound":16855.65047601677},"point_estimate":16381.978105249285,"standard_error":215.08589571188585},"median":{"confidence_interval":{"confidence_level":0.95,"lower_bound":15827.702771625445,"upper_bound":16030.84888888889},"point_estimate":15922.099320144724,"standard_error":56.32366828212504},"median_abs_dev":{"confidence_interval":{"confidence_level":0.95,"lower_bound":397.01383543390455,"upper_bound":657.6142375482558},"point_estimate":525.426663244694,"standard_error":68.85149076844324},"slope":{"confidence_interval":{"confidence_level":0.95,"lower_bound":15782.624845728766,"upper_bound":16283.312083435716},"point_estimate":15992.180864325239,"standard_error":128.9900389590194},"std_dev":{"confidence_interval":{"confidence_level":0.95,"lower_bound":807.9977919751122,"upper_bound":3246.9460129218287},"point_estimate":2157.541354139219,"standard_error":636.3229615779783}}