{"mean":{"confidence_interval":{"confidence_level":0.95,"lower_bound":12581.83811924635,"upper_bound":13278.037822815631},"point_estimate":12902.247234830083,"standard_error":178.1555013321374},"median":{"confidence_interval":{"confidence_level":0.95,"lower_bound":12251.55663265306,"upper_bound":12450.444484629295},"point_estimate":12329.751587301587,"standard_error":50.706662041465904},"median_abs_dev":{"confidence_interval":{"confidence_level":0.95,"lower_bound":471.0123072937998,"upper_bound":788.3038396833812},"point_estimate":596.9950090751331,"standard_error":78.39312731770346},"slope":{"confidence_interval":{"confidence_level":0.95,"lower_bound":12122.729733349172,"upper_bound":12401.223438656602},"point_estimate":12248.838243450358,"standard_error":71.14511185871281},"std_dev":{"confidence_interval":{"confidence_level":0.95,"lower_bound":1110.3262164199748,"upper_bound":2381.733859845815},"point_estimate":1787.2878832159404,"standard_error":327.25286876458694}}