{"mean":{"confidence_interval":{"confidence_level":0.95,"lower_bound":5140667.473124999,"upper_bound":5233599.043075},"point_estimate":5185657.368999999,"standard_error":23733.37549918444},"median":{"confidence_interval":{"confidence_level":0.95,"lower_bound":5071908.3,"upper_bound":5189363.4},"point_estimate":5136208.65,"standard_error":29305.60585498316},"median_abs_dev":{"confidence_interval":{"confidence_level":0.95,"lower_bound":141627.36399561248,"upper_bound":253550.24447858374},"point_estimate":197713.00904989324,"standard_error":28921.232039979874},"slope":null,"std_dev":{"confidence_interval":{"confidence_level":0.95,"lower_bound":192605.0489070457,"upper_bound":279003.0732926857},"point_estimate":238586.37751510696,"standard_error":22010.722221739063}}