{"mean":{"confidence_interval":{"confidence_level":0.95,"lower_bound":56201151.2665,"upper_bound":57356249.776250005},"point_estimate":56755992.17,"standard_error":294286.41249309696},"median":{"confidence_interval":{"confidence_level":0.95,"lower_bound":55310236.5,"upper_bound":56098650.5},"point_estimate":55593992.0,"standard_error":180423.51023506158},"median_abs_dev":{"confidence_interval":{"confidence_level":0.95,"lower_bound":1078906.53334558,"upper_bound":2117856.2561005354},"point_estimate":1545342.121964693,"standard_error":265471.751122842},"slope":null,"std_dev":{"confidence_interval":{"confidence_level":0.95,"lower_bound":2230397.2529555117,"upper_bound":3639020.9694660264},"point_estimate":2965079.0358822998,"standard_error":359630.42154944455}}