{"mean":{"confidence_interval":{"confidence_level":0.95,"lower_bound":38940570.88675,"upper_bound":39088876.802499995},"point_estimate":39014429.92,"standard_error":37793.29541144395},"median":{"confidence_interval":{"confidence_level":0.95,"lower_bound":38845191.0,"upper_bound":39123645.0},"point_estimate":38918243.5,"standard_error":78560.59453141507},"median_abs_dev":{"confidence_interval":{"confidence_level":0.95,"lower_bound":324767.2307342291,"upper_bound":528926.0099621858},"point_estimate":458793.5270547867,"standard_error":49557.48716907633},"slope":null,"std_dev":{"confidence_interval":{"confidence_level":0.95,"lower_bound":337496.6717763609,"upper_bound":416142.7658673777},"point_estimate":379544.74406582623,"standard_error":20053.043974294258}}