{"mean":{"confidence_interval":{"confidence_level":0.95,"lower_bound":124140794.8675,"upper_bound":124471102.04425001},"point_estimate":124305566.73,"standard_error":84546.51261441672},"median":{"confidence_interval":{"confidence_level":0.95,"lower_bound":124034476.0,"upper_bound":124545386.0},"point_estimate":124329080.0,"standard_error":134306.44401428374},"median_abs_dev":{"confidence_interval":{"confidence_level":0.95,"lower_bound":618700.8298158646,"upper_bound":958742.8803639109},"point_estimate":745984.2614561319,"standard_error":85800.82122660021},"slope":null,"std_dev":{"confidence_interval":{"confidence_level":0.95,"lower_bound":717328.8486450936,"upper_bound":980789.2831716008},"point_estimate":855587.0942128056,"standard_error":67360.11011400429}}