{"mean":{"confidence_interval":{"confidence_level":0.95,"lower_bound":51834907.322000004,"upper_bound":51957183.73875},"point_estimate":51895871.17,"standard_error":31174.592497615748},"median":{"confidence_interval":{"confidence_level":0.95,"lower_bound":51806135.0,"upper_bound":51980983.0},"point_estimate":51889658.5,"standard_error":41829.79232057572},"median_abs_dev":{"confidence_interval":{"confidence_level":0.95,"lower_bound":233636.25815212727,"upper_bound":405853.58849465847},"point_estimate":312676.6279488802,"standard_error":44576.5741333438},"slope":null,"std_dev":{"confidence_interval":{"confidence_level":0.95,"lower_bound":272978.9494106259,"upper_bound":349112.0892569648},"point_estimate":313238.9358240172,"standard_error":19419.841438289797}}