{"mean":{"confidence_interval":{"confidence_level":0.95,"lower_bound":56098363.9075,"upper_bound":57352353.50125},"point_estimate":56712298.95,"standard_error":320594.15610857727},"median":{"confidence_interval":{"confidence_level":0.95,"lower_bound":55623982.0,"upper_bound":57043651.5},"point_estimate":56347191.5,"standard_error":316222.4900050133},"median_abs_dev":{"confidence_interval":{"confidence_level":0.95,"lower_bound":2552991.675920338,"upper_bound":3770454.8492610455},"point_estimate":3110910.6140702963,"standard_error":304433.66796450224},"slope":null,"std_dev":{"confidence_interval":{"confidence_level":0.95,"lower_bound":2666530.891968804,"upper_bound":3724943.719069836},"point_estimate":3213427.286249447,"standard_error":271437.83986119635}}