{"mean":{"confidence_interval":{"confidence_level":0.95,"lower_bound":104776795.94424999,"upper_bound":107342004.901},"point_estimate":106048811.12,"standard_error":652923.8570561571},"median":{"confidence_interval":{"confidence_level":0.95,"lower_bound":102548172.0,"upper_bound":107245301.0},"point_estimate":104647771.5,"standard_error":1159083.7933048985},"median_abs_dev":{"confidence_interval":{"confidence_level":0.95,"lower_bound":4995639.347667174,"upper_bound":9196615.821227431},"point_estimate":7378327.785408497,"standard_error":1060592.6044723578},"slope":null,"std_dev":{"confidence_interval":{"confidence_level":0.95,"lower_bound":5841226.746092046,"upper_bound":7157773.611227078},"point_estimate":6552708.203725179,"standard_error":335259.12707143347}}