{"mean":{"confidence_interval":{"confidence_level":0.95,"lower_bound":54316351.41675,"upper_bound":54404832.55375},"point_estimate":54360441.39,"standard_error":22622.780426614252},"median":{"confidence_interval":{"confidence_level":0.95,"lower_bound":54317499.0,"upper_bound":54411552.0},"point_estimate":54371202.5,"standard_error":27115.261657559775},"median_abs_dev":{"confidence_interval":{"confidence_level":0.95,"lower_bound":167916.30781888962,"upper_bound":276973.39668273926},"point_estimate":218401.0608226061,"standard_error":27711.98990211645},"slope":null,"std_dev":{"confidence_interval":{"confidence_level":0.95,"lower_bound":197089.56432421072,"upper_bound":253991.19855784753},"point_estimate":227278.89034430648,"standard_error":14540.770793858565}}