{"mean":{"confidence_interval":{"confidence_level":0.95,"lower_bound":26389750.943625003,"upper_bound":26771403.10775},"point_estimate":26572125.63,"standard_error":97076.55293934957},"median":{"confidence_interval":{"confidence_level":0.95,"lower_bound":26261248.75,"upper_bound":26707891.0},"point_estimate":26452283.25,"standard_error":112871.7638830154},"median_abs_dev":{"confidence_interval":{"confidence_level":0.95,"lower_bound":540028.1448125839,"upper_bound":825362.2933968902},"point_estimate":657373.3381792903,"standard_error":71606.16993204292},"slope":null,"std_dev":{"confidence_interval":{"confidence_level":0.95,"lower_bound":700214.5103686962,"upper_bound":1240391.3573102322},"point_estimate":972403.5900521481,"standard_error":139010.23015386277}}