{"mean":{"confidence_interval":{"confidence_level":0.95,"lower_bound":14001198.063625,"upper_bound":14060744.2511875},"point_estimate":14031097.82,"standard_error":15191.976401508175},"median":{"confidence_interval":{"confidence_level":0.95,"lower_bound":13988950.25,"upper_bound":14072393.625},"point_estimate":14021581.0,"standard_error":18919.694025172266},"median_abs_dev":{"confidence_interval":{"confidence_level":0.95,"lower_bound":108979.62301522493,"upper_bound":180877.58597128093},"point_estimate":140132.940287143,"standard_error":18313.106016664096},"slope":null,"std_dev":{"confidence_interval":{"confidence_level":0.95,"lower_bound":129498.796898492,"upper_bound":174364.89465848674},"point_estimate":152991.53417682674,"standard_error":11495.216037430815}}