{"mean":{"confidence_interval":{"confidence_level":0.95,"lower_bound":26979042.506625,"upper_bound":27038897.9865},"point_estimate":27006080.65,"standard_error":15344.704112587646},"median":{"confidence_interval":{"confidence_level":0.95,"lower_bound":26962086.0,"upper_bound":27018440.5},"point_estimate":26995192.5,"standard_error":15645.817050283922},"median_abs_dev":{"confidence_interval":{"confidence_level":0.95,"lower_bound":67250.73480606079,"upper_bound":110758.37233364582},"point_estimate":83773.57021272182,"standard_error":11149.165534876816},"slope":null,"std_dev":{"confidence_interval":{"confidence_level":0.95,"lower_bound":84076.18424476378,"upper_bound":222830.86001121358},"point_estimate":153791.80380546913,"standard_error":37249.441298205435}}