{"mean":{"confidence_interval":{"confidence_level":0.95,"lower_bound":23260597.5405,"upper_bound":23650163.117},"point_estimate":23459446.33,"standard_error":99444.2613864421},"median":{"confidence_interval":{"confidence_level":0.95,"lower_bound":23386077.5,"upper_bound":23852157.5},"point_estimate":23592815.75,"standard_error":107247.25986495486},"median_abs_dev":{"confidence_interval":{"confidence_level":0.95,"lower_bound":706652.3667544127,"upper_bound":1110685.3224813938},"point_estimate":912116.2602066994,"standard_error":104916.63543181815},"slope":null,"std_dev":{"confidence_interval":{"confidence_level":0.95,"lower_bound":823018.9306724409,"upper_bound":1148625.9665573966},"point_estimate":1000040.5979804175,"standard_error":82966.12938618903}}