{"mean":{"confidence_interval":{"confidence_level":0.95,"lower_bound":745449.8045006301,"upper_bound":766388.791313612},"point_estimate":754324.8874682847,"standard_error":5429.3683807318885},"median":{"confidence_interval":{"confidence_level":0.95,"lower_bound":737203.231707317,"upper_bound":745938.3235294118},"point_estimate":740362.6591308165,"standard_error":2631.3375682238247},"median_abs_dev":{"confidence_interval":{"confidence_level":0.95,"lower_bound":10858.660049948821,"upper_bound":21041.131101097268},"point_estimate":15034.968983068098,"standard_error":2821.9715845185215},"slope":{"confidence_interval":{"confidence_level":0.95,"lower_bound":737639.4018463608,"upper_bound":746083.5711251283},"point_estimate":741494.5340623615,"standard_error":2161.2213515560056},"std_dev":{"confidence_interval":{"confidence_level":0.95,"lower_bound":19843.51490980898,"upper_bound":85003.27126790734},"point_estimate":54403.42370796073,"standard_error":18599.957124619694}}