{"mean":{"confidence_interval":{"confidence_level":0.95,"lower_bound":46621.540929508286,"upper_bound":56760.21925679553},"point_estimate":50900.08297097717,"standard_error":2617.9566851935047},"median":{"confidence_interval":{"confidence_level":0.95,"lower_bound":43344.84841337908,"upper_bound":44789.251662971175},"point_estimate":43595.76780055456,"standard_error":340.94498593122483},"median_abs_dev":{"confidence_interval":{"confidence_level":0.95,"lower_bound":2224.562178525296,"upper_bound":4116.456790000324},"point_estimate":2835.216195896656,"standard_error":477.78796324224606},"slope":{"confidence_interval":{"confidence_level":0.95,"lower_bound":42379.569547110346,"upper_bound":42955.96844296657},"point_estimate":42635.213732821045,"standard_error":147.15334728042586},"std_dev":{"confidence_interval":{"confidence_level":0.95,"lower_bound":8732.943490891172,"upper_bound":41450.525214916444},"point_estimate":26392.53048184446,"standard_error":9214.853190897336}}