{"mean":{"confidence_interval":{"confidence_level":0.95,"lower_bound":82319.91167057474,"upper_bound":104907.83804861322},"point_estimate":91843.53465529498,"standard_error":5863.1182387804265},"median":{"confidence_interval":{"confidence_level":0.95,"lower_bound":74832.90389610389,"upper_bound":78188.57551020409},"point_estimate":76642.2646744412,"standard_error":843.2405603897389},"median_abs_dev":{"confidence_interval":{"confidence_level":0.95,"lower_bound":5197.610332066959,"upper_bound":9809.97699569661},"point_estimate":7930.21054447288,"standard_error":1194.8589321802228},"slope":{"confidence_interval":{"confidence_level":0.95,"lower_bound":72590.53057113678,"upper_bound":74001.68264568644},"point_estimate":73224.88250121387,"standard_error":360.50867493247296},"std_dev":{"confidence_interval":{"confidence_level":0.95,"lower_bound":20205.633202327976,"upper_bound":92409.95797242383},"point_estimate":58865.764301676696,"standard_error":20211.781248655214}}