{"mean":{"confidence_interval":{"confidence_level":0.95,"lower_bound":284364.3854932516,"upper_bound":291316.9167310553},"point_estimate":287786.46772611135,"standard_error":1770.8266661423033},"median":{"confidence_interval":{"confidence_level":0.95,"lower_bound":282910.4322916667,"upper_bound":290024.33382740454},"point_estimate":285683.88001656847,"standard_error":1945.321333617201},"median_abs_dev":{"confidence_interval":{"confidence_level":0.95,"lower_bound":13052.802733586208,"upper_bound":20460.548022663945},"point_estimate":16270.43019870653,"standard_error":1860.0567104473714},"slope":{"confidence_interval":{"confidence_level":0.95,"lower_bound":289066.0591005341,"upper_bound":294559.4032941341},"point_estimate":291767.2475321413,"standard_error":1393.8563721199423},"std_dev":{"confidence_interval":{"confidence_level":0.95,"lower_bound":14731.03085803041,"upper_bound":20773.263938767985},"point_estimate":17838.951765631246,"standard_error":1551.1080201510167}}