{"mean":{"confidence_interval":{"confidence_level":0.95,"lower_bound":241079.2197396365,"upper_bound":246670.9318240435},"point_estimate":243698.9451102726,"standard_error":1426.5811574539043},"median":{"confidence_interval":{"confidence_level":0.95,"lower_bound":239739.81641116354,"upper_bound":244255.39589041096},"point_estimate":242685.8086080586,"standard_error":1312.8621454541108},"median_abs_dev":{"confidence_interval":{"confidence_level":0.95,"lower_bound":7405.290685484361,"upper_bound":12415.397392750063},"point_estimate":10095.759225764437,"standard_error":1277.646959191658},"slope":{"confidence_interval":{"confidence_level":0.95,"lower_bound":244391.38565549225,"upper_bound":248316.2468129868},"point_estimate":246287.3546445988,"standard_error":1001.777667877345},"std_dev":{"confidence_interval":{"confidence_level":0.95,"lower_bound":9451.437770205403,"upper_bound":19313.427925101292},"point_estimate":14319.533673676979,"standard_error":2596.918055670634}}