{"mean":{"confidence_interval":{"confidence_level":0.95,"lower_bound":323352.16287634143,"upper_bound":331334.40290430834},"point_estimate":327167.54694448895,"standard_error":2039.849697846427},"median":{"confidence_interval":{"confidence_level":0.95,"lower_bound":321070.8914728682,"upper_bound":330677.46718146716},"point_estimate":326781.8304166667,"standard_error":2748.1149957163566},"median_abs_dev":{"confidence_interval":{"confidence_level":0.95,"lower_bound":11760.096110165907,"upper_bound":19482.51458513228},"point_estimate":14796.447677722612,"standard_error":2073.227336784013},"slope":{"confidence_interval":{"confidence_level":0.95,"lower_bound":326911.73708563333,"upper_bound":332077.6477265999},"point_estimate":329513.3977232649,"standard_error":1320.908856698312},"std_dev":{"confidence_interval":{"confidence_level":0.95,"lower_bound":14965.904398337278,"upper_bound":26028.44740452584},"point_estimate":20491.148926273047,"standard_error":2866.4359064780374}}