{"mean":{"confidence_interval":{"confidence_level":0.95,"lower_bound":207124.741015197,"upper_bound":210890.41851586546},"point_estimate":208845.64219657212,"standard_error":965.7974294348608},"median":{"confidence_interval":{"confidence_level":0.95,"lower_bound":208072.97653061224,"upper_bound":209270.2249453552},"point_estimate":208904.32059800666,"standard_error":337.85970114889375},"median_abs_dev":{"confidence_interval":{"confidence_level":0.95,"lower_bound":1812.5775693018352,"upper_bound":4353.3032347134085},"point_estimate":2610.1853265260697,"standard_error":679.6362775884326},"slope":{"confidence_interval":{"confidence_level":0.95,"lower_bound":209536.15802128843,"upper_bound":211591.98331106812},"point_estimate":210568.9371402394,"standard_error":523.3499985080031},"std_dev":{"confidence_interval":{"confidence_level":0.95,"lower_bound":5247.951840738857,"upper_bound":13787.78969701179},"point_estimate":9739.123835033133,"standard_error":2239.320032948375}}