{"mean":{"confidence_interval":{"confidence_level":0.95,"lower_bound":222656.99571182881,"upper_bound":229729.11775828977},"point_estimate":226059.70046862212,"standard_error":1810.6764445864983},"median":{"confidence_interval":{"confidence_level":0.95,"lower_bound":219466.90303030302,"upper_bound":225985.70434782607},"point_estimate":221628.04660493828,"standard_error":1494.7953234132108},"median_abs_dev":{"confidence_interval":{"confidence_level":0.95,"lower_bound":9277.838275657738,"upper_bound":16060.20063319521},"point_estimate":12554.549173593707,"standard_error":1645.783336657028},"slope":{"confidence_interval":{"confidence_level":0.95,"lower_bound":223440.7434290426,"upper_bound":229405.54543749068},"point_estimate":226347.90234786464,"standard_error":1526.4549109111565},"std_dev":{"confidence_interval":{"confidence_level":0.95,"lower_bound":13921.374392196221,"upper_bound":22281.510137718946},"point_estimate":18196.14436800624,"standard_error":2154.9960186059925}}