{"mean":{"confidence_interval":{"confidence_level":0.95,"lower_bound":263457.41034160176,"upper_bound":268560.9565201152},"point_estimate":265721.49257259554,"standard_error":1314.1701429191066},"median":{"confidence_interval":{"confidence_level":0.95,"lower_bound":263751.59722222225,"upper_bound":266303.39705882355},"point_estimate":264764.2828079179,"standard_error":654.2854406240774},"median_abs_dev":{"confidence_interval":{"confidence_level":0.95,"lower_bound":4147.706652474972,"upper_bound":7510.164734584595},"point_estimate":5683.05279910563,"standard_error":856.4781775407541},"slope":{"confidence_interval":{"confidence_level":0.95,"lower_bound":266234.3622404521,"upper_bound":268438.34364247},"point_estimate":267334.4134128861,"standard_error":561.6551568119459},"std_dev":{"confidence_interval":{"confidence_level":0.95,"lower_bound":6403.471024438305,"upper_bound":19781.26249479853},"point_estimate":13231.761907909047,"standard_error":3689.3677279089893}}