{"mean":{"confidence_interval":{"confidence_level":0.95,"lower_bound":6425.350641729068,"upper_bound":7299.165314372924},"point_estimate":6791.513407839034,"standard_error":227.4328624244789},"median":{"confidence_interval":{"confidence_level":0.95,"lower_bound":6144.426634320225,"upper_bound":6285.683143669986},"point_estimate":6209.274708786841,"standard_error":35.406715494856336},"median_abs_dev":{"confidence_interval":{"confidence_level":0.95,"lower_bound":181.72923134785458,"upper_bound":362.88336951841643},"point_estimate":266.85513622680884,"standard_error":46.03792732711676},"slope":{"confidence_interval":{"confidence_level":0.95,"lower_bound":6075.7943388909025,"upper_bound":6129.672866626941},"point_estimate":6100.111968675488,"standard_error":13.752935778313274},"std_dev":{"confidence_interval":{"confidence_level":0.95,"lower_bound":723.798674758558,"upper_bound":3612.5375089387685},"point_estimate":2283.3600763207687,"standard_error":819.2073802560972}}