{"mean":{"confidence_interval":{"confidence_level":0.95,"lower_bound":8094.093422112247,"upper_bound":9244.469916492855},"point_estimate":8576.990667430782,"standard_error":299.53438412447775},"median":{"confidence_interval":{"confidence_level":0.95,"lower_bound":7713.905969140387,"upper_bound":7920.771600948072},"point_estimate":7792.231780107,"standard_error":53.056684664624854},"median_abs_dev":{"confidence_interval":{"confidence_level":0.95,"lower_bound":230.15343184724966,"upper_bound":497.2653266201203},"point_estimate":334.1481837914915,"standard_error":68.10358682706351},"slope":{"confidence_interval":{"confidence_level":0.95,"lower_bound":7629.647706016525,"upper_bound":7709.646616720061},"point_estimate":7663.700147378591,"standard_error":20.57827753990888},"std_dev":{"confidence_interval":{"confidence_level":0.95,"lower_bound":946.8958658390708,"upper_bound":4754.127562906647},"point_estimate":3000.9643124748377,"standard_error":1074.344187779269}}