{"mean":{"confidence_interval":{"confidence_level":0.95,"lower_bound":9942.777447429184,"upper_bound":11342.380414029498},"point_estimate":10537.879678882991,"standard_error":362.03895806396775},"median":{"confidence_interval":{"confidence_level":0.95,"lower_bound":9563.51955174687,"upper_bound":9805.956458333334},"point_estimate":9704.958491758243,"standard_error":59.343018499050025},"median_abs_dev":{"confidence_interval":{"confidence_level":0.95,"lower_bound":407.1209778925127,"upper_bound":790.1520015797406},"point_estimate":612.7213878396675,"standard_error":99.95224112409818},"slope":{"confidence_interval":{"confidence_level":0.95,"lower_bound":9437.044871056698,"upper_bound":9624.714416561326},"point_estimate":9526.900702054087,"standard_error":47.82913892308193},"std_dev":{"confidence_interval":{"confidence_level":0.95,"lower_bound":1222.6571442587763,"upper_bound":5669.77637579086},"point_estimate":3631.5056084009007,"standard_error":1217.6888859104827}}