{"mean":{"confidence_interval":{"confidence_level":0.95,"lower_bound":82095.73146658101,"upper_bound":105172.64530206169},"point_estimate":91910.52883725168,"standard_error":5964.6575948468435},"median":{"confidence_interval":{"confidence_level":0.95,"lower_bound":74173.86390532544,"upper_bound":79311.73388773389},"point_estimate":76564.3674459729,"standard_error":1218.6575248612116},"median_abs_dev":{"confidence_interval":{"confidence_level":0.95,"lower_bound":4895.1430618286895,"upper_bound":10365.464484481616},"point_estimate":7148.104679425941,"standard_error":1376.205797827436},"slope":{"confidence_interval":{"confidence_level":0.95,"lower_bound":72812.64271776746,"upper_bound":74351.07969468854},"point_estimate":73507.13694672108,"standard_error":393.65528950688207},"std_dev":{"confidence_interval":{"confidence_level":0.95,"lower_bound":21376.838652374652,"upper_bound":93314.47812770936},"point_estimate":59985.4452350461,"standard_error":20068.676216589203}}