{"mean":{"confidence_interval":{"confidence_level":0.95,"lower_bound":85290.21757789895,"upper_bound":109081.56443961398},"point_estimate":95462.40309952822,"standard_error":6166.191478526375},"median":{"confidence_interval":{"confidence_level":0.95,"lower_bound":78090.86040912262,"upper_bound":81717.01405325443},"point_estimate":79853.46852208614,"standard_error":1005.538186623893},"median_abs_dev":{"confidence_interval":{"confidence_level":0.95,"lower_bound":6945.943682086961,"upper_bound":11782.58699055149},"point_estimate":9466.487120825146,"standard_error":1223.8845235964402},"slope":{"confidence_interval":{"confidence_level":0.95,"lower_bound":74867.07844266336,"upper_bound":76890.35339932932},"point_estimate":75799.67477532369,"standard_error":516.2153382336552},"std_dev":{"confidence_interval":{"confidence_level":0.95,"lower_bound":20713.31642760262,"upper_bound":95055.75814500861},"point_estimate":61901.88949857588,"standard_error":19860.072555738512}}