{"mean":{"confidence_interval":{"confidence_level":0.95,"lower_bound":52487.450520956096,"upper_bound":64907.08972704468},"point_estimate":57624.93106168482,"standard_error":3217.572169842224},"median":{"confidence_interval":{"confidence_level":0.95,"lower_bound":48516.19090909091,"upper_bound":50639.086842105266},"point_estimate":49234.4750882353,"standard_error":528.9232474784831},"median_abs_dev":{"confidence_interval":{"confidence_level":0.95,"lower_bound":2214.685083433497,"upper_bound":4832.1274400038355},"point_estimate":3264.595548896727,"standard_error":669.9249689589232},"slope":{"confidence_interval":{"confidence_level":0.95,"lower_bound":47669.904539738396,"upper_bound":48256.34894939174},"point_estimate":47927.737020836415,"standard_error":150.07774382488677},"std_dev":{"confidence_interval":{"confidence_level":0.95,"lower_bound":9876.308350143607,"upper_bound":51272.55369502986},"point_estimate":32137.764028455375,"standard_error":11750.375622824717}}