{"mean":{"confidence_interval":{"confidence_level":0.95,"lower_bound":715438.5123513808,"upper_bound":728598.1002357448},"point_estimate":721928.3445516448,"standard_error":3358.359776294942},"median":{"confidence_interval":{"confidence_level":0.95,"lower_bound":712309.1369485294,"upper_bound":727639.2180555556},"point_estimate":721548.1376826299,"standard_error":3571.0098136251777},"median_abs_dev":{"confidence_interval":{"confidence_level":0.95,"lower_bound":25798.249401504094,"upper_bound":42482.44890762791},"point_estimate":34955.666412684295,"standard_error":4338.172716501682},"slope":{"confidence_interval":{"confidence_level":0.95,"lower_bound":699948.3068822402,"upper_bound":711523.7679295128},"point_estimate":705641.9602940741,"standard_error":2945.687858517436},"std_dev":{"confidence_interval":{"confidence_level":0.95,"lower_bound":27908.52521498033,"upper_bound":40118.20325157008},"point_estimate":33718.92476874307,"standard_error":3182.7931744654206}}