{"mean":{"confidence_interval":{"confidence_level":0.95,"lower_bound":77952.53043347721,"upper_bound":100432.79315686987},"point_estimate":87395.45147200758,"standard_error":5846.274027856292},"median":{"confidence_interval":{"confidence_level":0.95,"lower_bound":69135.79154518951,"upper_bound":75403.79910714286},"point_estimate":71761.27591327592,"standard_error":1602.5620727966632},"median_abs_dev":{"confidence_interval":{"confidence_level":0.95,"lower_bound":6294.439648072784,"upper_bound":12692.577110326225},"point_estimate":9093.740035201778,"standard_error":1537.3315778270492},"slope":{"confidence_interval":{"confidence_level":0.95,"lower_bound":67243.73783327552,"upper_bound":69371.95969484995},"point_estimate":68237.7510346429,"standard_error":542.0346183261522},"std_dev":{"confidence_interval":{"confidence_level":0.95,"lower_bound":21066.764938019976,"upper_bound":92280.14359812661},"point_estimate":58446.97763272244,"standard_error":20854.79096342048}}