{"mean":{"confidence_interval":{"confidence_level":0.95,"lower_bound":62137.68799093457,"upper_bound":78063.6743537493},"point_estimate":68801.72975975646,"standard_error":4144.142019609826},"median":{"confidence_interval":{"confidence_level":0.95,"lower_bound":57191.033613445376,"upper_bound":59729.50527903469},"point_estimate":58241.23279039019,"standard_error":663.1364899410684},"median_abs_dev":{"confidence_interval":{"confidence_level":0.95,"lower_bound":3272.426810900899,"upper_bound":6921.159149610636},"point_estimate":4730.943033189212,"standard_error":942.4111776246746},"slope":{"confidence_interval":{"confidence_level":0.95,"lower_bound":55733.33276019203,"upper_bound":56655.04965214241},"point_estimate":56148.05151157433,"standard_error":234.85347982064349},"std_dev":{"confidence_interval":{"confidence_level":0.95,"lower_bound":12800.385397877513,"upper_bound":66119.58999939739},"point_estimate":41653.17018594443,"standard_error":15137.721678020387}}