{"mean":{"confidence_interval":{"confidence_level":0.95,"lower_bound":366568268.0675,"upper_bound":368711134.167},"point_estimate":367623160.8,"standard_error":547605.8930622905},"median":{"confidence_interval":{"confidence_level":0.95,"lower_bound":365761647.0,"upper_bound":367821853.0},"point_estimate":366799613.5,"standard_error":566552.6978434547},"median_abs_dev":{"confidence_interval":{"confidence_level":0.95,"lower_bound":3648763.043421507,"upper_bound":5708038.809362054},"point_estimate":4827891.852387786,"standard_error":536907.3835080412},"slope":null,"std_dev":{"confidence_interval":{"confidence_level":0.95,"lower_bound":4384066.143722364,"upper_bound":6528606.407900816},"point_estimate":5496809.907307893,"standard_error":552522.225584247}}