{"mean":{"confidence_interval":{"confidence_level":0.95,"lower_bound":236184129.8635,"upper_bound":236253479.39825},"point_estimate":236218436.83,"standard_error":17737.428446420963},"median":{"confidence_interval":{"confidence_level":0.95,"lower_bound":236161716.0,"upper_bound":236244662.5},"point_estimate":236196524.5,"standard_error":19260.826601829613},"median_abs_dev":{"confidence_interval":{"confidence_level":0.95,"lower_bound":129717.86079704762,"upper_bound":202291.87080860138},"point_estimate":172689.53843414783,"standard_error":19011.761679334577},"slope":null,"std_dev":{"confidence_interval":{"confidence_level":0.95,"lower_bound":151682.53922660404,"upper_bound":201376.99533889035},"point_estimate":178158.67259612493,"standard_error":12677.641437420078}}