{"mean":{"confidence_interval":{"confidence_level":0.95,"lower_bound":233340915.6935,"upper_bound":233409727.38725},"point_estimate":233374176.86,"standard_error":17569.803228496112},"median":{"confidence_interval":{"confidence_level":0.95,"lower_bound":233322571.5,"upper_bound":233382525.0},"point_estimate":233351390.5,"standard_error":16010.857491716295},"median_abs_dev":{"confidence_interval":{"confidence_level":0.95,"lower_bound":94790.02931714058,"upper_bound":183848.21594104104},"point_estimate":133931.40992224216,"standard_error":22905.924539201766},"slope":null,"std_dev":{"confidence_interval":{"confidence_level":0.95,"lower_bound":132730.4864624744,"upper_bound":223635.98301181733},"point_estimate":176887.28640458072,"standard_error":23805.877631632462}}