{"mean":{"confidence_interval":{"confidence_level":0.95,"lower_bound":233726294.09074998,"upper_bound":239140348.71025002},"point_estimate":236325708.9,"standard_error":1382027.8613782036},"median":{"confidence_interval":{"confidence_level":0.95,"lower_bound":230456372.0,"upper_bound":235744357.0},"point_estimate":233694228.0,"standard_error":1215029.1594832733},"median_abs_dev":{"confidence_interval":{"confidence_level":0.95,"lower_bound":8440484.645551443,"upper_bound":14218311.659574509},"point_estimate":11261266.75337255,"standard_error":1468896.443773322},"slope":null,"std_dev":{"confidence_interval":{"confidence_level":0.95,"lower_bound":10304111.100521943,"upper_bound":17199852.04968226},"point_estimate":13844927.830726234,"standard_error":1767430.1117763529}}