{"mean":{"confidence_interval":{"confidence_level":0.95,"lower_bound":210823730.49925,"upper_bound":210954233.987},"point_estimate":210886743.25,"standard_error":33332.04207880603},"median":{"confidence_interval":{"confidence_level":0.95,"lower_bound":210747202.0,"upper_bound":210916399.0},"point_estimate":210864799.0,"standard_error":44769.89658423251},"median_abs_dev":{"confidence_interval":{"confidence_level":0.95,"lower_bound":208678.1701952219,"upper_bound":347971.4029222727},"point_estimate":238327.94576883316,"standard_error":36457.78714035606},"slope":null,"std_dev":{"confidence_interval":{"confidence_level":0.95,"lower_bound":264696.81780926243,"upper_bound":399453.02009510866},"point_estimate":334730.1545772363,"standard_error":34578.09929884285}}