{"mean":{"confidence_interval":{"confidence_level":0.95,"lower_bound":246706594.65975,"upper_bound":252964920.49600002},"point_estimate":249833968.8,"standard_error":1598793.0970501872},"median":{"confidence_interval":{"confidence_level":0.95,"lower_bound":243232128.5,"upper_bound":254189618.5},"point_estimate":249916124.0,"standard_error":2769674.422984921},"median_abs_dev":{"confidence_interval":{"confidence_level":0.95,"lower_bound":15620917.210373282,"upper_bound":23567994.067284465},"point_estimate":20047237.222990394,"standard_error":2073397.1930464285},"slope":null,"std_dev":{"confidence_interval":{"confidence_level":0.95,"lower_bound":14374055.857609197,"upper_bound":17452359.3284268},"point_estimate":16028300.192626843,"standard_error":786932.9437743556}}