{"mean":{"confidence_interval":{"confidence_level":0.95,"lower_bound":228903486.84275,"upper_bound":229213611.99824998},"point_estimate":229053982.09,"standard_error":79338.01212955947},"median":{"confidence_interval":{"confidence_level":0.95,"lower_bound":228800861.0,"upper_bound":229119890.0},"point_estimate":229015064.5,"standard_error":89465.86766507252},"median_abs_dev":{"confidence_interval":{"confidence_level":0.95,"lower_bound":507582.18568861485,"upper_bound":827557.9312954091},"point_estimate":659922.2981840372,"standard_error":80835.42292991772},"slope":null,"std_dev":{"confidence_interval":{"confidence_level":0.95,"lower_bound":626351.7538775469,"upper_bound":963582.2922487587},"point_estimate":794774.4938307605,"standard_error":87044.3292001434}}