{"mean":{"confidence_interval":{"confidence_level":0.95,"lower_bound":402976783.88725,"upper_bound":405609447.7335},"point_estimate":404279450.65,"standard_error":671834.866624166},"median":{"confidence_interval":{"confidence_level":0.95,"lower_bound":401495985.0,"upper_bound":404667459.0},"point_estimate":403802738.0,"standard_error":894477.9263845141},"median_abs_dev":{"confidence_interval":{"confidence_level":0.95,"lower_bound":4342669.498202205,"upper_bound":7670637.196218967},"point_estimate":6519434.640356898,"standard_error":851267.5238595577},"slope":null,"std_dev":{"confidence_interval":{"confidence_level":0.95,"lower_bound":5717386.967997414,"upper_bound":7600474.889150818},"point_estimate":6722976.3192050485,"standard_error":482329.33074166847}}