{"mean":{"confidence_interval":{"confidence_level":0.95,"lower_bound":4543.766922504738,"upper_bound":5185.1905178557045},"point_estimate":4810.456317849518,"standard_error":167.03402103220037},"median":{"confidence_interval":{"confidence_level":0.95,"lower_bound":4325.128861580474,"upper_bound":4430.895745024323},"point_estimate":4370.747910822814,"standard_error":28.40281471042524},"median_abs_dev":{"confidence_interval":{"confidence_level":0.95,"lower_bound":124.76780632050998,"upper_bound":268.49097360079435},"point_estimate":185.20207524408374,"standard_error":39.38809418013339},"slope":{"confidence_interval":{"confidence_level":0.95,"lower_bound":4287.049540455949,"upper_bound":4331.424361137532},"point_estimate":4305.8147025514845,"standard_error":11.337383006243792},"std_dev":{"confidence_interval":{"confidence_level":0.95,"lower_bound":524.9935476493418,"upper_bound":2671.241715773332},"point_estimate":1683.4560686545012,"standard_error":610.2640345412773}}