{"mean":{"confidence_interval":{"confidence_level":0.95,"lower_bound":4553.8012417595755,"upper_bound":5236.067708129703},"point_estimate":4835.301384454728,"standard_error":177.52110448806326},"median":{"confidence_interval":{"confidence_level":0.95,"lower_bound":4356.646659615724,"upper_bound":4448.249948414609},"point_estimate":4404.669946811289,"standard_error":24.894555953270793},"median_abs_dev":{"confidence_interval":{"confidence_level":0.95,"lower_bound":115.08396148382387,"upper_bound":242.20575659254567},"point_estimate":174.8930794530041,"standard_error":33.34825266432569},"slope":{"confidence_interval":{"confidence_level":0.95,"lower_bound":4307.384799654705,"upper_bound":4343.251518776551},"point_estimate":4323.423309773168,"standard_error":9.119478583448432},"std_dev":{"confidence_interval":{"confidence_level":0.95,"lower_bound":510.75910461888884,"upper_bound":2856.28814248491},"point_estimate":1788.3590129679474,"standard_error":672.205882438323}}