{"mean":{"confidence_interval":{"confidence_level":0.95,"lower_bound":4626.139304993644,"upper_bound":5286.825713523128},"point_estimate":4902.474640822129,"standard_error":171.9929752894519},"median":{"confidence_interval":{"confidence_level":0.95,"lower_bound":4415.377433363283,"upper_bound":4514.608996807699},"point_estimate":4462.220464246142,"standard_error":23.67871735608336},"median_abs_dev":{"confidence_interval":{"confidence_level":0.95,"lower_bound":126.07757766733573,"upper_bound":257.60237815691033},"point_estimate":199.15952481475477,"standard_error":35.46009335775045},"slope":{"confidence_interval":{"confidence_level":0.95,"lower_bound":4367.473135548115,"upper_bound":4404.84118828112},"point_estimate":4384.339183495933,"standard_error":9.502452495632689},"std_dev":{"confidence_interval":{"confidence_level":0.95,"lower_bound":539.390336977542,"upper_bound":2741.6589795812},"point_estimate":1728.8671581492151,"standard_error":625.0610395823353}}