{"mean":{"confidence_interval":{"confidence_level":0.95,"lower_bound":4266.115089768733,"upper_bound":4898.735578566818},"point_estimate":4530.845851832576,"standard_error":164.3154148824534},"median":{"confidence_interval":{"confidence_level":0.95,"lower_bound":4055.9348398651496,"upper_bound":4165.671880842578},"point_estimate":4087.6438528880008,"standard_error":27.892003736884448},"median_abs_dev":{"confidence_interval":{"confidence_level":0.95,"lower_bound":102.35824341354079,"upper_bound":253.62842681870134},"point_estimate":149.83470704921342,"standard_error":36.79068483922431},"slope":{"confidence_interval":{"confidence_level":0.95,"lower_bound":4018.9948802451145,"upper_bound":4053.731636894329},"point_estimate":4034.1798118014153,"standard_error":8.865035039783093},"std_dev":{"confidence_interval":{"confidence_level":0.95,"lower_bound":523.041640244772,"upper_bound":2609.7109518669727},"point_estimate":1652.651459090165,"standard_error":588.161494383907}}