{"mean":{"confidence_interval":{"confidence_level":0.95,"lower_bound":14559.981269177808,"upper_bound":14674.381196198927},"point_estimate":14612.12456584952,"standard_error":29.3876875200338},"median":{"confidence_interval":{"confidence_level":0.95,"lower_bound":14498.946740858506,"upper_bound":14554.18109201512},"point_estimate":14532.745980225707,"standard_error":13.419740708015123},"median_abs_dev":{"confidence_interval":{"confidence_level":0.95,"lower_bound":73.18765986918194,"upper_bound":151.85276266194666},"point_estimate":105.97514275760199,"standard_error":20.871782353468795},"slope":{"confidence_interval":{"confidence_level":0.95,"lower_bound":14465.709791382236,"upper_bound":14499.6402705137},"point_estimate":14481.775795121654,"standard_error":8.65883172738638},"std_dev":{"confidence_interval":{"confidence_level":0.95,"lower_bound":173.93261345990376,"upper_bound":415.1186183640709},"point_estimate":296.20966856228404,"standard_error":63.55751131997917}}