{"mean":{"confidence_interval":{"confidence_level":0.95,"lower_bound":16116.752001509225,"upper_bound":16535.59817994567},"point_estimate":16319.046086819113,"standard_error":107.15498415557127},"median":{"confidence_interval":{"confidence_level":0.95,"lower_bound":15824.054162566066,"upper_bound":16180.807854617764},"point_estimate":15994.761956657117,"standard_error":94.90370621390944},"median_abs_dev":{"confidence_interval":{"confidence_level":0.95,"lower_bound":580.671418242511,"upper_bound":1043.8759242094336},"point_estimate":850.9122600624725,"standard_error":127.71996116106884},"slope":{"confidence_interval":{"confidence_level":0.95,"lower_bound":15784.108882546263,"upper_bound":16190.546028066603},"point_estimate":15972.652916811661,"standard_error":103.68502967597816},"std_dev":{"confidence_interval":{"confidence_level":0.95,"lower_bound":859.5230377318526,"upper_bound":1272.0748828067287},"point_estimate":1073.5003505870861,"standard_error":105.3410752465177}}