{"mean":{"confidence_interval":{"confidence_level":0.95,"lower_bound":18878.37558671347,"upper_bound":19472.374212932937},"point_estimate":19158.689138629365,"standard_error":151.79624038837937},"median":{"confidence_interval":{"confidence_level":0.95,"lower_bound":18595.94228161079,"upper_bound":19081.74071618037},"point_estimate":18751.38339268756,"standard_error":132.03688530461292},"median_abs_dev":{"confidence_interval":{"confidence_level":0.95,"lower_bound":719.1103448732583,"upper_bound":1180.7934646136487},"point_estimate":987.7272316843472,"standard_error":120.13950206168865},"slope":{"confidence_interval":{"confidence_level":0.95,"lower_bound":18502.313462499984,"upper_bound":19059.692812554535},"point_estimate":18758.482998772324,"standard_error":142.27536496232185},"std_dev":{"confidence_interval":{"confidence_level":0.95,"lower_bound":1051.9770409673988,"upper_bound":1982.1754379854601},"point_estimate":1523.7844732561225,"standard_error":241.56726016123616}}