{"mean":{"confidence_interval":{"confidence_level":0.95,"lower_bound":17596.436347651972,"upper_bound":17722.610591894816},"point_estimate":17652.43160776652,"standard_error":32.233581773088055},"median":{"confidence_interval":{"confidence_level":0.95,"lower_bound":17561.199093476676,"upper_bound":17627.295078714546},"point_estimate":17590.641571969696,"standard_error":16.684175994018783},"median_abs_dev":{"confidence_interval":{"confidence_level":0.95,"lower_bound":112.23222736556879,"upper_bound":199.05810601462082},"point_estimate":141.83571370874682,"standard_error":22.27541570141015},"slope":{"confidence_interval":{"confidence_level":0.95,"lower_bound":17480.792185132184,"upper_bound":17543.290445921575},"point_estimate":17511.263816472798,"standard_error":15.983010058703815},"std_dev":{"confidence_interval":{"confidence_level":0.95,"lower_bound":168.89671777330054,"upper_bound":478.5673237839701},"point_estimate":323.26700335442894,"standard_error":86.75202656589379}}