{"mean":{"confidence_interval":{"confidence_level":0.95,"lower_bound":5095103.633549999,"upper_bound":5191386.9766500015},"point_estimate":5141377.3319999995,"standard_error":24468.44987311905},"median":{"confidence_interval":{"confidence_level":0.95,"lower_bound":5050786.3,"upper_bound":5129880.699999999},"point_estimate":5085302.65,"standard_error":18557.924514077},"median_abs_dev":{"confidence_interval":{"confidence_level":0.95,"lower_bound":114060.86377501488,"upper_bound":212506.83636724934},"point_estimate":153492.16680496972,"standard_error":24425.252594322657},"slope":null,"std_dev":{"confidence_interval":{"confidence_level":0.95,"lower_bound":186884.385689474,"upper_bound":299387.91135597264},"point_estimate":246627.21269145524,"standard_error":28744.627819494366}}