{"mean":{"confidence_interval":{"confidence_level":0.95,"lower_bound":4508232.663166666,"upper_bound":4525350.039520831},"point_estimate":4516684.231666666,"standard_error":4368.8229185896425},"median":{"confidence_interval":{"confidence_level":0.95,"lower_bound":4498062.5,"upper_bound":4525204.333333334},"point_estimate":4512779.291666666,"standard_error":7051.417408210252},"median_abs_dev":{"confidence_interval":{"confidence_level":0.95,"lower_bound":35131.68897628715,"upper_bound":56648.10641929507},"point_estimate":46238.89555409574,"standard_error":5517.085647065522},"slope":null,"std_dev":{"confidence_interval":{"confidence_level":0.95,"lower_bound":38294.51719259567,"upper_bound":48632.417660484694},"point_estimate":43804.11024358792,"standard_error":2631.424849856721}}