{"mean":{"confidence_interval":{"confidence_level":0.95,"lower_bound":4668556.252409093,"upper_bound":4690328.144909092},"point_estimate":4679191.803636364,"standard_error":5548.799421987666},"median":{"confidence_interval":{"confidence_level":0.95,"lower_bound":4654227.363636363,"upper_bound":4686893.090909091},"point_estimate":4674376.318181818,"standard_error":7350.432678964066},"median_abs_dev":{"confidence_interval":{"confidence_level":0.95,"lower_bound":41861.142865907124,"upper_bound":64995.22850974084},"point_estimate":58120.95155905587,"standard_error":5580.731535820462},"slope":null,"std_dev":{"confidence_interval":{"confidence_level":0.95,"lower_bound":46382.099168690576,"upper_bound":64963.104141950935},"point_estimate":55911.53110512505,"standard_error":4765.795652105342}}