{"mean":{"confidence_interval":{"confidence_level":0.95,"lower_bound":4185314.1347083338,"upper_bound":4199530.730666665},"point_estimate":4192319.304999999,"standard_error":3624.2276339112195},"median":{"confidence_interval":{"confidence_level":0.95,"lower_bound":4182844.4166666665,"upper_bound":4197289.166666667},"point_estimate":4188572.291666667,"standard_error":3856.337335672263},"median_abs_dev":{"confidence_interval":{"confidence_level":0.95,"lower_bound":24578.2334886489,"upper_bound":42404.76847216521},"point_estimate":33103.2451122998,"standard_error":4541.0678909353055},"slope":null,"std_dev":{"confidence_interval":{"confidence_level":0.95,"lower_bound":30552.72373349655,"upper_bound":41653.179798522106},"point_estimate":36409.07375109052,"standard_error":2818.213991408998}}