{"mean":{"confidence_interval":{"confidence_level":0.95,"lower_bound":3960561.32801923,"upper_bound":3968168.0633076946},"point_estimate":3964383.1053846143,"standard_error":1938.243632644234},"median":{"confidence_interval":{"confidence_level":0.95,"lower_bound":3959545.576923077,"upper_bound":3971828.5384615385},"point_estimate":3963340.076923077,"standard_error":3055.406458882948},"median_abs_dev":{"confidence_interval":{"confidence_level":0.95,"lower_bound":14396.958113633484,"upper_bound":22524.571169339164},"point_estimate":17831.400952659933,"standard_error":2105.1756481642},"slope":null,"std_dev":{"confidence_interval":{"confidence_level":0.95,"lower_bound":16668.955838930982,"upper_bound":21931.372909379803},"point_estimate":19427.787018421986,"standard_error":1342.2842149599471}}