{"mean":{"confidence_interval":{"confidence_level":0.95,"lower_bound":4480804.3416363625,"upper_bound":4507480.138636364},"point_estimate":4494327.8181818165,"standard_error":6818.412893834935},"median":{"confidence_interval":{"confidence_level":0.95,"lower_bound":4487964.2727272725,"upper_bound":4510061.636363637},"point_estimate":4498683.272727273,"standard_error":5369.437341242464},"median_abs_dev":{"confidence_interval":{"confidence_level":0.95,"lower_bound":37566.118133068085,"upper_bound":64134.663463654884},"point_estimate":51389.004205846126,"standard_error":6514.366994520342},"slope":null,"std_dev":{"confidence_interval":{"confidence_level":0.95,"lower_bound":56089.949527932695,"upper_bound":79645.80018820555},"point_estimate":68615.20197013528,"standard_error":5987.090209553954}}