{"mean":{"confidence_interval":{"confidence_level":0.95,"lower_bound":5071031.9566250015,"upper_bound":5225101.424475003},"point_estimate":5145054.352,"standard_error":39246.86127549937},"median":{"confidence_interval":{"confidence_level":0.95,"lower_bound":5011486.4,"upper_bound":5130937.5},"point_estimate":5064111.85,"standard_error":29969.438842917134},"median_abs_dev":{"confidence_interval":{"confidence_level":0.95,"lower_bound":179542.55473273233,"upper_bound":347212.6082557429},"point_estimate":276128.6853477359,"standard_error":45647.647502107684},"slope":null,"std_dev":{"confidence_interval":{"confidence_level":0.95,"lower_bound":295934.5047317655,"upper_bound":477370.08220269525},"point_estimate":392584.6436760089,"standard_error":46539.18843072225}}