{"mean":{"confidence_interval":{"confidence_level":0.95,"lower_bound":4885081.889159091,"upper_bound":4897781.53343182},"point_estimate":4891332.94090909,"standard_error":3235.489020896748},"median":{"confidence_interval":{"confidence_level":0.95,"lower_bound":4882879.0,"upper_bound":4896730.2727272725},"point_estimate":4887324.727272727,"standard_error":3641.2444474309023},"median_abs_dev":{"confidence_interval":{"confidence_level":0.95,"lower_bound":18952.0754635334,"upper_bound":30672.56738272668},"point_estimate":23676.64984329155,"standard_error":3113.0963766854466},"slope":null,"std_dev":{"confidence_interval":{"confidence_level":0.95,"lower_bound":24259.39093018904,"upper_bound":40630.27101387662},"point_estimate":32570.773978744877,"standard_error":4223.922650251942}}