{"mean":{"confidence_interval":{"confidence_level":0.95,"lower_bound":4090116.529104168,"upper_bound":4104029.454437501},"point_estimate":4096864.7258333345,"standard_error":3545.270183260079},"median":{"confidence_interval":{"confidence_level":0.95,"lower_bound":4081728.0,"upper_bound":4096994.9166666665},"point_estimate":4090282.75,"standard_error":3946.691167894035},"median_abs_dev":{"confidence_interval":{"confidence_level":0.95,"lower_bound":22278.195841983204,"upper_bound":39550.0253115967},"point_estimate":32000.68493187439,"standard_error":4347.409682076538},"slope":null,"std_dev":{"confidence_interval":{"confidence_level":0.95,"lower_bound":28903.94443287753,"upper_bound":41796.069693584745},"point_estimate":35743.15119314987,"standard_error":3292.0385502027343}}