{"mean":{"confidence_interval":{"confidence_level":0.95,"lower_bound":3943655.732134615,"upper_bound":3966980.6987307677},"point_estimate":3955346.836923076,"standard_error":5943.924399734071},"median":{"confidence_interval":{"confidence_level":0.95,"lower_bound":3937178.6153846155,"upper_bound":3971180.692307692},"point_estimate":3958681.6153846155,"standard_error":8916.959553829085},"median_abs_dev":{"confidence_interval":{"confidence_level":0.95,"lower_bound":47736.380451356024,"upper_bound":81877.32484638691},"point_estimate":64173.427491462986,"standard_error":9011.522726302874},"slope":null,"std_dev":{"confidence_interval":{"confidence_level":0.95,"lower_bound":52669.19462544951,"upper_bound":65855.58216217413},"point_estimate":59735.11879244173,"standard_error":3353.207776364784}}