{"mean":{"confidence_interval":{"confidence_level":0.95,"lower_bound":4254719.303729166,"upper_bound":4273545.685291665},"point_estimate":4264240.961666666,"standard_error":4792.300317585045},"median":{"confidence_interval":{"confidence_level":0.95,"lower_bound":4263982.583333333,"upper_bound":4286374.833333333},"point_estimate":4273845.291666667,"standard_error":5528.9543119447735},"median_abs_dev":{"confidence_interval":{"confidence_level":0.95,"lower_bound":34526.17043703749,"upper_bound":61719.648504257435},"point_estimate":50606.264426560134,"standard_error":7195.975222769205},"slope":null,"std_dev":{"confidence_interval":{"confidence_level":0.95,"lower_bound":42373.25117596759,"upper_bound":53218.42174211316},"point_estimate":48147.74146996499,"standard_error":2752.734104265045}}