{"mean":{"confidence_interval":{"confidence_level":0.95,"lower_bound":4447763.7594375,"upper_bound":4497121.8168750005},"point_estimate":4471925.461666668,"standard_error":12555.260898162816},"median":{"confidence_interval":{"confidence_level":0.95,"lower_bound":4422628.833333333,"upper_bound":4498501.625},"point_estimate":4459396.75,"standard_error":18641.71190512054},"median_abs_dev":{"confidence_interval":{"confidence_level":0.95,"lower_bound":92297.28456139541,"upper_bound":154852.0075008273},"point_estimate":121047.92502596928,"standard_error":15643.270550317095},"slope":null,"std_dev":{"confidence_interval":{"confidence_level":0.95,"lower_bound":105943.26969797471,"upper_bound":147462.4567473615},"point_estimate":126293.05977593802,"standard_error":10663.359358067175}}