{"mean":{"confidence_interval":{"confidence_level":0.95,"lower_bound":1863.5744019670856,"upper_bound":2291.9913208883863},"point_estimate":2048.9552554468855,"standard_error":110.42240167494434},"median":{"confidence_interval":{"confidence_level":0.95,"lower_bound":1687.7768522060246,"upper_bound":1776.7311868686868},"point_estimate":1742.1355568025938,"standard_error":21.6488814069864},"median_abs_dev":{"confidence_interval":{"confidence_level":0.95,"lower_bound":119.38450939396091,"upper_bound":242.21349284806064},"point_estimate":182.80899961435708,"standard_error":29.55231872453528},"slope":{"confidence_interval":{"confidence_level":0.95,"lower_bound":1636.0122362203049,"upper_bound":1668.3046425049492},"point_estimate":1650.2834383040295,"standard_error":8.223574429210077},"std_dev":{"confidence_interval":{"confidence_level":0.95,"lower_bound":446.0995941771447,"upper_bound":1667.1349342610138},"point_estimate":1105.9289817740373,"standard_error":320.400596231502}}