{"mean":{"confidence_interval":{"confidence_level":0.95,"lower_bound":1638.3983960538637,"upper_bound":1989.9172886905367},"point_estimate":1791.9122104592193,"standard_error":90.42796548745135},"median":{"confidence_interval":{"confidence_level":0.95,"lower_bound":1487.7808709247251,"upper_bound":1561.861661858627},"point_estimate":1509.359108537777,"standard_error":20.788566116102924},"median_abs_dev":{"confidence_interval":{"confidence_level":0.95,"lower_bound":71.89409158450991,"upper_bound":173.73787073569395},"point_estimate":104.50241245969941,"standard_error":26.60828971795087},"slope":{"confidence_interval":{"confidence_level":0.95,"lower_bound":1464.1277329977033,"upper_bound":1484.9748815158862},"point_estimate":1473.218874476309,"standard_error":5.324311665791075},"std_dev":{"confidence_interval":{"confidence_level":0.95,"lower_bound":359.352907816183,"upper_bound":1375.3358900944845},"point_estimate":911.0585630917386,"standard_error":267.0556185715525}}