{"mean":{"confidence_interval":{"confidence_level":0.95,"lower_bound":1584.3265258137703,"upper_bound":1951.3353997937954},"point_estimate":1742.039096710399,"standard_error":94.88493985318844},"median":{"confidence_interval":{"confidence_level":0.95,"lower_bound":1436.2846133776093,"upper_bound":1515.4577222982216},"point_estimate":1471.5781094734275,"standard_error":19.80114342122386},"median_abs_dev":{"confidence_interval":{"confidence_level":0.95,"lower_bound":68.4720038964553,"upper_bound":168.4873695237914},"point_estimate":114.39520941480323,"standard_error":25.198383347074923},"slope":{"confidence_interval":{"confidence_level":0.95,"lower_bound":1415.142452377303,"upper_bound":1436.315701736674},"point_estimate":1424.5019124818539,"standard_error":5.440413558575891},"std_dev":{"confidence_interval":{"confidence_level":0.95,"lower_bound":344.5703220965367,"upper_bound":1470.8395095986234},"point_estimate":951.108010470677,"standard_error":298.39785787212134}}