{"mean":{"confidence_interval":{"confidence_level":0.95,"lower_bound":1821.303692388099,"upper_bound":2249.0397156188887},"point_estimate":2008.2239563712312,"standard_error":110.26745502569781},"median":{"confidence_interval":{"confidence_level":0.95,"lower_bound":1653.5046405032408,"upper_bound":1772.7226008490325},"point_estimate":1708.7099190591653,"standard_error":32.61530008799385},"median_abs_dev":{"confidence_interval":{"confidence_level":0.95,"lower_bound":123.27821357805372,"upper_bound":245.8058355887948},"point_estimate":177.57591454622906,"standard_error":30.168762187946218},"slope":{"confidence_interval":{"confidence_level":0.95,"lower_bound":1624.7986701089415,"upper_bound":1661.7914323967705},"point_estimate":1641.9082557658,"standard_error":9.455072932291886},"std_dev":{"confidence_interval":{"confidence_level":0.95,"lower_bound":446.87279607148946,"upper_bound":1667.3890960735725},"point_estimate":1108.9585637801488,"standard_error":319.33037470091585}}