{"mean":{"confidence_interval":{"confidence_level":0.95,"lower_bound":2071.4327779336245,"upper_bound":2509.665942580025},"point_estimate":2264.7722366232924,"standard_error":112.80358794528708},"median":{"confidence_interval":{"confidence_level":0.95,"lower_bound":1894.884050912397,"upper_bound":1970.7022763128239},"point_estimate":1919.5206591779868,"standard_error":23.47222267877566},"median_abs_dev":{"confidence_interval":{"confidence_level":0.95,"lower_bound":73.70551505221219,"upper_bound":171.02094326273252},"point_estimate":113.60650303969491,"standard_error":26.82584405746244},"slope":{"confidence_interval":{"confidence_level":0.95,"lower_bound":1875.93931933887,"upper_bound":1904.5536093751687},"point_estimate":1888.916544963812,"standard_error":7.291627141754285},"std_dev":{"confidence_interval":{"confidence_level":0.95,"lower_bound":460.8466392983452,"upper_bound":1665.7183776040647},"point_estimate":1134.9647267326604,"standard_error":307.76398364865383}}