{"mean":{"confidence_interval":{"confidence_level":0.95,"lower_bound":1513.6475808384184,"upper_bound":1852.3797779437193},"point_estimate":1657.718735690629,"standard_error":87.34527505238911},"median":{"confidence_interval":{"confidence_level":0.95,"lower_bound":1374.2467801461173,"upper_bound":1452.3833836351441},"point_estimate":1407.9911278057957,"standard_error":24.16064502016301},"median_abs_dev":{"confidence_interval":{"confidence_level":0.95,"lower_bound":50.499771912474145,"upper_bound":149.64691781332866},"point_estimate":91.35787645475044,"standard_error":28.5673019919062},"slope":{"confidence_interval":{"confidence_level":0.95,"lower_bound":1363.2235446260702,"upper_bound":1380.4787543649486},"point_estimate":1370.8029287494653,"standard_error":4.384596460770837},"std_dev":{"confidence_interval":{"confidence_level":0.95,"lower_bound":316.3336854286075,"upper_bound":1367.8050731855749},"point_estimate":876.8602456836882,"standard_error":281.4141434293712}}