{"mean":{"confidence_interval":{"confidence_level":0.95,"lower_bound":12874.565087850684,"upper_bound":13418.111816380204},"point_estimate":13111.852516079258,"standard_error":140.2881447096762},"median":{"confidence_interval":{"confidence_level":0.95,"lower_bound":12691.357996138167,"upper_bound":12969.311870548298},"point_estimate":12846.918134287287,"standard_error":72.22575718337045},"median_abs_dev":{"confidence_interval":{"confidence_level":0.95,"lower_bound":333.98608473511865,"upper_bound":588.7484386159584},"point_estimate":441.06792658901645,"standard_error":65.27608678826142},"slope":{"confidence_interval":{"confidence_level":0.95,"lower_bound":12555.80086567655,"upper_bound":12764.45448877839},"point_estimate":12660.204424188121,"standard_error":53.149554593732184},"std_dev":{"confidence_interval":{"confidence_level":0.95,"lower_bound":600.1614821296502,"upper_bound":2141.3341109797657},"point_estimate":1411.3710871204196,"standard_error":421.23606306397295}}