{"mean":{"confidence_interval":{"confidence_level":0.95,"lower_bound":10124.87593885054,"upper_bound":10492.77159075897},"point_estimate":10278.60239271378,"standard_error":95.74152896085654},"median":{"confidence_interval":{"confidence_level":0.95,"lower_bound":10009.733950098122,"upper_bound":10082.538980509746},"point_estimate":10045.87262375838,"standard_error":16.50597398269325},"median_abs_dev":{"confidence_interval":{"confidence_level":0.95,"lower_bound":91.12620613330343,"upper_bound":179.65203468074196},"point_estimate":125.67609927320028,"standard_error":21.62344110613564},"slope":{"confidence_interval":{"confidence_level":0.95,"lower_bound":9968.593786722218,"upper_bound":10012.91842878464},"point_estimate":9988.070363783676,"standard_error":11.359332839772362},"std_dev":{"confidence_interval":{"confidence_level":0.95,"lower_bound":302.3721355059884,"upper_bound":1527.5580839493382},"point_estimate":963.3333555337568,"standard_error":350.088581311792}}