{"mean":{"confidence_interval":{"confidence_level":0.95,"lower_bound":435706.305113702,"upper_bound":442484.2534810464},"point_estimate":438629.16997402837,"standard_error":1744.2131453704192},"median":{"confidence_interval":{"confidence_level":0.95,"lower_bound":434434.9042576301,"upper_bound":437831.5520833333},"point_estimate":436231.3095779221,"standard_error":905.3933180866524},"median_abs_dev":{"confidence_interval":{"confidence_level":0.95,"lower_bound":6093.456605893609,"upper_bound":9942.450993056378},"point_estimate":7837.097065119033,"standard_error":993.65867932042},"slope":{"confidence_interval":{"confidence_level":0.95,"lower_bound":431835.0215162058,"upper_bound":435026.9890806846},"point_estimate":433348.3778621743,"standard_error":814.1721305060561},"std_dev":{"confidence_interval":{"confidence_level":0.95,"lower_bound":7182.829020986835,"upper_bound":26717.746698418017},"point_estimate":17442.400472812787,"standard_error":5398.642319866905}}