{"mean":{"confidence_interval":{"confidence_level":0.95,"lower_bound":396761.862225916,"upper_bound":398526.29136082187},"point_estimate":397652.12952013896,"standard_error":449.4455119106798},"median":{"confidence_interval":{"confidence_level":0.95,"lower_bound":397810.9130966952,"upper_bound":399338.5},"point_estimate":398713.3212954333,"standard_error":343.6696629307112},"median_abs_dev":{"confidence_interval":{"confidence_level":0.95,"lower_bound":2626.6343537059643,"upper_bound":4350.417195014661},"point_estimate":3387.9111778699757,"standard_error":434.2397872467961},"slope":{"confidence_interval":{"confidence_level":0.95,"lower_bound":399573.1691238727,"upper_bound":400378.7538537211},"point_estimate":399993.2800664992,"standard_error":205.31785200206204},"std_dev":{"confidence_interval":{"confidence_level":0.95,"lower_bound":3570.3638849356716,"upper_bound":5463.833600591422},"point_estimate":4512.461339886634,"standard_error":486.7067310867214}}