{"mean":{"confidence_interval":{"confidence_level":0.95,"lower_bound":341177.0982994001,"upper_bound":342186.5368688174},"point_estimate":341697.59150093066,"standard_error":258.3966635845308},"median":{"confidence_interval":{"confidence_level":0.95,"lower_bound":342203.4043589743,"upper_bound":343125.9464285714},"point_estimate":342800.05555555556,"standard_error":242.39035673069895},"median_abs_dev":{"confidence_interval":{"confidence_level":0.95,"lower_bound":1070.2635515711759,"upper_bound":2439.106406697164},"point_estimate":1715.123733507352,"standard_error":373.6975845449328},"slope":{"confidence_interval":{"confidence_level":0.95,"lower_bound":343186.90928441146,"upper_bound":343569.9412811425},"point_estimate":343391.1217659229,"standard_error":97.82537023795865},"std_dev":{"confidence_interval":{"confidence_level":0.95,"lower_bound":2111.9719244565335,"upper_bound":3024.271899377222},"point_estimate":2600.0812773057705,"standard_error":233.3419481639067}}