{"mean":{"confidence_interval":{"confidence_level":0.95,"lower_bound":374706.22706241405,"upper_bound":381898.43548825587},"point_estimate":378286.372020702,"standard_error":1833.240076991503},"median":{"confidence_interval":{"confidence_level":0.95,"lower_bound":374588.0903614458,"upper_bound":382799.56620065786},"point_estimate":379217.7088235294,"standard_error":2345.6854948467344},"median_abs_dev":{"confidence_interval":{"confidence_level":0.95,"lower_bound":14121.5685228215,"upper_bound":22729.065255812755},"point_estimate":18745.256592282578,"standard_error":2310.781098662524},"slope":{"confidence_interval":{"confidence_level":0.95,"lower_bound":377193.9242225745,"upper_bound":384216.9657922154},"point_estimate":380671.6122565391,"standard_error":1795.7424560076506},"std_dev":{"confidence_interval":{"confidence_level":0.95,"lower_bound":15714.38467134276,"upper_bound":21018.82333038989},"point_estimate":18434.721281731818,"standard_error":1356.5384147981988}}