{"mean":{"confidence_interval":{"confidence_level":0.95,"lower_bound":867380.0966023819,"upper_bound":884517.7142378588},"point_estimate":875711.1474447935,"standard_error":4390.7288301249955},"median":{"confidence_interval":{"confidence_level":0.95,"lower_bound":857424.8548387097,"upper_bound":873728.2121212122},"point_estimate":863277.4807692308,"standard_error":4180.8640938678345},"median_abs_dev":{"confidence_interval":{"confidence_level":0.95,"lower_bound":25991.121520046814,"upper_bound":47950.043652018074},"point_estimate":37127.87661849426,"standard_error":5718.223348250915},"slope":{"confidence_interval":{"confidence_level":0.95,"lower_bound":859886.9594841453,"upper_bound":878007.7012613197},"point_estimate":868437.8631003399,"standard_error":4609.2241970507885},"std_dev":{"confidence_interval":{"confidence_level":0.95,"lower_bound":34880.87573359837,"upper_bound":52638.65013801528},"point_estimate":44055.54065731707,"standard_error":4554.707764042063}}