{"mean":{"confidence_interval":{"confidence_level":0.95,"lower_bound":1057724.4345214427,"upper_bound":1080347.5206258309},"point_estimate":1069285.8970911421,"standard_error":5776.100951384876},"median":{"confidence_interval":{"confidence_level":0.95,"lower_bound":1067103.5375,"upper_bound":1092490.2266666666},"point_estimate":1081980.4145408163,"standard_error":5896.007607767646},"median_abs_dev":{"confidence_interval":{"confidence_level":0.95,"lower_bound":40336.558797073805,"upper_bound":70318.46472477943},"point_estimate":50149.46957483088,"standard_error":7901.044529266756},"slope":{"confidence_interval":{"confidence_level":0.95,"lower_bound":1083048.529463456,"upper_bound":1101157.245057029},"point_estimate":1092512.20071228,"standard_error":4618.047727237587},"std_dev":{"confidence_interval":{"confidence_level":0.95,"lower_bound":48570.808262799495,"upper_bound":66504.96840152371},"point_estimate":57987.9959376014,"standard_error":4595.446626892059}}