{"mean":{"confidence_interval":{"confidence_level":0.95,"lower_bound":1939809.025208333,"upper_bound":2008933.0222222225},"point_estimate":1973620.456111111,"standard_error":17717.261444986223},"median":{"confidence_interval":{"confidence_level":0.95,"lower_bound":1909413.1666666667,"upper_bound":1993343.0833333335},"point_estimate":1945864.138888889,"standard_error":22475.177035715646},"median_abs_dev":{"confidence_interval":{"confidence_level":0.95,"lower_bound":106333.79981219728,"upper_bound":229718.44242001537},"point_estimate":134528.8153449695,"standard_error":32794.292824389115},"slope":null,"std_dev":{"confidence_interval":{"confidence_level":0.95,"lower_bound":148383.78894434866,"upper_bound":204253.33085431092},"point_estimate":177826.97145543774,"standard_error":14244.101275640993}}