{"mean":{"confidence_interval":{"confidence_level":0.95,"lower_bound":624591.5470616309,"upper_bound":634993.8633919001},"point_estimate":629760.1654323742,"standard_error":2655.4012820126354},"median":{"confidence_interval":{"confidence_level":0.95,"lower_bound":623483.6035049288,"upper_bound":632202.3636363636},"point_estimate":627623.069953264,"standard_error":2254.2850569613233},"median_abs_dev":{"confidence_interval":{"confidence_level":0.95,"lower_bound":14126.727964237625,"upper_bound":25516.500272649446},"point_estimate":18442.062973357224,"standard_error":2872.526781025964},"slope":{"confidence_interval":{"confidence_level":0.95,"lower_bound":634765.2921886042,"upper_bound":645128.0224593685},"point_estimate":639677.6495433722,"standard_error":2657.737033857187},"std_dev":{"confidence_interval":{"confidence_level":0.95,"lower_bound":21410.696704948397,"upper_bound":31563.781479727822},"point_estimate":26723.200823671534,"standard_error":2604.714104649389}}