{"mean":{"confidence_interval":{"confidence_level":0.95,"lower_bound":416463.53299036366,"upper_bound":418057.3641398639},"point_estimate":417256.5883296142,"standard_error":406.6706810745472},"median":{"confidence_interval":{"confidence_level":0.95,"lower_bound":416716.1111111111,"upper_bound":418859.44207533763},"point_estimate":417827.6427692728,"standard_error":503.8821155350887},"median_abs_dev":{"confidence_interval":{"confidence_level":0.95,"lower_bound":2884.4740635630915,"upper_bound":4939.512070047089},"point_estimate":4201.399701928697,"standard_error":519.5217959477586},"slope":{"confidence_interval":{"confidence_level":0.95,"lower_bound":419452.3311916206,"upper_bound":420306.73350164253},"point_estimate":419913.56117334124,"standard_error":218.2400191849676},"std_dev":{"confidence_interval":{"confidence_level":0.95,"lower_bound":3346.9516017342166,"upper_bound":4958.647404202566},"point_estimate":4113.475872910912,"standard_error":418.68961485879123}}