{"mean":{"confidence_interval":{"confidence_level":0.95,"lower_bound":508098.158514252,"upper_bound":511714.7533013641},"point_estimate":510000.65426448046,"standard_error":919.1157276256181},"median":{"confidence_interval":{"confidence_level":0.95,"lower_bound":508517.4537480064,"upper_bound":513042.4769230769},"point_estimate":510620.06104651163,"standard_error":1072.9619009703756},"median_abs_dev":{"confidence_interval":{"confidence_level":0.95,"lower_bound":6136.649249933769,"upper_bound":9035.55447354933},"point_estimate":7542.713041452372,"standard_error":748.9949627824536},"slope":{"confidence_interval":{"confidence_level":0.95,"lower_bound":514521.487436539,"upper_bound":516271.84627296956},"point_estimate":515478.8966720851,"standard_error":447.96263182409274},"std_dev":{"confidence_interval":{"confidence_level":0.95,"lower_bound":6178.823526396684,"upper_bound":12150.328795928725},"point_estimate":9251.028575484854,"standard_error":1543.4764897331495}}