{"mean":{"confidence_interval":{"confidence_level":0.95,"lower_bound":236142488.06,"upper_bound":236209462.77775002},"point_estimate":236175962.66,"standard_error":17044.771524585736},"median":{"confidence_interval":{"confidence_level":0.95,"lower_bound":236121230.0,"upper_bound":236187273.0},"point_estimate":236159183.0,"standard_error":15962.155619465366},"median_abs_dev":{"confidence_interval":{"confidence_level":0.95,"lower_bound":139574.18542206287,"upper_bound":230681.43640458584},"point_estimate":180814.92758989334,"standard_error":23881.92589911522},"slope":null,"std_dev":{"confidence_interval":{"confidence_level":0.95,"lower_bound":149394.5454571545,"upper_bound":191725.76229476355},"point_estimate":171559.1572552327,"standard_error":10799.5012351205}}