{"mean":{"confidence_interval":{"confidence_level":0.95,"lower_bound":271727602.09475,"upper_bound":272531388.484},"point_estimate":272135026.3,"standard_error":205645.9696503637},"median":{"confidence_interval":{"confidence_level":0.95,"lower_bound":271834446.0,"upper_bound":272903032.5},"point_estimate":272266602.5,"standard_error":291415.22706006526},"median_abs_dev":{"confidence_interval":{"confidence_level":0.95,"lower_bound":1749250.026744604,"upper_bound":2676306.4468860626},"point_estimate":2245363.560336828,"standard_error":236137.64497157483},"slope":null,"std_dev":{"confidence_interval":{"confidence_level":0.95,"lower_bound":1782622.7006663005,"upper_bound":2315133.25456236},"point_estimate":2064490.0921854067,"standard_error":136005.07113417762}}