{"mean":{"confidence_interval":{"confidence_level":0.95,"lower_bound":234997783.88175,"upper_bound":235151484.58925},"point_estimate":235061943.04,"standard_error":39996.89311399065},"median":{"confidence_interval":{"confidence_level":0.95,"lower_bound":234961084.5,"upper_bound":235061193.0},"point_estimate":235007590.5,"standard_error":27565.33980474727},"median_abs_dev":{"confidence_interval":{"confidence_level":0.95,"lower_bound":137473.1744668633,"upper_bound":214932.51818418503},"point_estimate":167449.28882718086,"standard_error":19827.143187793274},"slope":null,"std_dev":{"confidence_interval":{"confidence_level":0.95,"lower_bound":168232.77661362232,"upper_bound":642891.3486855755},"point_estimate":404054.6560179654,"standard_error":154273.2532142757}}