{"mean":{"confidence_interval":{"confidence_level":0.95,"lower_bound":237999996.20175,"upper_bound":238105317.144},"point_estimate":238048132.2,"standard_error":26951.416580174144},"median":{"confidence_interval":{"confidence_level":0.95,"lower_bound":237995922.0,"upper_bound":238076884.0},"point_estimate":238037571.5,"standard_error":22677.45584196646},"median_abs_dev":{"confidence_interval":{"confidence_level":0.95,"lower_bound":128987.68031001091,"upper_bound":230764.5361331105},"point_estimate":165139.39806818962,"standard_error":25314.440114122546},"slope":null,"std_dev":{"confidence_interval":{"confidence_level":0.95,"lower_bound":167619.24191612264,"upper_bound":390219.7994595468},"point_estimate":270655.78496423474,"standard_error":66458.1372254317}}