{"mean":{"confidence_interval":{"confidence_level":0.95,"lower_bound":266166873.1865,"upper_bound":267528853.48325},"point_estimate":266848269.05,"standard_error":349016.4828486181},"median":{"confidence_interval":{"confidence_level":0.95,"lower_bound":265958946.0,"upper_bound":267514312.0},"point_estimate":266863518.0,"standard_error":435377.5581896418},"median_abs_dev":{"confidence_interval":{"confidence_level":0.95,"lower_bound":2725180.2438233807,"upper_bound":4547235.677370422},"point_estimate":3605235.390794277,"standard_error":454354.6586503827},"slope":null,"std_dev":{"confidence_interval":{"confidence_level":0.95,"lower_bound":3030274.8727703206,"upper_bound":3915317.604430526},"point_estimate":3500207.0908592734,"standard_error":226354.74264365644}}