{"mean":{"confidence_interval":{"confidence_level":0.95,"lower_bound":284709902.11775,"upper_bound":288117614.59975004},"point_estimate":286391552.22,"standard_error":866803.7633408105},"median":{"confidence_interval":{"confidence_level":0.95,"lower_bound":283969863.0,"upper_bound":288600330.0},"point_estimate":286221865.0,"standard_error":1234122.290946608},"median_abs_dev":{"confidence_interval":{"confidence_level":0.95,"lower_bound":6351323.37064147,"upper_bound":10582723.740819097},"point_estimate":7918194.32682395,"standard_error":1104137.7357734123},"slope":null,"std_dev":{"confidence_interval":{"confidence_level":0.95,"lower_bound":7480748.2435147865,"upper_bound":9869188.614892537},"point_estimate":8726550.310206583,"standard_error":606906.4118411603}}