{"mean":{"confidence_interval":{"confidence_level":0.95,"lower_bound":272343196.67550004,"upper_bound":273573665.7145},"point_estimate":272966606.25,"standard_error":313872.10995582194},"median":{"confidence_interval":{"confidence_level":0.95,"lower_bound":272251647.0,"upper_bound":274715481.0},"point_estimate":273967500.5,"standard_error":689233.7418166406},"median_abs_dev":{"confidence_interval":{"confidence_level":0.95,"lower_bound":2247705.3269952536,"upper_bound":4512415.334388614},"point_estimate":3332136.02784276,"standard_error":570055.1918956914},"slope":null,"std_dev":{"confidence_interval":{"confidence_level":0.95,"lower_bound":2771086.4409250296,"upper_bound":3473047.396084266},"point_estimate":3148437.1518447897,"standard_error":179162.75350077197}}