{"mean":{"confidence_interval":{"confidence_level":0.95,"lower_bound":233693293.79450002,"upper_bound":233799308.61749998},"point_estimate":233745750.37,"standard_error":26992.592180867974},"median":{"confidence_interval":{"confidence_level":0.95,"lower_bound":233651467.0,"upper_bound":233809140.0},"point_estimate":233703686.0,"standard_error":41755.82821328091},"median_abs_dev":{"confidence_interval":{"confidence_level":0.95,"lower_bound":219929.49166797122,"upper_bound":355712.0573848486},"point_estimate":274982.2649180889,"standard_error":32329.6234825595},"slope":null,"std_dev":{"confidence_interval":{"confidence_level":0.95,"lower_bound":232548.23112140858,"upper_bound":306016.49391276867},"point_estimate":270698.67269221396,"standard_error":18832.155848129732}}