{"mean":{"confidence_interval":{"confidence_level":0.95,"lower_bound":236344637.79075003,"upper_bound":236404544.87175},"point_estimate":236373892.73,"standard_error":15283.630155829436},"median":{"confidence_interval":{"confidence_level":0.95,"lower_bound":236315630.0,"upper_bound":236382314.5},"point_estimate":236347294.5,"standard_error":15654.273648587014},"median_abs_dev":{"confidence_interval":{"confidence_level":0.95,"lower_bound":104063.69215250015,"upper_bound":183845.36193609238},"point_estimate":142575.70906877518,"standard_error":20307.229767764715},"slope":null,"std_dev":{"confidence_interval":{"confidence_level":0.95,"lower_bound":126483.4436817765,"upper_bound":179545.0932925203},"point_estimate":153143.13695659416,"standard_error":13576.74666354587}}