{"mean":{"confidence_interval":{"confidence_level":0.95,"lower_bound":3195838.99490625,"upper_bound":3219324.6216875},"point_estimate":3207676.97875,"standard_error":5999.268712281652},"median":{"confidence_interval":{"confidence_level":0.95,"lower_bound":3188766.8125,"upper_bound":3233273.90625},"point_estimate":3216557.9375,"standard_error":11186.941856099014},"median_abs_dev":{"confidence_interval":{"confidence_level":0.95,"lower_bound":55172.31713924557,"upper_bound":81739.16506133974},"point_estimate":70739.89485036582,"standard_error":6910.553531984144},"slope":null,"std_dev":{"confidence_interval":{"confidence_level":0.95,"lower_bound":52716.55494931859,"upper_bound":68147.38896461077},"point_estimate":60543.32854159519,"standard_error":3955.7653334696934}}