{"mean":{"confidence_interval":{"confidence_level":0.95,"lower_bound":3589209.6164285727,"upper_bound":3726549.045499999},"point_estimate":3655233.0849999995,"standard_error":35185.69411504222},"median":{"confidence_interval":{"confidence_level":0.95,"lower_bound":3534959.714285714,"upper_bound":3645710.285714286},"point_estimate":3602399.1785714286,"standard_error":27524.918479106833},"median_abs_dev":{"confidence_interval":{"confidence_level":0.95,"lower_bound":173517.78231944336,"upper_bound":326253.06065785076},"point_estimate":233769.90394975472,"standard_error":38752.21944327188},"slope":null,"std_dev":{"confidence_interval":{"confidence_level":0.95,"lower_bound":272156.32854513254,"upper_bound":426851.8404173586},"point_estimate":352409.6464500374,"standard_error":39649.3046355863}}