{"mean":{"confidence_interval":{"confidence_level":0.95,"lower_bound":3068550.15484375,"upper_bound":3088288.9367812504},"point_estimate":3078249.08625,"standard_error":5035.536641769884},"median":{"confidence_interval":{"confidence_level":0.95,"lower_bound":3062187.9375,"upper_bound":3083613.0},"point_estimate":3074809.59375,"standard_error":4472.210807350327},"median_abs_dev":{"confidence_interval":{"confidence_level":0.95,"lower_bound":30935.560400784016,"upper_bound":52929.143379069865},"point_estimate":43199.67371430248,"standard_error":6119.124549048506},"slope":null,"std_dev":{"confidence_interval":{"confidence_level":0.95,"lower_bound":42065.263828356015,"upper_bound":58578.51375660148},"point_estimate":50832.08452385391,"standard_error":4212.529739009031}}