{"mean":{"confidence_interval":{"confidence_level":0.95,"lower_bound":3185836.617265625,"upper_bound":3236482.290296875},"point_estimate":3211325.873125,"standard_error":12848.47115680085},"median":{"confidence_interval":{"confidence_level":0.95,"lower_bound":3185668.5625,"upper_bound":3253035.34375},"point_estimate":3219587.6875,"standard_error":16565.176858522704},"median_abs_dev":{"confidence_interval":{"confidence_level":0.95,"lower_bound":119443.53795851587,"upper_bound":179128.9797635749},"point_estimate":149164.56867679954,"standard_error":15363.322502212799},"slope":null,"std_dev":{"confidence_interval":{"confidence_level":0.95,"lower_bound":113635.77292528759,"upper_bound":142430.61092469413},"point_estimate":128780.9780423984,"standard_error":7373.785711321234}}