{"mean":{"confidence_interval":{"confidence_level":0.95,"lower_bound":3126098.922703125,"upper_bound":3149913.762234375},"point_estimate":3137876.995625,"standard_error":6092.92038298504},"median":{"confidence_interval":{"confidence_level":0.95,"lower_bound":3118521.75,"upper_bound":3147809.65625},"point_estimate":3136699.96875,"standard_error":8503.072080820424},"median_abs_dev":{"confidence_interval":{"confidence_level":0.95,"lower_bound":50956.00319675636,"upper_bound":79927.33523100615},"point_estimate":65416.434319876134,"standard_error":7532.9026176633},"slope":null,"std_dev":{"confidence_interval":{"confidence_level":0.95,"lower_bound":53233.53142238088,"upper_bound":68512.06609858433},"point_estimate":61348.20990102508,"standard_error":3913.2966167848135}}