{"mean":{"confidence_interval":{"confidence_level":0.95,"lower_bound":3549608.0256964285,"upper_bound":3632777.163089286},"point_estimate":3590544.7621428575,"standard_error":21295.854640752095},"median":{"confidence_interval":{"confidence_level":0.95,"lower_bound":3515210.0714285714,"upper_bound":3631178.0714285714},"point_estimate":3582270.8571428573,"standard_error":29713.43294459325},"median_abs_dev":{"confidence_interval":{"confidence_level":0.95,"lower_bound":147390.92903328786,"upper_bound":236924.92964374178},"point_estimate":195920.3444717183,"standard_error":23423.337125059},"slope":null,"std_dev":{"confidence_interval":{"confidence_level":0.95,"lower_bound":175700.5026327053,"upper_bound":249187.4059126039},"point_estimate":213860.54994284722,"standard_error":18805.698060741972}}