{"mean":{"confidence_interval":{"confidence_level":0.95,"lower_bound":350662209.89,"upper_bound":351435049.0155},"point_estimate":351046646.22,"standard_error":197071.31076478833},"median":{"confidence_interval":{"confidence_level":0.95,"lower_bound":350378178.0,"upper_bound":351422634.0},"point_estimate":351037805.5,"standard_error":271995.3751520935},"median_abs_dev":{"confidence_interval":{"confidence_level":0.95,"lower_bound":1769812.2057795525,"upper_bound":2743150.2079993486},"point_estimate":2194369.534242153,"standard_error":256957.96449801011},"slope":null,"std_dev":{"confidence_interval":{"confidence_level":0.95,"lower_bound":1725428.9816201157,"upper_bound":2225589.4851271375},"point_estimate":1985750.8503173029,"standard_error":127933.24320227525}}