{"mean":{"confidence_interval":{"confidence_level":0.95,"lower_bound":323017625.2535,"upper_bound":323473696.6915},"point_estimate":323238243.59,"standard_error":116859.03807880281},"median":{"confidence_interval":{"confidence_level":0.95,"lower_bound":322879519.0,"upper_bound":323298673.5},"point_estimate":323076023.5,"standard_error":120311.69255641136},"median_abs_dev":{"confidence_interval":{"confidence_level":0.95,"lower_bound":678817.293548584,"upper_bound":1101211.5086495876},"point_estimate":990900.8815079927,"standard_error":109469.61868188444},"slope":null,"std_dev":{"confidence_interval":{"confidence_level":0.95,"lower_bound":906415.4204948632,"upper_bound":1417595.3684426034},"point_estimate":1175198.7637813245,"standard_error":130848.69808226041}}