{"mean":{"confidence_interval":{"confidence_level":0.95,"lower_bound":494758910.98700005,"upper_bound":497968467.34575003},"point_estimate":496320808.14,"standard_error":820587.6596776829},"median":{"confidence_interval":{"confidence_level":0.95,"lower_bound":493407027.0,"upper_bound":497112578.0},"point_estimate":495262997.0,"standard_error":903848.8292532861},"median_abs_dev":{"confidence_interval":{"confidence_level":0.95,"lower_bound":5777263.626033068,"upper_bound":9426732.590899535},"point_estimate":7239077.548080683,"standard_error":959967.5475250178},"slope":null,"std_dev":{"confidence_interval":{"confidence_level":0.95,"lower_bound":6462132.632909452,"upper_bound":10117599.332421046},"point_estimate":8247433.254837318,"standard_error":953643.2108339024}}