{"mean":{"confidence_interval":{"confidence_level":0.95,"lower_bound":418022940.112,"upper_bound":420976053.277},"point_estimate":419461116.48,"standard_error":754749.2460037384},"median":{"confidence_interval":{"confidence_level":0.95,"lower_bound":416138936.0,"upper_bound":420410654.0},"point_estimate":417692370.0,"standard_error":1065977.7323966366},"median_abs_dev":{"confidence_interval":{"confidence_level":0.95,"lower_bound":4658551.507294178,"upper_bound":7449387.894054428},"point_estimate":5822600.791928172,"standard_error":728882.8854273346},"slope":null,"std_dev":{"confidence_interval":{"confidence_level":0.95,"lower_bound":6094243.5854545515,"upper_bound":8946097.403021751},"point_estimate":7591941.4375111535,"standard_error":729451.8178616794}}