{"mean":{"confidence_interval":{"confidence_level":0.95,"lower_bound":340947878.04824996,"upper_bound":345821081.83},"point_estimate":343346520.15,"standard_error":1243182.3235099087},"median":{"confidence_interval":{"confidence_level":0.95,"lower_bound":337734855.0,"upper_bound":344142010.5},"point_estimate":339914370.5,"standard_error":1877878.27151091},"median_abs_dev":{"confidence_interval":{"confidence_level":0.95,"lower_bound":8070833.183214068,"upper_bound":14061297.761857057},"point_estimate":10140908.20736289,"standard_error":1530170.6264429046},"slope":null,"std_dev":{"confidence_interval":{"confidence_level":0.95,"lower_bound":10498643.897147598,"upper_bound":14295216.393216474},"point_estimate":12508425.946133746,"standard_error":971585.9610190256}}