{"mean":{"confidence_interval":{"confidence_level":0.95,"lower_bound":330759105.819,"upper_bound":334121909.67},"point_estimate":332405240.62,"standard_error":853349.7545108828},"median":{"confidence_interval":{"confidence_level":0.95,"lower_bound":328728271.0,"upper_bound":332523122.0},"point_estimate":330375028.0,"standard_error":904135.6822509215},"median_abs_dev":{"confidence_interval":{"confidence_level":0.95,"lower_bound":5501485.204929113,"upper_bound":9275778.505522013},"point_estimate":7033469.101130962,"standard_error":1000215.8679414158},"slope":null,"std_dev":{"confidence_interval":{"confidence_level":0.95,"lower_bound":7054160.735530767,"upper_bound":9855228.206995822},"point_estimate":8553490.494287007,"standard_error":718720.7585237517}}