{"mean":{"confidence_interval":{"confidence_level":0.95,"lower_bound":434156642.13199997,"upper_bound":434926386.3875},"point_estimate":434534985.45,"standard_error":196382.92325932975},"median":{"confidence_interval":{"confidence_level":0.95,"lower_bound":433599068.0,"upper_bound":434815680.0},"point_estimate":434125073.0,"standard_error":301717.00362050685},"median_abs_dev":{"confidence_interval":{"confidence_level":0.95,"lower_bound":1493355.5878501385,"upper_bound":2407774.9744534492},"point_estimate":1987099.092721939,"standard_error":226243.2836889832},"slope":null,"std_dev":{"confidence_interval":{"confidence_level":0.95,"lower_bound":1686191.4817353736,"upper_bound":2238679.960682402},"point_estimate":1977280.1234941997,"standard_error":141102.36173606975}}