{"mean":{"confidence_interval":{"confidence_level":0.95,"lower_bound":309852123.823,"upper_bound":310433578.111},"point_estimate":310143199.97,"standard_error":148451.08169174768},"median":{"confidence_interval":{"confidence_level":0.95,"lower_bound":309748844.0,"upper_bound":310616856.0},"point_estimate":310283288.5,"standard_error":209659.36310630152},"median_abs_dev":{"confidence_interval":{"confidence_level":0.95,"lower_bound":1174827.5084551433,"upper_bound":1921497.7503865957},"point_estimate":1547873.6614197493,"standard_error":183759.35968420078},"slope":null,"std_dev":{"confidence_interval":{"confidence_level":0.95,"lower_bound":1282628.594778924,"upper_bound":1681690.7377783866},"point_estimate":1491256.1476425796,"standard_error":101515.60779471694}}