{"mean":{"confidence_interval":{"confidence_level":0.95,"lower_bound":304724264.98425,"upper_bound":309954180.34},"point_estimate":307252350.2,"standard_error":1331632.9271822546},"median":{"confidence_interval":{"confidence_level":0.95,"lower_bound":301495231.0,"upper_bound":305730278.0},"point_estimate":303645572.5,"standard_error":1032057.0668290003},"median_abs_dev":{"confidence_interval":{"confidence_level":0.95,"lower_bound":7150274.257457256,"upper_bound":12710415.565145016},"point_estimate":9527448.36845398,"standard_error":1355584.7385247422},"slope":null,"std_dev":{"confidence_interval":{"confidence_level":0.95,"lower_bound":10718414.305807697,"upper_bound":15532061.671837067},"point_estimate":13319905.405705625,"standard_error":1231679.573133886}}