{"mean":{"confidence_interval":{"confidence_level":0.95,"lower_bound":397414155.35725,"upper_bound":402016084.62200004},"point_estimate":399618765.15,"standard_error":1173688.4469889177},"median":{"confidence_interval":{"confidence_level":0.95,"lower_bound":396304574.5,"upper_bound":400119405.0},"point_estimate":398587921.5,"standard_error":1090178.6474074535},"median_abs_dev":{"confidence_interval":{"confidence_level":0.95,"lower_bound":6591541.631376743,"upper_bound":11193531.949675083},"point_estimate":8690242.695817351,"standard_error":1211123.6564478143},"slope":null,"std_dev":{"confidence_interval":{"confidence_level":0.95,"lower_bound":8738237.383106675,"upper_bound":15208825.281494448},"point_estimate":11773969.199291736,"standard_error":1742987.2284576087}}