{"mean":{"confidence_interval":{"confidence_level":0.95,"lower_bound":446335097.4535,"upper_bound":449374551.6055},"point_estimate":447815073.0,"standard_error":775293.9064211512},"median":{"confidence_interval":{"confidence_level":0.95,"lower_bound":445363557.0,"upper_bound":448351971.5},"point_estimate":446729681.0,"standard_error":855708.728397354},"median_abs_dev":{"confidence_interval":{"confidence_level":0.95,"lower_bound":4941846.710264683,"upper_bound":8027126.87729001},"point_estimate":6421586.748594046,"standard_error":785221.902342618},"slope":null,"std_dev":{"confidence_interval":{"confidence_level":0.95,"lower_bound":6150383.96722272,"upper_bound":9202401.145398112},"point_estimate":7779743.731516133,"standard_error":780087.6323026498}}