{"mean":{"confidence_interval":{"confidence_level":0.95,"lower_bound":296073891.18225,"upper_bound":300230296.7415},"point_estimate":298104343.0,"standard_error":1061943.0978549079},"median":{"confidence_interval":{"confidence_level":0.95,"lower_bound":293666450.0,"upper_bound":297974729.0},"point_estimate":295763491.0,"standard_error":1119795.118762173},"median_abs_dev":{"confidence_interval":{"confidence_level":0.95,"lower_bound":6568382.678487897,"upper_bound":11450953.725997433},"point_estimate":9228864.594554901,"standard_error":1295037.6652312912},"slope":null,"std_dev":{"confidence_interval":{"confidence_level":0.95,"lower_bound":8676861.338286005,"upper_bound":12584766.99625651},"point_estimate":10711660.608788414,"standard_error":1003217.8953581427}}