{"mean":{"confidence_interval":{"confidence_level":0.95,"lower_bound":8097.480130941633,"upper_bound":9237.852146970281},"point_estimate":8574.164715148361,"standard_error":296.8258290759592},"median":{"confidence_interval":{"confidence_level":0.95,"lower_bound":7732.955817116552,"upper_bound":7912.342310298103},"point_estimate":7794.139369172494,"standard_error":45.94574496341176},"median_abs_dev":{"confidence_interval":{"confidence_level":0.95,"lower_bound":228.41764788852197,"upper_bound":479.98408021320256},"point_estimate":323.5770487474158,"standard_error":67.31915726978714},"slope":{"confidence_interval":{"confidence_level":0.95,"lower_bound":7639.109920588925,"upper_bound":7704.677859948888},"point_estimate":7668.12445635683,"standard_error":16.749140756778317},"std_dev":{"confidence_interval":{"confidence_level":0.95,"lower_bound":936.1951478010006,"upper_bound":4716.963820747674},"point_estimate":2971.9927371576937,"standard_error":1067.5630029384142}}