{"mean":{"confidence_interval":{"confidence_level":0.95,"lower_bound":7806.30099142206,"upper_bound":8966.790268707791},"point_estimate":8292.21049878777,"standard_error":300.7141370054942},"median":{"confidence_interval":{"confidence_level":0.95,"lower_bound":7417.550442857142,"upper_bound":7604.054372294372},"point_estimate":7473.44183797054,"standard_error":50.640843033699845},"median_abs_dev":{"confidence_interval":{"confidence_level":0.95,"lower_bound":220.28764629874266,"upper_bound":484.00354294844493},"point_estimate":310.2493820423396,"standard_error":69.52765669249902},"slope":{"confidence_interval":{"confidence_level":0.95,"lower_bound":7332.041563131806,"upper_bound":7398.947537509171},"point_estimate":7361.96908051426,"standard_error":17.134255982774974},"std_dev":{"confidence_interval":{"confidence_level":0.95,"lower_bound":973.969932017909,"upper_bound":4779.920279165187},"point_estimate":3026.0977710531574,"standard_error":1072.7467628972565}}