{"mean":{"confidence_interval":{"confidence_level":0.95,"lower_bound":1448274.6559155602,"upper_bound":1487924.9342827098},"point_estimate":1467225.6636526156,"standard_error":10121.69479881489},"median":{"confidence_interval":{"confidence_level":0.95,"lower_bound":1431931.9733333334,"upper_bound":1451609.5643274854},"point_estimate":1439851.4576077943,"standard_error":5395.289079641488},"median_abs_dev":{"confidence_interval":{"confidence_level":0.95,"lower_bound":29034.753322666715,"upper_bound":54049.848622488564},"point_estimate":39427.599118561535,"standard_error":6593.129435855654},"slope":{"confidence_interval":{"confidence_level":0.95,"lower_bound":1437492.4308058727,"upper_bound":1448862.8036132632},"point_estimate":1443618.3610314762,"standard_error":2899.4154078514057},"std_dev":{"confidence_interval":{"confidence_level":0.95,"lower_bound":78535.95581510394,"upper_bound":119845.1841629073},"point_estimate":101459.39819995975,"standard_error":10584.424244534152}}