{"mean":{"confidence_interval":{"confidence_level":0.95,"lower_bound":1307777.3767652814,"upper_bound":1349021.5191683713},"point_estimate":1327477.1326001924,"standard_error":10554.34416110989},"median":{"confidence_interval":{"confidence_level":0.95,"lower_bound":1293112.908653846,"upper_bound":1303283.7976190476},"point_estimate":1299944.4419346086,"standard_error":2935.114428999218},"median_abs_dev":{"confidence_interval":{"confidence_level":0.95,"lower_bound":26233.197049780505,"upper_bound":57976.463257204414},"point_estimate":37467.62823774229,"standard_error":7931.395577028889},"slope":{"confidence_interval":{"confidence_level":0.95,"lower_bound":1293685.6245959746,"upper_bound":1305047.7039188999},"point_estimate":1299651.0439278854,"standard_error":2910.156857849399},"std_dev":{"confidence_interval":{"confidence_level":0.95,"lower_bound":81715.42439184638,"upper_bound":124946.35060192947},"point_estimate":105946.41778619733,"standard_error":11037.038989752942}}