{"mean":{"confidence_interval":{"confidence_level":0.95,"lower_bound":1402870.0714246538,"upper_bound":1448144.4235335803},"point_estimate":1424776.1878141111,"standard_error":11594.684456537067},"median":{"confidence_interval":{"confidence_level":0.95,"lower_bound":1373125.808080808,"upper_bound":1423287.8470380194},"point_estimate":1394550.0634095634,"standard_error":14245.179887699442},"median_abs_dev":{"confidence_interval":{"confidence_level":0.95,"lower_bound":65524.99071277352,"upper_bound":115550.7574751258},"point_estimate":81431.10404032508,"standard_error":12896.354591057247},"slope":{"confidence_interval":{"confidence_level":0.95,"lower_bound":1369639.5425850726,"upper_bound":1405920.502564452},"point_estimate":1386464.1536988325,"standard_error":9244.882117681307},"std_dev":{"confidence_interval":{"confidence_level":0.95,"lower_bound":92082.37980007849,"upper_bound":139232.5318975781},"point_estimate":116637.64198665744,"standard_error":12096.00892943895}}