{"mean":{"confidence_interval":{"confidence_level":0.95,"lower_bound":1560820.424036937,"upper_bound":1623507.8703141129},"point_estimate":1590956.0714585963,"standard_error":16030.397431734773},"median":{"confidence_interval":{"confidence_level":0.95,"lower_bound":1532441.944272446,"upper_bound":1572233.4631578948},"point_estimate":1546549.2453125,"standard_error":10016.770982245618},"median_abs_dev":{"confidence_interval":{"confidence_level":0.95,"lower_bound":72742.97182044954,"upper_bound":129502.17969255165},"point_estimate":92617.2707775327,"standard_error":14025.468942392967},"slope":{"confidence_interval":{"confidence_level":0.95,"lower_bound":1550088.1626986933,"upper_bound":1587606.18585446},"point_estimate":1569074.6674183537,"standard_error":9568.560532349862},"std_dev":{"confidence_interval":{"confidence_level":0.95,"lower_bound":118911.61865518265,"upper_bound":196814.91207676422},"point_estimate":160617.99210443668,"standard_error":19888.766051122693}}