{"mean":{"confidence_interval":{"confidence_level":0.95,"lower_bound":1481285.3419947936,"upper_bound":1523145.9772826186},"point_estimate":1501306.7849473914,"standard_error":10690.081910607856},"median":{"confidence_interval":{"confidence_level":0.95,"lower_bound":1465842.9909015717,"upper_bound":1482679.5369175626},"point_estimate":1473075.266075388,"standard_error":4317.325206612439},"median_abs_dev":{"confidence_interval":{"confidence_level":0.95,"lower_bound":23190.04702486516,"upper_bound":54846.89143362306},"point_estimate":38170.763235558814,"standard_error":8939.066785623185},"slope":{"confidence_interval":{"confidence_level":0.95,"lower_bound":1469849.7835229086,"upper_bound":1480555.7393343067},"point_estimate":1475546.6589951233,"standard_error":2730.7609933573494},"std_dev":{"confidence_interval":{"confidence_level":0.95,"lower_bound":81835.68253980497,"upper_bound":127753.52124879776},"point_estimate":107283.29707897485,"standard_error":11746.751350887029}}