{"mean":{"confidence_interval":{"confidence_level":0.95,"lower_bound":1748035.095312929,"upper_bound":1807753.464043104},"point_estimate":1776470.4534834893,"standard_error":15243.85245238374},"median":{"confidence_interval":{"confidence_level":0.95,"lower_bound":1722493.7922794118,"upper_bound":1760118.6666666667},"point_estimate":1745093.3622881356,"standard_error":10121.045759241671},"median_abs_dev":{"confidence_interval":{"confidence_level":0.95,"lower_bound":60715.33322391323,"upper_bound":102422.2387865165},"point_estimate":80576.69641883795,"standard_error":10803.73770514548},"slope":{"confidence_interval":{"confidence_level":0.95,"lower_bound":1736641.218924717,"upper_bound":1763128.92128941},"point_estimate":1750349.2529156199,"standard_error":6753.4212257096715},"std_dev":{"confidence_interval":{"confidence_level":0.95,"lower_bound":115832.65294428795,"upper_bound":187708.83382801755},"point_estimate":153195.8370459571,"standard_error":18384.597030719087}}