{"mean":{"confidence_interval":{"confidence_level":0.95,"lower_bound":1621708.0539770396,"upper_bound":1676352.0175298618},"point_estimate":1647552.7253095242,"standard_error":13962.399607004227},"median":{"confidence_interval":{"confidence_level":0.95,"lower_bound":1600224.9285714286,"upper_bound":1620544.4529411765},"point_estimate":1607233.9423076923,"standard_error":5093.79446988797},"median_abs_dev":{"confidence_interval":{"confidence_level":0.95,"lower_bound":44510.70124898918,"upper_bound":82994.21318952547},"point_estimate":60135.0830267189,"standard_error":9698.115532385973},"slope":{"confidence_interval":{"confidence_level":0.95,"lower_bound":1605033.20225586,"upper_bound":1629023.7678687621},"point_estimate":1616810.7974671198,"standard_error":6132.813069891798},"std_dev":{"confidence_interval":{"confidence_level":0.95,"lower_bound":101172.86517740724,"upper_bound":179913.76960186742},"point_estimate":140869.94894490816,"standard_error":20325.33042617054}}