{"mean":{"confidence_interval":{"confidence_level":0.95,"lower_bound":828134.9622387599,"upper_bound":875452.6266196129},"point_estimate":851548.1179448712,"standard_error":12084.029919662087},"median":{"confidence_interval":{"confidence_level":0.95,"lower_bound":805945.0070531489,"upper_bound":869984.5279477197},"point_estimate":844579.3883572568,"standard_error":16372.775546926796},"median_abs_dev":{"confidence_interval":{"confidence_level":0.95,"lower_bound":83406.9506586604,"upper_bound":141678.45809720457},"point_estimate":114235.60367844367,"standard_error":14242.562041262123},"slope":{"confidence_interval":{"confidence_level":0.95,"lower_bound":822015.2384733567,"upper_bound":877764.1002850734},"point_estimate":847985.5564740653,"standard_error":14204.296457590124},"std_dev":{"confidence_interval":{"confidence_level":0.95,"lower_bound":101356.70853678709,"upper_bound":139749.49824182532},"point_estimate":121100.22054825806,"standard_error":9809.60319882385}}