{"mean":{"confidence_interval":{"confidence_level":0.95,"lower_bound":586240.8231863392,"upper_bound":618384.7330455494},"point_estimate":601718.1006987825,"standard_error":8181.9481832825895},"median":{"confidence_interval":{"confidence_level":0.95,"lower_bound":584735.5098039216,"upper_bound":604488.8092334494},"point_estimate":589683.0893907563,"standard_error":4347.48574216532},"median_abs_dev":{"confidence_interval":{"confidence_level":0.95,"lower_bound":36766.94973466429,"upper_bound":79121.8242631988},"point_estimate":49020.59345654572,"standard_error":10119.871617797782},"slope":{"confidence_interval":{"confidence_level":0.95,"lower_bound":611934.4301838913,"upper_bound":637703.94756257},"point_estimate":624739.1112294961,"standard_error":6573.943610543781},"std_dev":{"confidence_interval":{"confidence_level":0.95,"lower_bound":63002.206639234784,"upper_bound":102511.97904202418},"point_estimate":82213.42618833216,"standard_error":10285.569435635138}}