{"mean":{"confidence_interval":{"confidence_level":0.95,"lower_bound":1302594.67291714,"upper_bound":1353547.839609622},"point_estimate":1327390.0146605845,"standard_error":13015.548100946473},"median":{"confidence_interval":{"confidence_level":0.95,"lower_bound":1289579.0,"upper_bound":1321393.6842105263},"point_estimate":1306175.6613712376,"standard_error":6544.644515837941},"median_abs_dev":{"confidence_interval":{"confidence_level":0.95,"lower_bound":70051.03139749392,"upper_bound":127629.23472935242},"point_estimate":95722.53382705583,"standard_error":13581.154118305281},"slope":{"confidence_interval":{"confidence_level":0.95,"lower_bound":1273990.9833318251,"upper_bound":1312791.295816878},"point_estimate":1292853.3668922712,"standard_error":9889.404726065972},"std_dev":{"confidence_interval":{"confidence_level":0.95,"lower_bound":104472.03064317568,"upper_bound":154686.8383440338},"point_estimate":131125.0037853361,"standard_error":12855.307672349454}}