{"mean":{"confidence_interval":{"confidence_level":0.95,"lower_bound":1647464.8449996167,"upper_bound":1719013.43530482},"point_estimate":1683114.6630067711,"standard_error":18248.550301419946},"median":{"confidence_interval":{"confidence_level":0.95,"lower_bound":1639410.2537313432,"upper_bound":1738711.9154929577},"point_estimate":1677675.2466666666,"standard_error":25040.32112893502},"median_abs_dev":{"confidence_interval":{"confidence_level":0.95,"lower_bound":130722.77411920684,"upper_bound":216093.79573546533},"point_estimate":169126.73131479224,"standard_error":22768.15065156415},"slope":{"confidence_interval":{"confidence_level":0.95,"lower_bound":1607641.781147599,"upper_bound":1676058.5896838102},"point_estimate":1641962.3639456185,"standard_error":17499.523597652995},"std_dev":{"confidence_interval":{"confidence_level":0.95,"lower_bound":151892.15566490561,"upper_bound":216580.2217434612},"point_estimate":183963.87454377022,"standard_error":16603.445841134373}}