{"mean":{"confidence_interval":{"confidence_level":0.95,"lower_bound":720545.7223409372,"upper_bound":823651.1865326692},"point_estimate":758335.8731498291,"standard_error":29869.6941217876},"median":{"confidence_interval":{"confidence_level":0.95,"lower_bound":722311.9318181818,"upper_bound":750102.8571428572},"point_estimate":733077.4842098309,"standard_error":5678.702668847541},"median_abs_dev":{"confidence_interval":{"confidence_level":0.95,"lower_bound":36714.630275134194,"upper_bound":59327.4712365299},"point_estimate":45503.716001535686,"standard_error":6171.470193584994},"slope":{"confidence_interval":{"confidence_level":0.95,"lower_bound":722755.5029960952,"upper_bound":744644.0419871535},"point_estimate":733742.0659923156,"standard_error":5587.691355754195},"std_dev":{"confidence_interval":{"confidence_level":0.95,"lower_bound":44740.47774200592,"upper_bound":510761.7290676565},"point_estimate":300264.5940269207,"standard_error":163327.77858026154}}