{"mean":{"confidence_interval":{"confidence_level":0.95,"lower_bound":41644.62394161778,"upper_bound":42447.97970460299},"point_estimate":41985.987252467574,"standard_error":207.53016054660435},"median":{"confidence_interval":{"confidence_level":0.95,"lower_bound":41460.11288422131,"upper_bound":42034.91421731736},"point_estimate":41671.08807663691,"standard_error":156.68526132537338},"median_abs_dev":{"confidence_interval":{"confidence_level":0.95,"lower_bound":815.7240647575134,"upper_bound":1224.0372349311046},"point_estimate":983.1727910260909,"standard_error":102.41754801537529},"slope":{"confidence_interval":{"confidence_level":0.95,"lower_bound":41196.38686702328,"upper_bound":41579.768033889966},"point_estimate":41393.56312521551,"standard_error":97.8928181052402},"std_dev":{"confidence_interval":{"confidence_level":0.95,"lower_bound":938.7331744720406,"upper_bound":3277.9058990476133},"point_estimate":2091.2832897018425,"standard_error":747.2225800766198}}