{"mean":{"confidence_interval":{"confidence_level":0.95,"lower_bound":35747.4557182985,"upper_bound":36444.963806861},"point_estimate":36085.27430085726,"standard_error":177.84517441344823},"median":{"confidence_interval":{"confidence_level":0.95,"lower_bound":35279.965352449224,"upper_bound":36498.99894179894},"point_estimate":35845.35514403292,"standard_error":317.6585683372115},"median_abs_dev":{"confidence_interval":{"confidence_level":0.95,"lower_bound":1363.0104120359474,"upper_bound":2084.7678361430717},"point_estimate":1658.4680457016493,"standard_error":186.13804802259506},"slope":{"confidence_interval":{"confidence_level":0.95,"lower_bound":35459.02618812277,"upper_bound":36030.50852553685},"point_estimate":35741.4008743959,"standard_error":145.5702237856241},"std_dev":{"confidence_interval":{"confidence_level":0.95,"lower_bound":1409.403830386959,"upper_bound":2235.161964529402},"point_estimate":1783.8677936169438,"standard_error":221.08978265167698}}