{"mean":{"confidence_interval":{"confidence_level":0.95,"lower_bound":47010.741730003385,"upper_bound":48035.01586113276},"point_estimate":47506.92801720598,"standard_error":261.48741802010727},"median":{"confidence_interval":{"confidence_level":0.95,"lower_bound":46580.32547864506,"upper_bound":47972.54875283447},"point_estimate":47292.17154374978,"standard_error":398.8087067861355},"median_abs_dev":{"confidence_interval":{"confidence_level":0.95,"lower_bound":1765.2126091374002,"upper_bound":2807.1760468125517},"point_estimate":2219.7553388028464,"standard_error":270.63701530091043},"slope":{"confidence_interval":{"confidence_level":0.95,"lower_bound":46246.734824161074,"upper_bound":47250.9190638825},"point_estimate":46733.62969551113,"standard_error":255.70487474872405},"std_dev":{"confidence_interval":{"confidence_level":0.95,"lower_bound":2092.362168914606,"upper_bound":3147.776765313318},"point_estimate":2638.809414769673,"standard_error":270.7694379829212}}