{"mean":{"confidence_interval":{"confidence_level":0.95,"lower_bound":997.6161739822056,"upper_bound":1034.7991406732745},"point_estimate":1012.8426140111695,"standard_error":9.68203232724522},"median":{"confidence_interval":{"confidence_level":0.95,"lower_bound":986.4269578905943,"upper_bound":992.1582861582862},"point_estimate":987.4254447439353,"standard_error":1.7450081448784116},"median_abs_dev":{"confidence_interval":{"confidence_level":0.95,"lower_bound":6.7621348353083945,"upper_bound":14.814497989228867},"point_estimate":8.619543061906159,"standard_error":2.2029567038670286},"slope":{"confidence_interval":{"confidence_level":0.95,"lower_bound":983.5859174455649,"upper_bound":985.4534109194442},"point_estimate":984.4236772547191,"standard_error":0.4768522504969726},"std_dev":{"confidence_interval":{"confidence_level":0.95,"lower_bound":29.11888402352449,"upper_bound":155.4202866950065},"point_estimate":96.95832473371986,"standard_error":36.53212906913407}}