{"mean":{"confidence_interval":{"confidence_level":0.95,"lower_bound":1315.7377162257633,"upper_bound":1384.651268630193},"point_estimate":1344.8860823978007,"standard_error":17.88184190216086},"median":{"confidence_interval":{"confidence_level":0.95,"lower_bound":1295.9428935415974,"upper_bound":1312.9560780025515},"point_estimate":1304.676401729156,"standard_error":4.359955124365271},"median_abs_dev":{"confidence_interval":{"confidence_level":0.95,"lower_bound":22.584295884142062,"upper_bound":51.405315690186164},"point_estimate":29.880640255367265,"standard_error":7.279356588478755},"slope":{"confidence_interval":{"confidence_level":0.95,"lower_bound":1284.3744384669808,"upper_bound":1312.073076659081},"point_estimate":1296.8627061370444,"standard_error":7.080344953862476},"std_dev":{"confidence_interval":{"confidence_level":0.95,"lower_bound":66.64805955193513,"upper_bound":281.1319432243476},"point_estimate":179.2495479946412,"standard_error":61.63029470814311}}