{"mean":{"confidence_interval":{"confidence_level":0.95,"lower_bound":1207.9096899009976,"upper_bound":1258.0379857096978},"point_estimate":1228.4040075679595,"standard_error":13.015495851821509},"median":{"confidence_interval":{"confidence_level":0.95,"lower_bound":1194.1193065021284,"upper_bound":1205.4205957689023},"point_estimate":1199.1421296296296,"standard_error":2.9686047258501027},"median_abs_dev":{"confidence_interval":{"confidence_level":0.95,"lower_bound":16.75744590427712,"upper_bound":30.253223324801123},"point_estimate":25.446009018243547,"standard_error":3.40878538847911},"slope":{"confidence_interval":{"confidence_level":0.95,"lower_bound":1189.438462161043,"upper_bound":1198.908060532478},"point_estimate":1194.1145739455835,"standard_error":2.4058657388510967},"std_dev":{"confidence_interval":{"confidence_level":0.95,"lower_bound":40.364352234533186,"upper_bound":210.15553724048183},"point_estimate":130.4264806117901,"standard_error":50.58993130412321}}