{"mean":{"confidence_interval":{"confidence_level":0.95,"lower_bound":1035.7740929184918,"upper_bound":1072.2309557888934},"point_estimate":1050.8660576507866,"standard_error":9.445202426946825},"median":{"confidence_interval":{"confidence_level":0.95,"lower_bound":1024.2295562749953,"upper_bound":1029.902932310222},"point_estimate":1026.2744928214731,"standard_error":1.1882183335520997},"median_abs_dev":{"confidence_interval":{"confidence_level":0.95,"lower_bound":7.874320126424009,"upper_bound":14.947199672080938},"point_estimate":10.654012070721754,"standard_error":1.7092207357857052},"slope":{"confidence_interval":{"confidence_level":0.95,"lower_bound":1020.9111583772421,"upper_bound":1023.1618993583869},"point_estimate":1021.9261192967192,"standard_error":0.5707912716153907},"std_dev":{"confidence_interval":{"confidence_level":0.95,"lower_bound":30.00988997032628,"upper_bound":150.74537167266104},"point_estimate":95.10326685441652,"standard_error":34.15532919449059}}