{"mean":{"confidence_interval":{"confidence_level":0.95,"lower_bound":18782845.494916666,"upper_bound":19152130.502666667},"point_estimate":18964007.416666664,"standard_error":94109.69358330785},"median":{"confidence_interval":{"confidence_level":0.95,"lower_bound":18569204.5,"upper_bound":19163775.666666668},"point_estimate":18851555.5,"standard_error":121097.0157122272},"median_abs_dev":{"confidence_interval":{"confidence_level":0.95,"lower_bound":726084.310409423,"upper_bound":1114428.8874149323},"point_estimate":844248.2696115961,"standard_error":102343.37199812259},"slope":null,"std_dev":{"confidence_interval":{"confidence_level":0.95,"lower_bound":788991.5231461342,"upper_bound":1088719.0172270515},"point_estimate":946373.4888456055,"standard_error":76061.80144162627}}