{"mean":{"confidence_interval":{"confidence_level":0.95,"lower_bound":13291326.067937499,"upper_bound":13370050.719},"point_estimate":13330337.9525,"standard_error":20099.321879211977},"median":{"confidence_interval":{"confidence_level":0.95,"lower_bound":13271079.25,"upper_bound":13365472.75},"point_estimate":13325422.625,"standard_error":22447.06125397498},"median_abs_dev":{"confidence_interval":{"confidence_level":0.95,"lower_bound":162160.85472106934,"upper_bound":282475.8301956765},"point_estimate":217944.7906807065,"standard_error":32498.67370912118},"slope":null,"std_dev":{"confidence_interval":{"confidence_level":0.95,"lower_bound":177156.5461307527,"upper_bound":224343.12255678396},"point_estimate":202408.68528429003,"standard_error":11991.49596869472}}