{"mean":{"confidence_interval":{"confidence_level":0.95,"lower_bound":13419501.422249999,"upper_bound":13487018.8670625},"point_estimate":13453403.7525,"standard_error":17256.149061580603},"median":{"confidence_interval":{"confidence_level":0.95,"lower_bound":13415834.25,"upper_bound":13521023.5},"point_estimate":13452921.25,"standard_error":25836.173203407943},"median_abs_dev":{"confidence_interval":{"confidence_level":0.95,"lower_bound":151543.21500957012,"upper_bound":239643.19727048278},"point_estimate":187358.5678987205,"standard_error":22326.572557063664},"slope":null,"std_dev":{"confidence_interval":{"confidence_level":0.95,"lower_bound":153390.99029504397,"upper_bound":191949.06268420047},"point_estimate":173724.71169241946,"standard_error":9819.716499499576}}