{"mean":{"confidence_interval":{"confidence_level":0.95,"lower_bound":22429367.020500004,"upper_bound":22474150.53241667},"point_estimate":22451024.00333333,"standard_error":11410.460381873356},"median":{"confidence_interval":{"confidence_level":0.95,"lower_bound":22417628.666666664,"upper_bound":22475263.0},"point_estimate":22443995.666666664,"standard_error":13393.818079147057},"median_abs_dev":{"confidence_interval":{"confidence_level":0.95,"lower_bound":85819.55817639828,"upper_bound":131385.53866744135},"point_estimate":108997.5377649078,"standard_error":11484.995557047758},"slope":null,"std_dev":{"confidence_interval":{"confidence_level":0.95,"lower_bound":88401.87473353748,"upper_bound":144369.74420545073},"point_estimate":114534.8849047419,"standard_error":14897.980535595458}}