{"mean":{"confidence_interval":{"confidence_level":0.95,"lower_bound":24341664.87775,"upper_bound":24618553.283999998},"point_estimate":24476961.815,"standard_error":70580.39078777509},"median":{"confidence_interval":{"confidence_level":0.95,"lower_bound":24226442.5,"upper_bound":24502222.0},"point_estimate":24380621.25,"standard_error":64237.96149330374},"median_abs_dev":{"confidence_interval":{"confidence_level":0.95,"lower_bound":463764.3141165376,"upper_bound":838554.0973126888},"point_estimate":631962.3159304261,"standard_error":92297.05682247749},"slope":null,"std_dev":{"confidence_interval":{"confidence_level":0.95,"lower_bound":577548.247968346,"upper_bound":829612.5100733243},"point_estimate":708964.3774355123,"standard_error":64480.523817133464}}