{"mean":{"confidence_interval":{"confidence_level":0.95,"lower_bound":12777530.860449996,"upper_bound":12808902.994949998},"point_estimate":12792882.838,"standard_error":8001.6396578287195},"median":{"confidence_interval":{"confidence_level":0.95,"lower_bound":12751753.4,"upper_bound":12802884.8},"point_estimate":12766638.9,"standard_error":14298.996205971616},"median_abs_dev":{"confidence_interval":{"confidence_level":0.95,"lower_bound":54318.7565356493,"upper_bound":94256.88636660631},"point_estimate":70772.65104353428,"standard_error":10413.166293305865},"slope":null,"std_dev":{"confidence_interval":{"confidence_level":0.95,"lower_bound":68216.68728881086,"upper_bound":91687.0130768227},"point_estimate":80790.47777657358,"standard_error":5981.804969176768}}