{"mean":{"confidence_interval":{"confidence_level":0.95,"lower_bound":24264452.906125,"upper_bound":24406337.697249997},"point_estimate":24335339.625,"standard_error":36041.187374010464},"median":{"confidence_interval":{"confidence_level":0.95,"lower_bound":24247946.25,"upper_bound":24457302.5},"point_estimate":24342523.5,"standard_error":57821.96218684801},"median_abs_dev":{"confidence_interval":{"confidence_level":0.95,"lower_bound":287260.0459501147,"upper_bound":472292.2291651368},"point_estimate":362837.4328583479,"standard_error":46491.4149752706},"slope":null,"std_dev":{"confidence_interval":{"confidence_level":0.95,"lower_bound":312181.53262587736,"upper_bound":409515.0393513649},"point_estimate":362750.1872043553,"standard_error":24855.247729892795}}