{"mean":{"confidence_interval":{"confidence_level":0.95,"lower_bound":18160952.357916664,"upper_bound":18393966.05},"point_estimate":18271092.773333322,"standard_error":59642.213492632574},"median":{"confidence_interval":{"confidence_level":0.95,"lower_bound":18075187.0,"upper_bound":18319750.166666664},"point_estimate":18161655.5,"standard_error":75683.92142016377},"median_abs_dev":{"confidence_interval":{"confidence_level":0.95,"lower_bound":326573.0375021696,"upper_bound":524852.4985820046},"point_estimate":421988.2298082104,"standard_error":51859.27538261329},"slope":null,"std_dev":{"confidence_interval":{"confidence_level":0.95,"lower_bound":423321.62615848595,"upper_bound":799627.2999155032},"point_estimate":597942.5074825507,"standard_error":105136.05852542019}}