{"mean":{"confidence_interval":{"confidence_level":0.95,"lower_bound":29453.463354131185,"upper_bound":30044.225246999995},"point_estimate":29724.247055329248,"standard_error":150.44075111474382},"median":{"confidence_interval":{"confidence_level":0.95,"lower_bound":29299.847487863924,"upper_bound":29868.70701357466},"point_estimate":29485.36234548167,"standard_error":132.06533019689968},"median_abs_dev":{"confidence_interval":{"confidence_level":0.95,"lower_bound":849.7939988805812,"upper_bound":1384.8957249469952},"point_estimate":1166.9667383772198,"standard_error":131.92316738684582},"slope":{"confidence_interval":{"confidence_level":0.95,"lower_bound":28922.883564625703,"upper_bound":29360.826742213845},"point_estimate":29139.631796608108,"standard_error":111.50860064098504},"std_dev":{"confidence_interval":{"confidence_level":0.95,"lower_bound":939.2282844623556,"upper_bound":2170.280445765414},"point_estimate":1515.1125506736776,"standard_error":361.84017831037755}}