{"mean":{"confidence_interval":{"confidence_level":0.95,"lower_bound":29608.87449287275,"upper_bound":30100.338192385458},"point_estimate":29835.609500541686,"standard_error":125.57088290928185},"median":{"confidence_interval":{"confidence_level":0.95,"lower_bound":29571.07894736842,"upper_bound":30033.973862667597},"point_estimate":29881.952123810053,"standard_error":131.38662781004058},"median_abs_dev":{"confidence_interval":{"confidence_level":0.95,"lower_bound":492.30198660225005,"upper_bound":919.3713612741981},"point_estimate":615.2941184431921,"standard_error":113.39495191118067},"slope":{"confidence_interval":{"confidence_level":0.95,"lower_bound":29553.62681361252,"upper_bound":29824.975875852717},"point_estimate":29700.363285552437,"standard_error":69.2184877272445},"std_dev":{"confidence_interval":{"confidence_level":0.95,"lower_bound":773.717311481784,"upper_bound":1755.76186076106},"point_estimate":1259.9343010102514,"standard_error":261.76686355251013}}