{"mean":{"confidence_interval":{"confidence_level":0.95,"lower_bound":22307.946411653804,"upper_bound":23785.701808442413},"point_estimate":22932.248769401744,"standard_error":381.67405029168077},"median":{"confidence_interval":{"confidence_level":0.95,"lower_bound":21697.800238325504,"upper_bound":22036.553578336556},"point_estimate":21789.125750388725,"standard_error":83.36552160510166},"median_abs_dev":{"confidence_interval":{"confidence_level":0.95,"lower_bound":330.6681232441272,"upper_bound":866.0819459578496},"point_estimate":477.5776849240836,"standard_error":129.91036923336762},"slope":{"confidence_interval":{"confidence_level":0.95,"lower_bound":21546.54906569465,"upper_bound":21682.07151755126},"point_estimate":21610.588915230044,"standard_error":34.726322779509026},"std_dev":{"confidence_interval":{"confidence_level":0.95,"lower_bound":1439.653032652689,"upper_bound":5942.54530118492},"point_estimate":3817.349257255675,"standard_error":1266.4847462125767}}