{"mean":{"confidence_interval":{"confidence_level":0.95,"lower_bound":33784.65649008197,"upper_bound":37771.115185786},"point_estimate":35504.68170443265,"standard_error":1028.1030866334745},"median":{"confidence_interval":{"confidence_level":0.95,"lower_bound":31981.19099378882,"upper_bound":33468.642748698665},"point_estimate":32727.835990239008,"standard_error":386.3796695224431},"median_abs_dev":{"confidence_interval":{"confidence_level":0.95,"lower_bound":1801.193244174952,"upper_bound":3540.7123938099776},"point_estimate":2766.670689449731,"standard_error":483.1840773028108},"slope":{"confidence_interval":{"confidence_level":0.95,"lower_bound":31792.85155076757,"upper_bound":32631.099193812952},"point_estimate":32194.09780246575,"standard_error":213.84055186577413},"std_dev":{"confidence_interval":{"confidence_level":0.95,"lower_bound":4220.104357763322,"upper_bound":15931.639004452327},"point_estimate":10406.613383164333,"standard_error":3214.358274088104}}