{"mean":{"confidence_interval":{"confidence_level":0.95,"lower_bound":27001.680498595368,"upper_bound":29378.882461706726},"point_estimate":28031.60907970321,"standard_error":611.9579731092936},"median":{"confidence_interval":{"confidence_level":0.95,"lower_bound":26054.77162162162,"upper_bound":27340.386694386696},"point_estimate":26520.88421852085,"standard_error":342.1650751950063},"median_abs_dev":{"confidence_interval":{"confidence_level":0.95,"lower_bound":1864.6097975086088,"upper_bound":3153.701769429501},"point_estimate":2540.103189845626,"standard_error":322.39332073260874},"slope":{"confidence_interval":{"confidence_level":0.95,"lower_bound":25566.958027705336,"upper_bound":26365.756841447856},"point_estimate":25942.038977230517,"standard_error":204.33829208848633},"std_dev":{"confidence_interval":{"confidence_level":0.95,"lower_bound":2781.6379322119933,"upper_bound":9354.774678336247},"point_estimate":6154.530482898885,"standard_error":1853.6236401988365}}