{"mean":{"confidence_interval":{"confidence_level":0.95,"lower_bound":28836.865432548693,"upper_bound":31489.955465322946},"point_estimate":29952.715949620466,"standard_error":687.5980411020105},"median":{"confidence_interval":{"confidence_level":0.95,"lower_bound":28134.174988184714,"upper_bound":28233.23715488686},"point_estimate":28173.85154035154,"standard_error":26.6540416282783},"median_abs_dev":{"confidence_interval":{"confidence_level":0.95,"lower_bound":180.0083739057094,"upper_bound":395.9673046778038},"point_estimate":256.9342829768331,"standard_error":54.37594039027888},"slope":{"confidence_interval":{"confidence_level":0.95,"lower_bound":28157.93190163681,"upper_bound":28220.010900859797},"point_estimate":28188.44611676093,"standard_error":15.8884383949016},"std_dev":{"confidence_interval":{"confidence_level":0.95,"lower_bound":2233.9732105482058,"upper_bound":10899.369929266422},"point_estimate":6928.322656553443,"standard_error":2404.954670676465}}