{"mean":{"confidence_interval":{"confidence_level":0.95,"lower_bound":19171.144146374267,"upper_bound":20513.811132296025},"point_estimate":19761.69728249513,"standard_error":344.4855767240511},"median":{"confidence_interval":{"confidence_level":0.95,"lower_bound":18608.289703647417,"upper_bound":19597.66747104247},"point_estimate":19229.05324579832,"standard_error":261.7095632718903},"median_abs_dev":{"confidence_interval":{"confidence_level":0.95,"lower_bound":1347.2168172428385,"upper_bound":2133.8748398008393},"point_estimate":1863.8913288936596,"standard_error":203.51052867250007},"slope":{"confidence_interval":{"confidence_level":0.95,"lower_bound":18069.380055058726,"upper_bound":18487.514385222134},"point_estimate":18261.886108003124,"standard_error":106.03867218954969},"std_dev":{"confidence_interval":{"confidence_level":0.95,"lower_bound":1696.6027258920562,"upper_bound":5144.598810290349},"point_estimate":3452.0221253034433,"standard_error":966.1876732839903}}