{"mean":{"confidence_interval":{"confidence_level":0.95,"lower_bound":31537.246203821935,"upper_bound":31999.61372368911},"point_estimate":31735.400582661536,"standard_error":119.0270790593989},"median":{"confidence_interval":{"confidence_level":0.95,"lower_bound":31392.858624908884,"upper_bound":31524.3125},"point_estimate":31464.052906534955,"standard_error":36.1234866152921},"median_abs_dev":{"confidence_interval":{"confidence_level":0.95,"lower_bound":201.2694782592366,"upper_bound":360.1602340950094},"point_estimate":282.8021762002788,"standard_error":40.73350434860737},"slope":{"confidence_interval":{"confidence_level":0.95,"lower_bound":31293.134689534385,"upper_bound":31359.38950340246},"point_estimate":31325.19021427516,"standard_error":16.92043903200866},"std_dev":{"confidence_interval":{"confidence_level":0.95,"lower_bound":476.16154631059294,"upper_bound":1838.9808110597642},"point_estimate":1196.0571387031375,"standard_error":378.3789599805539}}