{"mean":{"confidence_interval":{"confidence_level":0.95,"lower_bound":25759.8839597816,"upper_bound":26135.445159473606},"point_estimate":25919.947582761237,"standard_error":97.29626592199753},"median":{"confidence_interval":{"confidence_level":0.95,"lower_bound":25634.088530037214,"upper_bound":25703.00659328059},"point_estimate":25668.512812845052,"standard_error":17.335561636544657},"median_abs_dev":{"confidence_interval":{"confidence_level":0.95,"lower_bound":119.54623122745157,"upper_bound":228.6014655625923},"point_estimate":166.5174976770449,"standard_error":29.232677621406054},"slope":{"confidence_interval":{"confidence_level":0.95,"lower_bound":25582.87266524089,"upper_bound":25622.466365528504},"point_estimate":25601.686796916925,"standard_error":10.14992745050063},"std_dev":{"confidence_interval":{"confidence_level":0.95,"lower_bound":352.49674395933846,"upper_bound":1526.7283044716216},"point_estimate":978.5486585199112,"standard_error":330.37560869347857}}