{"mean":{"confidence_interval":{"confidence_level":0.95,"lower_bound":31253.741520428845,"upper_bound":31709.03845414635},"point_estimate":31449.348269937,"standard_error":117.68151006777704},"median":{"confidence_interval":{"confidence_level":0.95,"lower_bound":31103.24669227486,"upper_bound":31264.260619993034},"point_estimate":31191.324343434346,"standard_error":45.52383371319274},"median_abs_dev":{"confidence_interval":{"confidence_level":0.95,"lower_bound":216.11779651964957,"upper_bound":404.77288773462624},"point_estimate":284.0961505177826,"standard_error":49.256359322663066},"slope":{"confidence_interval":{"confidence_level":0.95,"lower_bound":31069.63407653462,"upper_bound":31150.373499622183},"point_estimate":31110.14260148403,"standard_error":20.6129566513295},"std_dev":{"confidence_interval":{"confidence_level":0.95,"lower_bound":480.18320757918025,"upper_bound":1814.1149786488168},"point_estimate":1180.5766423183982,"standard_error":364.5818058913277}}