{"mean":{"confidence_interval":{"confidence_level":0.95,"lower_bound":28928.40512318449,"upper_bound":29288.209271551976},"point_estimate":29082.300063258557,"standard_error":93.00358160657942},"median":{"confidence_interval":{"confidence_level":0.95,"lower_bound":28799.59010270775,"upper_bound":28906.47987616099},"point_estimate":28833.174662968635,"standard_error":27.750870570496392},"median_abs_dev":{"confidence_interval":{"confidence_level":0.95,"lower_bound":144.44580912976292,"upper_bound":262.40872284131274},"point_estimate":180.39220467862887,"standard_error":31.258635012562465},"slope":{"confidence_interval":{"confidence_level":0.95,"lower_bound":28725.843527367724,"upper_bound":28776.91293323595},"point_estimate":28750.503919627256,"standard_error":13.087655145400007},"std_dev":{"confidence_interval":{"confidence_level":0.95,"lower_bound":379.0865702579473,"upper_bound":1431.4843227841293},"point_estimate":930.8411810287461,"standard_error":286.69826825861645}}