{"mean":{"confidence_interval":{"confidence_level":0.95,"lower_bound":23033.309788775074,"upper_bound":23395.938467293432},"point_estimate":23184.534288113427,"standard_error":94.6690403389782},"median":{"confidence_interval":{"confidence_level":0.95,"lower_bound":22934.92352041218,"upper_bound":22997.872943722945},"point_estimate":22968.774829931972,"standard_error":16.39518315116475},"median_abs_dev":{"confidence_interval":{"confidence_level":0.95,"lower_bound":87.82662667352334,"upper_bound":163.38626248029686},"point_estimate":122.0317289578423,"standard_error":18.55116241510697},"slope":{"confidence_interval":{"confidence_level":0.95,"lower_bound":22895.783091039055,"upper_bound":22933.605802576385},"point_estimate":22914.30557727628,"standard_error":9.623822842175024},"std_dev":{"confidence_interval":{"confidence_level":0.95,"lower_bound":280.3847349597084,"upper_bound":1506.0072559108605},"point_estimate":950.0410349173193,"standard_error":342.73903899828264}}