{"mean":{"confidence_interval":{"confidence_level":0.95,"lower_bound":30844.50569304295,"upper_bound":31308.027228052244},"point_estimate":31044.41780402498,"standard_error":119.96818339816912},"median":{"confidence_interval":{"confidence_level":0.95,"lower_bound":30723.1577363965,"upper_bound":30837.875726744187},"point_estimate":30781.776654672434,"standard_error":29.574934103179373},"median_abs_dev":{"confidence_interval":{"confidence_level":0.95,"lower_bound":211.8450666254798,"upper_bound":400.9465341396417},"point_estimate":283.98634310184474,"standard_error":45.95245357911225},"slope":{"confidence_interval":{"confidence_level":0.95,"lower_bound":30617.477313464984,"upper_bound":30723.426483977822},"point_estimate":30670.537624963057,"standard_error":27.19858374818245},"std_dev":{"confidence_interval":{"confidence_level":0.95,"lower_bound":485.03094088691006,"upper_bound":1845.8336957530923},"point_estimate":1202.5637426034966,"standard_error":371.99003041106374}}