{"mean":{"confidence_interval":{"confidence_level":0.95,"lower_bound":382230.89676184044,"upper_bound":412956.86190974567},"point_estimate":396053.73730692023,"standard_error":7898.031746598645},"median":{"confidence_interval":{"confidence_level":0.95,"lower_bound":372251.43760262727,"upper_bound":393093.61685823754},"point_estimate":381604.1029953917,"standard_error":5900.449645885113},"median_abs_dev":{"confidence_interval":{"confidence_level":0.95,"lower_bound":37108.73604118824,"upper_bound":57863.83879370507},"point_estimate":46328.083208762124,"standard_error":5187.423043592897},"slope":{"confidence_interval":{"confidence_level":0.95,"lower_bound":382069.5962813661,"upper_bound":396713.4283143051},"point_estimate":389331.97331067437,"standard_error":3736.2898403418944},"std_dev":{"confidence_interval":{"confidence_level":0.95,"lower_bound":45061.67970176165,"upper_bound":115575.7155979279},"point_estimate":79313.08420820911,"standard_error":20492.59826166193}}