{"mean":{"confidence_interval":{"confidence_level":0.95,"lower_bound":20246.894683196937,"upper_bound":20929.692279505176},"point_estimate":20592.732311876807,"standard_error":174.4417072818743},"median":{"confidence_interval":{"confidence_level":0.95,"lower_bound":20499.76768292683,"upper_bound":21506.460382513662},"point_estimate":21178.53734410431,"standard_error":239.28405645251428},"median_abs_dev":{"confidence_interval":{"confidence_level":0.95,"lower_bound":1151.0731546109782,"upper_bound":2161.874804408655},"point_estimate":1549.517005823907,"standard_error":250.0016460017975},"slope":{"confidence_interval":{"confidence_level":0.95,"lower_bound":21734.23403030531,"upper_bound":22150.231894271477},"point_estimate":21946.969642135857,"standard_error":106.06295908361014},"std_dev":{"confidence_interval":{"confidence_level":0.95,"lower_bound":1503.5344269682057,"upper_bound":1968.0361498172895},"point_estimate":1751.6270109966447,"standard_error":118.57190787122106}}