{"mean":{"confidence_interval":{"confidence_level":0.95,"lower_bound":21449.5169841456,"upper_bound":22136.499789931233},"point_estimate":21797.865491486144,"standard_error":175.72625585599414},"median":{"confidence_interval":{"confidence_level":0.95,"lower_bound":21798.810227272726,"upper_bound":22753.489633173846},"point_estimate":22466.987156862742,"standard_error":283.52642019662585},"median_abs_dev":{"confidence_interval":{"confidence_level":0.95,"lower_bound":1045.7243494548575,"upper_bound":2040.9643847314546},"point_estimate":1460.4860780771355,"standard_error":263.0040346250902},"slope":{"confidence_interval":{"confidence_level":0.95,"lower_bound":22939.076060257114,"upper_bound":23235.742251967244},"point_estimate":23102.75065652834,"standard_error":75.55591797239727},"std_dev":{"confidence_interval":{"confidence_level":0.95,"lower_bound":1479.0867000195296,"upper_bound":2012.2454844055137},"point_estimate":1766.810242304155,"standard_error":136.13195679119826}}