{"mean":{"confidence_interval":{"confidence_level":0.95,"lower_bound":20534.66934506998,"upper_bound":21191.362278271117},"point_estimate":20868.602325883774,"standard_error":167.34535027390737},"median":{"confidence_interval":{"confidence_level":0.95,"lower_bound":20904.160087719298,"upper_bound":21673.181034482757},"point_estimate":21472.21061862245,"standard_error":178.81341393851244},"median_abs_dev":{"confidence_interval":{"confidence_level":0.95,"lower_bound":1094.4488526505152,"upper_bound":2051.7173145874526},"point_estimate":1513.7207506917368,"standard_error":238.95254064049547},"slope":{"confidence_interval":{"confidence_level":0.95,"lower_bound":21972.007505328682,"upper_bound":22270.776750302008},"point_estimate":22136.893927639034,"standard_error":76.28153790377091},"std_dev":{"confidence_interval":{"confidence_level":0.95,"lower_bound":1439.171524319241,"upper_bound":1890.2467697568038},"point_estimate":1682.9241530774507,"standard_error":115.1858760493034}}