{"mean":{"confidence_interval":{"confidence_level":0.95,"lower_bound":19926.54666704833,"upper_bound":20597.849965465306},"point_estimate":20267.343468832285,"standard_error":170.962339050052},"median":{"confidence_interval":{"confidence_level":0.95,"lower_bound":20242.632390873016,"upper_bound":21186.767473118278},"point_estimate":20851.485684676958,"standard_error":239.85638137686354},"median_abs_dev":{"confidence_interval":{"confidence_level":0.95,"lower_bound":1198.0626640142277,"upper_bound":2191.795193846976},"point_estimate":1647.5209730609522,"standard_error":243.22977693382495},"slope":{"confidence_interval":{"confidence_level":0.95,"lower_bound":21404.997959825927,"upper_bound":21708.996728991482},"point_estimate":21573.18747721787,"standard_error":77.470452330198},"std_dev":{"confidence_interval":{"confidence_level":0.95,"lower_bound":1472.4747149586028,"upper_bound":1924.2499337437428},"point_estimate":1716.7929246598312,"standard_error":115.45958765152639}}