{"mean":{"confidence_interval":{"confidence_level":0.95,"lower_bound":23270.005545816304,"upper_bound":24010.178512544946},"point_estimate":23647.45532055041,"standard_error":189.09419293142642},"median":{"confidence_interval":{"confidence_level":0.95,"lower_bound":23707.738837712674,"upper_bound":24787.639344262294},"point_estimate":24324.485650355935,"standard_error":278.03087683720906},"median_abs_dev":{"confidence_interval":{"confidence_level":0.95,"lower_bound":1064.6376712576352,"upper_bound":2212.8825489763917},"point_estimate":1585.2830477620325,"standard_error":290.75151778505693},"slope":{"confidence_interval":{"confidence_level":0.95,"lower_bound":24870.537785968994,"upper_bound":25213.073890884254},"point_estimate":25058.97415904917,"standard_error":87.26470954638798},"std_dev":{"confidence_interval":{"confidence_level":0.95,"lower_bound":1628.7962335656548,"upper_bound":2132.160390783448},"point_estimate":1901.8946146892063,"standard_error":128.86705977587823}}