{"mean":{"confidence_interval":{"confidence_level":0.95,"lower_bound":92526.53733057938,"upper_bound":93644.00306401984},"point_estimate":92993.90195780189,"standard_error":288.9778707711034},"median":{"confidence_interval":{"confidence_level":0.95,"lower_bound":92126.92159090909,"upper_bound":92536.72325581395},"point_estimate":92279.79296740994,"standard_error":94.89418495565472},"median_abs_dev":{"confidence_interval":{"confidence_level":0.95,"lower_bound":571.7308994381783,"upper_bound":1038.0135222048655},"point_estimate":809.6569457222669,"standard_error":117.38845020312975},"slope":{"confidence_interval":{"confidence_level":0.95,"lower_bound":91865.02110335109,"upper_bound":92020.5188496131},"point_estimate":91936.95023348603,"standard_error":39.609270911765435},"std_dev":{"confidence_interval":{"confidence_level":0.95,"lower_bound":1052.726776707846,"upper_bound":4552.804842939308},"point_estimate":2900.39070280182,"standard_error":1004.4970193188832}}