{"mean":{"confidence_interval":{"confidence_level":0.95,"lower_bound":100126.75451925938,"upper_bound":101309.63552359917},"point_estimate":100610.56338627344,"standard_error":308.82627886456766},"median":{"confidence_interval":{"confidence_level":0.95,"lower_bound":99804.4945533769,"upper_bound":99993.70397079771},"point_estimate":99874.49681372549,"standard_error":52.0765520441285},"median_abs_dev":{"confidence_interval":{"confidence_level":0.95,"lower_bound":330.7277546981028,"upper_bound":676.9833007910734},"point_estimate":442.8903165773829,"standard_error":88.95193272002025},"slope":{"confidence_interval":{"confidence_level":0.95,"lower_bound":99651.10148600274,"upper_bound":99775.94849336633},"point_estimate":99711.83151831602,"standard_error":31.812482733996312},"std_dev":{"confidence_interval":{"confidence_level":0.95,"lower_bound":924.6599850151352,"upper_bound":4978.934135261489},"point_estimate":3100.2560999886146,"standard_error":1192.6727864363113}}