{"mean":{"confidence_interval":{"confidence_level":0.95,"lower_bound":108999.41714833849,"upper_bound":110218.65371016915},"point_estimate":109520.66086240705,"standard_error":315.5890899139151},"median":{"confidence_interval":{"confidence_level":0.95,"lower_bound":108537.31948051948,"upper_bound":108955.29090909091},"point_estimate":108784.76360837439,"standard_error":119.22104273301144},"median_abs_dev":{"confidence_interval":{"confidence_level":0.95,"lower_bound":582.5901868160495,"upper_bound":1049.0727349967751},"point_estimate":837.3146490705818,"standard_error":118.68738693881481},"slope":{"confidence_interval":{"confidence_level":0.95,"lower_bound":108238.79998829524,"upper_bound":108546.41161553202},"point_estimate":108376.23332377715,"standard_error":78.25717971571154},"std_dev":{"confidence_interval":{"confidence_level":0.95,"lower_bound":1305.2606993068737,"upper_bound":4848.2520516842615},"point_estimate":3158.0092237430354,"standard_error":991.2761091283298}}