{"mean":{"confidence_interval":{"confidence_level":0.95,"lower_bound":92860.46668514801,"upper_bound":94014.78074121923},"point_estimate":93340.99119368178,"standard_error":299.06476382198434},"median":{"confidence_interval":{"confidence_level":0.95,"lower_bound":92553.63319444444,"upper_bound":92865.63276972625},"point_estimate":92671.25697004609,"standard_error":78.8929156887391},"median_abs_dev":{"confidence_interval":{"confidence_level":0.95,"lower_bound":581.7360007247611,"upper_bound":1012.6377564503704},"point_estimate":823.1079132914241,"standard_error":106.77774116608052},"slope":{"confidence_interval":{"confidence_level":0.95,"lower_bound":92194.48098003704,"upper_bound":92448.75779504962},"point_estimate":92307.84098803015,"standard_error":65.03224348448302},"std_dev":{"confidence_interval":{"confidence_level":0.95,"lower_bound":1025.8497599634184,"upper_bound":4751.473567359017},"point_estimate":2995.858485646719,"standard_error":1085.3470884313804}}