{"mean":{"confidence_interval":{"confidence_level":0.95,"lower_bound":121375.52880717862,"upper_bound":125030.48342854237},"point_estimate":123168.18321033356,"standard_error":930.6869285416503},"median":{"confidence_interval":{"confidence_level":0.95,"lower_bound":119315.20738636363,"upper_bound":124685.2},"point_estimate":121732.98067876344,"standard_error":1348.124409714129},"median_abs_dev":{"confidence_interval":{"confidence_level":0.95,"lower_bound":6646.199507217831,"upper_bound":10839.17474156619},"point_estimate":8632.352977127044,"standard_error":1035.592167587471},"slope":{"confidence_interval":{"confidence_level":0.95,"lower_bound":118962.84091256227,"upper_bound":122499.76741047198},"point_estimate":120656.84305896261,"standard_error":901.7727550192375},"std_dev":{"confidence_interval":{"confidence_level":0.95,"lower_bound":7790.131554572859,"upper_bound":10749.890229780123},"point_estimate":9316.944517949974,"standard_error":752.9988094519234}}