{"mean":{"confidence_interval":{"confidence_level":0.95,"lower_bound":92308.28300013817,"upper_bound":93356.54362230778},"point_estimate":92751.4549417643,"standard_error":270.33760558260417},"median":{"confidence_interval":{"confidence_level":0.95,"lower_bound":91881.37794953803,"upper_bound":92189.54231863443},"point_estimate":91961.94053030302,"standard_error":81.95081014228924},"median_abs_dev":{"confidence_interval":{"confidence_level":0.95,"lower_bound":363.20217946280405,"upper_bound":892.3496495853962},"point_estimate":544.6244234428651,"standard_error":137.81960399092713},"slope":{"confidence_interval":{"confidence_level":0.95,"lower_bound":91675.08205482559,"upper_bound":91837.65083156408},"point_estimate":91753.09289256687,"standard_error":41.42456229330769},"std_dev":{"confidence_interval":{"confidence_level":0.95,"lower_bound":1042.0577748648768,"upper_bound":4244.861168848709},"point_estimate":2713.64753587473,"standard_error":911.2449990783363}}