{"mean":{"confidence_interval":{"confidence_level":0.95,"lower_bound":111741.01554216865,"upper_bound":116405.14353000064},"point_estimate":113830.98569847264,"standard_error":1199.1264956805023},"median":{"confidence_interval":{"confidence_level":0.95,"lower_bound":109763.14732142857,"upper_bound":113807.08969320486},"point_estimate":111239.70992300223,"standard_error":1078.621983438032},"median_abs_dev":{"confidence_interval":{"confidence_level":0.95,"lower_bound":4961.319219829614,"upper_bound":8092.099602320278},"point_estimate":6319.469414710586,"standard_error":771.2243988629461},"slope":{"confidence_interval":{"confidence_level":0.95,"lower_bound":110670.61112565671,"upper_bound":113012.48854753505},"point_estimate":111835.3262675484,"standard_error":596.8517816912043},"std_dev":{"confidence_interval":{"confidence_level":0.95,"lower_bound":5987.221475810204,"upper_bound":17723.34528469698},"point_estimate":12007.935582119586,"standard_error":3175.6927749660526}}