{"mean":{"confidence_interval":{"confidence_level":0.95,"lower_bound":148340.10732168725,"upper_bound":150632.4822425898},"point_estimate":149412.4051404866,"standard_error":584.9034642862133},"median":{"confidence_interval":{"confidence_level":0.95,"lower_bound":147035.8924825175,"upper_bound":148615.64285714287},"point_estimate":147670.665185429,"standard_error":381.5612552080397},"median_abs_dev":{"confidence_interval":{"confidence_level":0.95,"lower_bound":2603.230526234094,"upper_bound":4532.6493417829915},"point_estimate":3631.8474179394016,"standard_error":493.19258613761593},"slope":{"confidence_interval":{"confidence_level":0.95,"lower_bound":147378.35723523822,"upper_bound":149258.02850395246},"point_estimate":148232.7709185332,"standard_error":481.6220604398503},"std_dev":{"confidence_interval":{"confidence_level":0.95,"lower_bound":3873.246664783435,"upper_bound":7668.5902276466595},"point_estimate":5878.321654536006,"standard_error":968.8782339889457}}