{"mean":{"confidence_interval":{"confidence_level":0.95,"lower_bound":1272789.3683139486,"upper_bound":1320662.336719125},"point_estimate":1296537.9169886967,"standard_error":12227.805168418508},"median":{"confidence_interval":{"confidence_level":0.95,"lower_bound":1254869.4142857143,"upper_bound":1315321.7634408602},"point_estimate":1285857.6359871146,"standard_error":17063.45715894237},"median_abs_dev":{"confidence_interval":{"confidence_level":0.95,"lower_bound":93184.55503017364,"upper_bound":151523.93469298922},"point_estimate":121748.66049989288,"standard_error":14306.734456089152},"slope":{"confidence_interval":{"confidence_level":0.95,"lower_bound":1254928.9390485107,"upper_bound":1295870.884953758},"point_estimate":1274851.4895404167,"standard_error":10420.160880964168},"std_dev":{"confidence_interval":{"confidence_level":0.95,"lower_bound":104782.61518591024,"upper_bound":138300.32337034255},"point_estimate":122606.70426591895,"standard_error":8569.419924704582}}