{"mean":{"confidence_interval":{"confidence_level":0.95,"lower_bound":2558997.2423499986,"upper_bound":2743675.3752833325},"point_estimate":2649618.382666666,"standard_error":47211.00397250267},"median":{"confidence_interval":{"confidence_level":0.95,"lower_bound":2470161.6666666665,"upper_bound":2658651.8},"point_estimate":2576880.7333333334,"standard_error":50089.466128285334},"median_abs_dev":{"confidence_interval":{"confidence_level":0.95,"lower_bound":274110.6233900636,"upper_bound":529092.8889442229},"point_estimate":390488.4165674447,"standard_error":61322.77741296313},"slope":null,"std_dev":{"confidence_interval":{"confidence_level":0.95,"lower_bound":388287.7619545275,"upper_bound":558381.4702921364},"point_estimate":475467.89968500636,"standard_error":43419.36858043617}}