{"mean":{"confidence_interval":{"confidence_level":0.95,"lower_bound":1992259.0284705884,"upper_bound":2057851.863264706},"point_estimate":2022103.409411765,"standard_error":16747.81436431097},"median":{"confidence_interval":{"confidence_level":0.95,"lower_bound":1964604.3529411764,"upper_bound":2010092.7941176472},"point_estimate":1992927.9411764706,"standard_error":11752.3377888138},"median_abs_dev":{"confidence_interval":{"confidence_level":0.95,"lower_bound":70075.26217944478,"upper_bound":115647.68180566665},"point_estimate":92641.0878670566,"standard_error":11164.155550712863},"slope":null,"std_dev":{"confidence_interval":{"confidence_level":0.95,"lower_bound":103796.02907680895,"upper_bound":239279.82857335356},"point_estimate":169018.68825018828,"standard_error":38522.732890866704}}