{"mean":{"confidence_interval":{"confidence_level":0.95,"lower_bound":1721064.0885875006,"upper_bound":1754034.6346250002},"point_estimate":1736826.999,"standard_error":8427.090069311507},"median":{"confidence_interval":{"confidence_level":0.95,"lower_bound":1720789.875,"upper_bound":1740658.35},"point_estimate":1732345.375,"standard_error":5833.590469722787},"median_abs_dev":{"confidence_interval":{"confidence_level":0.95,"lower_bound":45191.48562169049,"upper_bound":70790.071593225},"point_estimate":58550.541640519994,"standard_error":6470.366095009785},"slope":null,"std_dev":{"confidence_interval":{"confidence_level":0.95,"lower_bound":60709.9436551087,"upper_bound":108291.57466150023},"point_estimate":84617.31880559726,"standard_error":12327.333794459184}}