{"mean":{"confidence_interval":{"confidence_level":0.95,"lower_bound":1462430.0352826084,"upper_bound":1499939.632173913},"point_estimate":1480596.3865217387,"standard_error":9518.161695815212},"median":{"confidence_interval":{"confidence_level":0.95,"lower_bound":1447253.0869565217,"upper_bound":1486614.1956521738},"point_estimate":1470113.1739130435,"standard_error":9286.614466605843},"median_abs_dev":{"confidence_interval":{"confidence_level":0.95,"lower_bound":56354.7852951546,"upper_bound":101844.20776146918},"point_estimate":78595.04188726775,"standard_error":12065.56467713749},"slope":null,"std_dev":{"confidence_interval":{"confidence_level":0.95,"lower_bound":73863.4466083669,"upper_bound":117525.42967550152},"point_estimate":95342.57349704661,"standard_error":11324.95694287494}}