{"mean":{"confidence_interval":{"confidence_level":0.95,"lower_bound":1638449.2968152172,"upper_bound":1730800.5487608695},"point_estimate":1678398.4304347835,"standard_error":23820.036688718486},"median":{"confidence_interval":{"confidence_level":0.95,"lower_bound":1620726.608695652,"upper_bound":1668348.8260869565},"point_estimate":1637681.1086956523,"standard_error":11895.0592373826},"median_abs_dev":{"confidence_interval":{"confidence_level":0.95,"lower_bound":82281.94330018185,"upper_bound":132668.3314359707},"point_estimate":116717.39285393896,"standard_error":13025.128431284242},"slope":null,"std_dev":{"confidence_interval":{"confidence_level":0.95,"lower_bound":107507.69919966745,"upper_bound":365630.11129405105},"point_estimate":238724.94396629347,"standard_error":72939.80266455746}}