{"mean":{"confidence_interval":{"confidence_level":0.95,"lower_bound":2407617.2386500007,"upper_bound":2558347.7875166666},"point_estimate":2481253.561333334,"standard_error":38518.34109618023},"median":{"confidence_interval":{"confidence_level":0.95,"lower_bound":2291928.8666666667,"upper_bound":2393205.6},"point_estimate":2333425.666666667,"standard_error":25771.06041959219},"median_abs_dev":{"confidence_interval":{"confidence_level":0.95,"lower_bound":142383.86063218096,"upper_bound":290352.45173971367},"point_estimate":202537.98240423203,"standard_error":40057.37444693579},"slope":null,"std_dev":{"confidence_interval":{"confidence_level":0.95,"lower_bound":316460.37061786925,"upper_bound":446467.9340856965},"point_estimate":387700.92100930103,"standard_error":33285.98223468157}}