{"mean":{"confidence_interval":{"confidence_level":0.95,"lower_bound":1934381.0171973673,"upper_bound":2005377.6029210521},"point_estimate":1969411.4573684207,"standard_error":18093.767536648917},"median":{"confidence_interval":{"confidence_level":0.95,"lower_bound":1884011.0526315789,"upper_bound":1993098.1315789474},"point_estimate":1940860.5,"standard_error":27609.075633979388},"median_abs_dev":{"confidence_interval":{"confidence_level":0.95,"lower_bound":130362.36943968426,"upper_bound":215537.77011554496},"point_estimate":174019.46962632626,"standard_error":21561.60801574215},"slope":null,"std_dev":{"confidence_interval":{"confidence_level":0.95,"lower_bound":156313.35368150187,"upper_bound":203749.2237178168},"point_estimate":181658.78092589602,"standard_error":12085.109493218286}}