{"mean":{"confidence_interval":{"confidence_level":0.95,"lower_bound":2347084.498044118,"upper_bound":2476562.8054852937},"point_estimate":2411311.128235294,"standard_error":33026.01744344377},"median":{"confidence_interval":{"confidence_level":0.95,"lower_bound":2339688.117647059,"upper_bound":2444190.1764705884},"point_estimate":2379759.5588235296,"standard_error":22249.918196472685},"median_abs_dev":{"confidence_interval":{"confidence_level":0.95,"lower_bound":151389.0682181893,"upper_bound":328703.44100184686},"point_estimate":203255.47357972933,"standard_error":49319.97868844971},"slope":null,"std_dev":{"confidence_interval":{"confidence_level":0.95,"lower_bound":258097.7709420654,"upper_bound":400099.75656685716},"point_estimate":331934.6725050146,"standard_error":36337.64099224607}}