{"mean":{"confidence_interval":{"confidence_level":0.95,"lower_bound":2189467.1830595233,"upper_bound":2242183.3889761893},"point_estimate":2215525.082857142,"standard_error":13442.137814689817},"median":{"confidence_interval":{"confidence_level":0.95,"lower_bound":2186846.0476190476,"upper_bound":2235949.8095238097},"point_estimate":2217124.5,"standard_error":12892.686535511548},"median_abs_dev":{"confidence_interval":{"confidence_level":0.95,"lower_bound":88097.01970846529,"upper_bound":156641.1703190634},"point_estimate":119576.66517708969,"standard_error":17276.62410318854},"slope":null,"std_dev":{"confidence_interval":{"confidence_level":0.95,"lower_bound":108246.22249765006,"upper_bound":160870.8492178475},"point_estimate":134867.1590587998,"standard_error":13468.271394528636}}