{"mean":{"confidence_interval":{"confidence_level":0.95,"lower_bound":2086753.5086447373,"upper_bound":2428340.3734210525},"point_estimate":2210433.9094736855,"standard_error":98574.38338127355},"median":{"confidence_interval":{"confidence_level":0.95,"lower_bound":2038095.2631578948,"upper_bound":2102308.4210526315},"point_estimate":2077558.289473684,"standard_error":14980.040394970314},"median_abs_dev":{"confidence_interval":{"confidence_level":0.95,"lower_bound":95837.74175196115,"upper_bound":167775.73393191159},"point_estimate":143402.53166462225,"standard_error":18967.39917521717},"slope":null,"std_dev":{"confidence_interval":{"confidence_level":0.95,"lower_bound":138346.89481582103,"upper_bound":1683400.4119030915},"point_estimate":991556.3303030895,"standard_error":537468.6679164078}}