{"mean":{"confidence_interval":{"confidence_level":0.95,"lower_bound":2537590.061046875,"upper_bound":2613964.717296875},"point_estimate":2575343.055,"standard_error":19539.448446174225},"median":{"confidence_interval":{"confidence_level":0.95,"lower_bound":2510603.625,"upper_bound":2577462.75},"point_estimate":2534900.46875,"standard_error":18648.54460849096},"median_abs_dev":{"confidence_interval":{"confidence_level":0.95,"lower_bound":115429.02556322515,"upper_bound":211572.66865633428},"point_estimate":153277.06934753805,"standard_error":23547.789909479507},"slope":null,"std_dev":{"confidence_interval":{"confidence_level":0.95,"lower_bound":166424.02761580003,"upper_bound":223009.034771733},"point_estimate":196864.3185888038,"standard_error":14452.365518649762}}