{"mean":{"confidence_interval":{"confidence_level":0.95,"lower_bound":1748748.7631818182,"upper_bound":1844208.4386363633},"point_estimate":1796177.414545455,"standard_error":24541.50904513087},"median":{"confidence_interval":{"confidence_level":0.95,"lower_bound":1677335.9545454546,"upper_bound":1858180.5},"point_estimate":1804908.9772727273,"standard_error":39826.271337858525},"median_abs_dev":{"confidence_interval":{"confidence_level":0.95,"lower_bound":209364.17594213385,"upper_bound":319277.1630316973},"point_estimate":279134.99374890875,"standard_error":28910.044002316245},"slope":null,"std_dev":{"confidence_interval":{"confidence_level":0.95,"lower_bound":209593.7846286854,"upper_bound":283544.3159019573},"point_estimate":247207.87707572794,"standard_error":18819.438756409996}}