{"mean":{"confidence_interval":{"confidence_level":0.95,"lower_bound":2317391.165190475,"upper_bound":2360552.809404761},"point_estimate":2337503.1523809526,"standard_error":11038.216521691798},"median":{"confidence_interval":{"confidence_level":0.95,"lower_bound":2293117.5714285714,"upper_bound":2329447.5714285714},"point_estimate":2307953.8571428573,"standard_error":8000.595610975697},"median_abs_dev":{"confidence_interval":{"confidence_level":0.95,"lower_bound":43226.50833257623,"upper_bound":71761.68642597526},"point_estimate":59232.163448418825,"standard_error":7278.852991482883},"slope":null,"std_dev":{"confidence_interval":{"confidence_level":0.95,"lower_bound":72314.03729134767,"upper_bound":145056.31178896799},"point_estimate":110999.93998765829,"standard_error":18647.818351491114}}