{"mean":{"confidence_interval":{"confidence_level":0.95,"lower_bound":2581401.1926000006,"upper_bound":2697930.8279125006},"point_estimate":2635355.5385,"standard_error":29753.08566036271},"median":{"confidence_interval":{"confidence_level":0.95,"lower_bound":2528963.5,"upper_bound":2629358.175},"point_estimate":2589092.3499999996,"standard_error":23379.831259470302},"median_abs_dev":{"confidence_interval":{"confidence_level":0.95,"lower_bound":147703.8370527327,"upper_bound":253542.6461537186},"point_estimate":202628.64339262198,"standard_error":27341.100836217334},"slope":null,"std_dev":{"confidence_interval":{"confidence_level":0.95,"lower_bound":196618.0661843243,"upper_bound":415960.4375202462},"point_estimate":299464.66824986925,"standard_error":63167.49708840764}}