{"mean":{"confidence_interval":{"confidence_level":0.95,"lower_bound":1442578.5908695653,"upper_bound":1494096.836347825},"point_estimate":1467428.5252173916,"standard_error":13163.322879838082},"median":{"confidence_interval":{"confidence_level":0.95,"lower_bound":1413816.608695652,"upper_bound":1475568.3043478262},"point_estimate":1447477.4565217393,"standard_error":16676.53730932047},"median_abs_dev":{"confidence_interval":{"confidence_level":0.95,"lower_bound":75295.09665020127,"upper_bound":112259.50480699539},"point_estimate":88400.89365230969,"standard_error":9343.836971875715},"slope":null,"std_dev":{"confidence_interval":{"confidence_level":0.95,"lower_bound":101348.2555139655,"upper_bound":159110.8196413822},"point_estimate":132370.5689173548,"standard_error":14749.804022516124}}