{"mean":{"confidence_interval":{"confidence_level":0.95,"lower_bound":1044008.7425655435,"upper_bound":1063280.6001865559},"point_estimate":1053300.2434475564,"standard_error":4919.202825014684},"median":{"confidence_interval":{"confidence_level":0.95,"lower_bound":1035309.8651685393,"upper_bound":1054996.0235294118},"point_estimate":1042652.9049000645,"standard_error":5675.629120926622},"median_abs_dev":{"confidence_interval":{"confidence_level":0.95,"lower_bound":24519.47045938109,"upper_bound":42060.07016737455},"point_estimate":32212.04029102773,"standard_error":4417.630539923539},"slope":{"confidence_interval":{"confidence_level":0.95,"lower_bound":1045020.3704235579,"upper_bound":1068867.349615424},"point_estimate":1056057.164261859,"standard_error":6095.308511905696},"std_dev":{"confidence_interval":{"confidence_level":0.95,"lower_bound":36801.96023157939,"upper_bound":62227.003733061596},"point_estimate":49415.16006846308,"standard_error":6602.848716776956}}