{"mean":{"confidence_interval":{"confidence_level":0.95,"lower_bound":6520.287188392571,"upper_bound":6828.671633028887},"point_estimate":6661.493459543168,"standard_error":79.03298689436012},"median":{"confidence_interval":{"confidence_level":0.95,"lower_bound":6320.663469145569,"upper_bound":6414.450326045263},"point_estimate":6361.861428473945,"standard_error":26.18298356123632},"median_abs_dev":{"confidence_interval":{"confidence_level":0.95,"lower_bound":83.05381663811738,"upper_bound":200.70467421905533},"point_estimate":127.59327646570743,"standard_error":30.41316885867166},"slope":{"confidence_interval":{"confidence_level":0.95,"lower_bound":6302.022496659378,"upper_bound":6334.590996004703},"point_estimate":6316.376333135675,"standard_error":8.31272475727187},"std_dev":{"confidence_interval":{"confidence_level":0.95,"lower_bound":472.98657971294216,"upper_bound":1077.2696900477786},"point_estimate":795.5011361427077,"standard_error":155.1569637862898}}