{"mean":{"confidence_interval":{"confidence_level":0.95,"lower_bound":1492.6204680889655,"upper_bound":1776.3195454101326},"point_estimate":1614.8354748068023,"standard_error":73.33087839096684},"median":{"confidence_interval":{"confidence_level":0.95,"lower_bound":1383.2324443525602,"upper_bound":1438.415448625181},"point_estimate":1408.7498169745468,"standard_error":12.263564064576741},"median_abs_dev":{"confidence_interval":{"confidence_level":0.95,"lower_bound":49.522009289341,"upper_bound":115.26638085205613},"point_estimate":82.11207353739533,"standard_error":15.743100679250269},"slope":{"confidence_interval":{"confidence_level":0.95,"lower_bound":1364.755855040094,"upper_bound":1380.1432007450064},"point_estimate":1371.610243984331,"standard_error":3.931324685714289},"std_dev":{"confidence_interval":{"confidence_level":0.95,"lower_bound":271.1400254705765,"upper_bound":1130.9684870664037},"point_estimate":736.6227367030586,"standard_error":225.84934089386184}}