{"mean":{"confidence_interval":{"confidence_level":0.95,"lower_bound":1298.4947747362123,"upper_bound":1543.4809430498758},"point_estimate":1402.9984807514047,"standard_error":62.991926821418765},"median":{"confidence_interval":{"confidence_level":0.95,"lower_bound":1203.5887140376985,"upper_bound":1259.2200328947367},"point_estimate":1227.6307490032832,"standard_error":12.934569267900967},"median_abs_dev":{"confidence_interval":{"confidence_level":0.95,"lower_bound":47.273065727799874,"upper_bound":113.1988302970856},"point_estimate":78.45505015789465,"standard_error":15.976916451240795},"slope":{"confidence_interval":{"confidence_level":0.95,"lower_bound":1187.8680142587802,"upper_bound":1201.7621795573277},"point_estimate":1193.9812535318458,"standard_error":3.5471893723055348},"std_dev":{"confidence_interval":{"confidence_level":0.95,"lower_bound":224.37308468775922,"upper_bound":983.0165700235546},"point_estimate":635.2948057463663,"standard_error":205.44382207449354}}