{"mean":{"confidence_interval":{"confidence_level":0.95,"lower_bound":1592.646589956287,"upper_bound":1927.5740695821955},"point_estimate":1736.7709274895576,"standard_error":86.67647070412204},"median":{"confidence_interval":{"confidence_level":0.95,"lower_bound":1503.5288210232743,"upper_bound":1535.5594175352348},"point_estimate":1514.2619389875285,"standard_error":8.190463812748446},"median_abs_dev":{"confidence_interval":{"confidence_level":0.95,"lower_bound":64.15690483753056,"upper_bound":118.58847126395798},"point_estimate":94.62933187159392,"standard_error":14.694262154157293},"slope":{"confidence_interval":{"confidence_level":0.95,"lower_bound":1460.6725460732325,"upper_bound":1495.8016509295621},"point_estimate":1478.2406052976276,"standard_error":8.969535251030731},"std_dev":{"confidence_interval":{"confidence_level":0.95,"lower_bound":311.64389148472054,"upper_bound":1346.3853243435387},"point_estimate":872.8324040833419,"standard_error":277.50024332522594}}