{"mean":{"confidence_interval":{"confidence_level":0.95,"lower_bound":1221.1056195091705,"upper_bound":1469.055573163659},"point_estimate":1326.3306527817317,"standard_error":64.35502731400052},"median":{"confidence_interval":{"confidence_level":0.95,"lower_bound":1132.6992537890503,"upper_bound":1181.0482340082835},"point_estimate":1152.9942131428043,"standard_error":11.761417892995203},"median_abs_dev":{"confidence_interval":{"confidence_level":0.95,"lower_bound":49.05514629407257,"upper_bound":108.86224252485597},"point_estimate":74.07127158207608,"standard_error":14.709286334541256},"slope":{"confidence_interval":{"confidence_level":0.95,"lower_bound":1115.1326527854865,"upper_bound":1128.183634230521},"point_estimate":1120.8141927284464,"standard_error":3.329288140671468},"std_dev":{"confidence_interval":{"confidence_level":0.95,"lower_bound":218.15814039571111,"upper_bound":1009.9886224059446},"point_estimate":646.4008154870816,"standard_error":216.26488420225317}}