{"mean":{"confidence_interval":{"confidence_level":0.95,"lower_bound":1536.9239506684935,"upper_bound":1824.6725963489598},"point_estimate":1660.4668450944962,"standard_error":74.1245227661333},"median":{"confidence_interval":{"confidence_level":0.95,"lower_bound":1420.6337751595483,"upper_bound":1479.3571257320957},"point_estimate":1446.237273130902,"standard_error":14.492291659494551},"median_abs_dev":{"confidence_interval":{"confidence_level":0.95,"lower_bound":52.009371224228865,"upper_bound":127.19300360264681},"point_estimate":84.84993477388392,"standard_error":18.583110680601756},"slope":{"confidence_interval":{"confidence_level":0.95,"lower_bound":1403.9748243552935,"upper_bound":1419.009707990541},"point_estimate":1410.4751792648765,"standard_error":3.8430194974080267},"std_dev":{"confidence_interval":{"confidence_level":0.95,"lower_bound":283.69238211979166,"upper_bound":1136.4016015743407},"point_estimate":742.8159993230516,"standard_error":224.08157341387474}}