{"mean":{"confidence_interval":{"confidence_level":0.95,"lower_bound":540022128.155,"upper_bound":547625556.54},"point_estimate":543860058.4,"standard_error":1934183.3502407626},"median":{"confidence_interval":{"confidence_level":0.95,"lower_bound":542507483.0,"upper_bound":552235899.5},"point_estimate":547143714.5,"standard_error":2463006.261810342},"median_abs_dev":{"confidence_interval":{"confidence_level":0.95,"lower_bound":13033050.817117095,"upper_bound":23257800.794291496},"point_estimate":17753086.48661971,"standard_error":2641074.8336516283},"slope":null,"std_dev":{"confidence_interval":{"confidence_level":0.95,"lower_bound":16802670.245946303,"upper_bound":21614179.323291507},"point_estimate":19400019.583167117,"standard_error":1230340.719163363}}