{"mean":{"confidence_interval":{"confidence_level":0.95,"lower_bound":378669924.79525,"upper_bound":380285854.15999997},"point_estimate":379475536.18,"standard_error":411568.85224433825},"median":{"confidence_interval":{"confidence_level":0.95,"lower_bound":378226136.0,"upper_bound":380920308.0},"point_estimate":378918215.5,"standard_error":643699.6368760262},"median_abs_dev":{"confidence_interval":{"confidence_level":0.95,"lower_bound":3481123.2404977083,"upper_bound":5302652.239859104},"point_estimate":4438582.596999407,"standard_error":444326.9251930999},"slope":null,"std_dev":{"confidence_interval":{"confidence_level":0.95,"lower_bound":3633068.547483757,"upper_bound":4585354.2403850015},"point_estimate":4137144.6375508048,"standard_error":243170.6370114046}}