{"mean":{"confidence_interval":{"confidence_level":0.95,"lower_bound":665813876.66925,"upper_bound":672252022.63525},"point_estimate":669046440.6,"standard_error":1643317.6718875747},"median":{"confidence_interval":{"confidence_level":0.95,"lower_bound":663757797.0,"upper_bound":677022749.0},"point_estimate":670561625.5,"standard_error":2670690.926882487},"median_abs_dev":{"confidence_interval":{"confidence_level":0.95,"lower_bound":14177218.34344156,"upper_bound":21197324.67834726},"point_estimate":17778109.80897546,"standard_error":1694521.4014527432},"slope":null,"std_dev":{"confidence_interval":{"confidence_level":0.95,"lower_bound":14519408.328176314,"upper_bound":18324926.420833267},"point_estimate":16553147.41983475,"standard_error":973821.2077620213}}