{"mean":{"confidence_interval":{"confidence_level":0.95,"lower_bound":804967139.1712501,"upper_bound":809644289.04375},"point_estimate":807330890.38,"standard_error":1193001.8489332462},"median":{"confidence_interval":{"confidence_level":0.95,"lower_bound":804878348.0,"upper_bound":812420927.5},"point_estimate":809745831.0,"standard_error":1846954.0067640014},"median_abs_dev":{"confidence_interval":{"confidence_level":0.95,"lower_bound":9696905.838945508,"upper_bound":15995517.591422796},"point_estimate":13129432.41750598,"standard_error":1642219.917256843},"slope":null,"std_dev":{"confidence_interval":{"confidence_level":0.95,"lower_bound":10477583.223705333,"upper_bound":13311408.852920575},"point_estimate":11968033.363348415,"standard_error":724935.9705126624}}