{"mean":{"confidence_interval":{"confidence_level":0.95,"lower_bound":325608808.461,"upper_bound":326184284.28274995},"point_estimate":325894706.8,"standard_error":146375.68491258915},"median":{"confidence_interval":{"confidence_level":0.95,"lower_bound":325457244.0,"upper_bound":326310059.0},"point_estimate":325820654.0,"standard_error":249651.14595238876},"median_abs_dev":{"confidence_interval":{"confidence_level":0.95,"lower_bound":1126214.8159056902,"upper_bound":1843352.8709739447},"point_estimate":1517150.4834651947,"standard_error":182792.63100348436},"slope":null,"std_dev":{"confidence_interval":{"confidence_level":0.95,"lower_bound":1276537.5912520888,"upper_bound":1645160.0320693848},"point_estimate":1470837.7910108569,"standard_error":94223.79935935067}}