{"mean":{"confidence_interval":{"confidence_level":0.95,"lower_bound":569748812.04,"upper_bound":572748090.66625},"point_estimate":571262497.67,"standard_error":767905.4627642414},"median":{"confidence_interval":{"confidence_level":0.95,"lower_bound":570473943.0,"upper_bound":574100492.0},"point_estimate":572131273.0,"standard_error":1028549.3830224437},"median_abs_dev":{"confidence_interval":{"confidence_level":0.95,"lower_bound":5737447.384452461,"upper_bound":9735399.323362112},"point_estimate":7721637.152713537,"standard_error":1031777.0082596985},"slope":null,"std_dev":{"confidence_interval":{"confidence_level":0.95,"lower_bound":6636000.12315017,"upper_bound":8567897.753910143},"point_estimate":7660727.102850541,"standard_error":495672.0639679099}}