{"mean":{"confidence_interval":{"confidence_level":0.95,"lower_bound":381309600.61074996,"upper_bound":382044745.22424996},"point_estimate":381658647.39,"standard_error":188220.95171476665},"median":{"confidence_interval":{"confidence_level":0.95,"lower_bound":381052309.0,"upper_bound":381615966.0},"point_estimate":381244580.0,"standard_error":155964.77743414658},"median_abs_dev":{"confidence_interval":{"confidence_level":0.95,"lower_bound":1066614.296963811,"upper_bound":1636325.5758494139},"point_estimate":1321564.4123375416,"standard_error":144288.3027125954},"slope":null,"std_dev":{"confidence_interval":{"confidence_level":0.95,"lower_bound":1347297.498451382,"upper_bound":2458667.6097342623},"point_estimate":1892242.8572896593,"standard_error":292087.3718469787}}