{"mean":{"confidence_interval":{"confidence_level":0.95,"lower_bound":49252772.53475,"upper_bound":50636492.99625},"point_estimate":49944289.65,"standard_error":353246.9707850128},"median":{"confidence_interval":{"confidence_level":0.95,"lower_bound":48690562.0,"upper_bound":50338563.0},"point_estimate":49528512.0,"standard_error":470407.45405590243},"median_abs_dev":{"confidence_interval":{"confidence_level":0.95,"lower_bound":2774319.6485459805,"upper_bound":4526383.6500406265},"point_estimate":3744978.5926133394,"standard_error":437944.2099871638},"slope":null,"std_dev":{"confidence_interval":{"confidence_level":0.95,"lower_bound":3099764.050210912,"upper_bound":3943324.2871776414},"point_estimate":3548483.7120667445,"standard_error":215822.95148706966}}