{"mean":{"confidence_interval":{"confidence_level":0.95,"lower_bound":40342830.5135,"upper_bound":40490674.397999994},"point_estimate":40417198.29,"standard_error":37700.212481458446},"median":{"confidence_interval":{"confidence_level":0.95,"lower_bound":40354481.5,"upper_bound":40516884.0},"point_estimate":40454329.0,"standard_error":40534.58066818413},"median_abs_dev":{"confidence_interval":{"confidence_level":0.95,"lower_bound":284291.5101528168,"upper_bound":474813.3533553775},"point_estimate":384957.82446563244,"standard_error":49056.71789236809},"slope":null,"std_dev":{"confidence_interval":{"confidence_level":0.95,"lower_bound":324484.51228620583,"upper_bound":424458.7537003056},"point_estimate":377355.6065451479,"standard_error":25479.620825908798}}