{"mean":{"confidence_interval":{"confidence_level":0.95,"lower_bound":44015411.472,"upper_bound":44241804.25625},"point_estimate":44126622.81,"standard_error":57748.53777313309},"median":{"confidence_interval":{"confidence_level":0.95,"lower_bound":43910659.5,"upper_bound":44178078.0},"point_estimate":44071126.5,"standard_error":78513.32411133253},"median_abs_dev":{"confidence_interval":{"confidence_level":0.95,"lower_bound":449347.8826224804,"upper_bound":780597.7817416191},"point_estimate":648604.8712849617,"standard_error":89309.49443357583},"slope":null,"std_dev":{"confidence_interval":{"confidence_level":0.95,"lower_bound":504324.419473333,"upper_bound":643677.7407719566},"point_estimate":578916.8753423721,"standard_error":35598.37423916385}}