{"mean":{"confidence_interval":{"confidence_level":0.95,"lower_bound":47414611.30325,"upper_bound":48544184.339250006},"point_estimate":47961217.04,"standard_error":287839.0039252263},"median":{"confidence_interval":{"confidence_level":0.95,"lower_bound":46701784.0,"upper_bound":48205188.0},"point_estimate":47602586.0,"standard_error":339963.1933131486},"median_abs_dev":{"confidence_interval":{"confidence_level":0.95,"lower_bound":2137704.5632481575,"upper_bound":3304369.1542357206},"point_estimate":3029271.246519685,"standard_error":287391.26244157605},"slope":null,"std_dev":{"confidence_interval":{"confidence_level":0.95,"lower_bound":2268723.691203718,"upper_bound":3558959.37199319},"point_estimate":2897288.0895023155,"standard_error":336145.50256716064}}