{"mean":{"confidence_interval":{"confidence_level":0.95,"lower_bound":53032331.37875,"upper_bound":54510727.515},"point_estimate":53763052.03,"standard_error":376687.30641383014},"median":{"confidence_interval":{"confidence_level":0.95,"lower_bound":53068324.5,"upper_bound":54737385.5},"point_estimate":53946631.0,"standard_error":442119.9436760229},"median_abs_dev":{"confidence_interval":{"confidence_level":0.95,"lower_bound":2848984.865820408,"upper_bound":4387189.751511812},"point_estimate":3708525.907060504,"standard_error":395106.0212353219},"slope":null,"std_dev":{"confidence_interval":{"confidence_level":0.95,"lower_bound":3151002.452968811,"upper_bound":4448174.1450275555},"point_estimate":3787106.6930876747,"standard_error":334348.98675548285}}