{"mean":{"confidence_interval":{"confidence_level":0.95,"lower_bound":50437210.39975,"upper_bound":50740666.77575},"point_estimate":50586187.04,"standard_error":77469.94977065222},"median":{"confidence_interval":{"confidence_level":0.95,"lower_bound":50270616.0,"upper_bound":50674420.5},"point_estimate":50371266.5,"standard_error":112622.8916493683},"median_abs_dev":{"confidence_interval":{"confidence_level":0.95,"lower_bound":557315.2605056763,"upper_bound":911885.7159107924},"point_estimate":713065.3529405594,"standard_error":87327.73259538472},"slope":null,"std_dev":{"confidence_interval":{"confidence_level":0.95,"lower_bound":656781.7451079965,"upper_bound":878750.9071625266},"point_estimate":774417.8156121366,"standard_error":56653.06141988549}}