{"mean":{"confidence_interval":{"confidence_level":0.95,"lower_bound":46695878.198750004,"upper_bound":46780416.88025},"point_estimate":46737572.93,"standard_error":21586.16616649632},"median":{"confidence_interval":{"confidence_level":0.95,"lower_bound":46676604.0,"upper_bound":46771137.0},"point_estimate":46725136.0,"standard_error":22557.02258485282},"median_abs_dev":{"confidence_interval":{"confidence_level":0.95,"lower_bound":136770.58887183666,"upper_bound":244755.01665472984},"point_estimate":179100.30072033405,"standard_error":25164.48113718417},"slope":null,"std_dev":{"confidence_interval":{"confidence_level":0.95,"lower_bound":181441.20389401904,"upper_bound":250718.45750343837},"point_estimate":217799.711748483,"standard_error":17751.961828160205}}