{"mean":{"confidence_interval":{"confidence_level":0.95,"lower_bound":40141267.60525,"upper_bound":40230664.7455},"point_estimate":40185748.13,"standard_error":22793.269311944045},"median":{"confidence_interval":{"confidence_level":0.95,"lower_bound":40107593.0,"upper_bound":40230046.0},"point_estimate":40171594.5,"standard_error":27861.011942593246},"median_abs_dev":{"confidence_interval":{"confidence_level":0.95,"lower_bound":176950.5307585001,"upper_bound":280880.04761338234},"point_estimate":214458.82749259472,"standard_error":26764.59871113215},"slope":null,"std_dev":{"confidence_interval":{"confidence_level":0.95,"lower_bound":196163.01549365517,"upper_bound":259623.98461375},"point_estimate":229663.21001852525,"standard_error":16187.167075119634}}