{"mean":{"confidence_interval":{"confidence_level":0.95,"lower_bound":37284996.6285,"upper_bound":37340622.59375},"point_estimate":37312936.98,"standard_error":14149.965212382584},"median":{"confidence_interval":{"confidence_level":0.95,"lower_bound":37268830.0,"upper_bound":37355531.5},"point_estimate":37314131.5,"standard_error":23217.64922922353},"median_abs_dev":{"confidence_interval":{"confidence_level":0.95,"lower_bound":111493.00062060356,"upper_bound":183547.35934138298},"point_estimate":153079.18858230114,"standard_error":18001.679309784326},"slope":null,"std_dev":{"confidence_interval":{"confidence_level":0.95,"lower_bound":124234.87454089626,"upper_bound":158762.45012929846},"point_estimate":142554.26082092954,"standard_error":8831.842772030657}}