{"mean":{"confidence_interval":{"confidence_level":0.95,"lower_bound":71587.36698168328,"upper_bound":73052.20302671185},"point_estimate":72290.50151370671,"standard_error":374.583435722465},"median":{"confidence_interval":{"confidence_level":0.95,"lower_bound":70671.70130778913,"upper_bound":72223.625},"point_estimate":71384.31862128412,"standard_error":386.45076173512246},"median_abs_dev":{"confidence_interval":{"confidence_level":0.95,"lower_bound":2336.705875984168,"upper_bound":4079.2826991409606},"point_estimate":3176.0040264432637,"standard_error":448.4806536237009},"slope":{"confidence_interval":{"confidence_level":0.95,"lower_bound":70445.08099704809,"upper_bound":71532.38003823099},"point_estimate":70961.31476049738,"standard_error":277.87992964819125},"std_dev":{"confidence_interval":{"confidence_level":0.95,"lower_bound":2878.9260624730787,"upper_bound":4701.88473965107},"point_estimate":3737.277243217267,"standard_error":485.4294501394755}}