{"mean":{"confidence_interval":{"confidence_level":0.95,"lower_bound":64657.93673406381,"upper_bound":65213.81279527067},"point_estimate":64903.73025492216,"standard_error":142.90194262304152},"median":{"confidence_interval":{"confidence_level":0.95,"lower_bound":64418.13125,"upper_bound":64574.12171052631},"point_estimate":64474.538888888885,"standard_error":43.68892568181514},"median_abs_dev":{"confidence_interval":{"confidence_level":0.95,"lower_bound":175.76487546786524,"upper_bound":416.3624784781679},"point_estimate":240.1634334884356,"standard_error":63.61668966524976},"slope":{"confidence_interval":{"confidence_level":0.95,"lower_bound":64398.456599644,"upper_bound":64506.56822373587},"point_estimate":64450.855853775676,"standard_error":27.53922610614992},"std_dev":{"confidence_interval":{"confidence_level":0.95,"lower_bound":608.5883073181453,"upper_bound":2096.5226618079887},"point_estimate":1432.6494715523831,"standard_error":379.64089208681054}}