{"mean":{"confidence_interval":{"confidence_level":0.95,"lower_bound":76341.10282292952,"upper_bound":77082.32993020576},"point_estimate":76666.91094463563,"standard_error":189.60495975400661},"median":{"confidence_interval":{"confidence_level":0.95,"lower_bound":76237.40528128587,"upper_bound":76484.71013204302},"point_estimate":76352.87488553114,"standard_error":63.364639046060184},"median_abs_dev":{"confidence_interval":{"confidence_level":0.95,"lower_bound":426.09090871260446,"upper_bound":772.1400042699353},"point_estimate":549.4087860240271,"standard_error":86.61188031485594},"slope":{"confidence_interval":{"confidence_level":0.95,"lower_bound":76076.92916488143,"upper_bound":76502.66029429743},"point_estimate":76287.37795273443,"standard_error":108.54096932846531},"std_dev":{"confidence_interval":{"confidence_level":0.95,"lower_bound":948.7125502613936,"upper_bound":2851.937453710223},"point_estimate":1908.6153255168322,"standard_error":534.5055077959316}}