{"mean":{"confidence_interval":{"confidence_level":0.95,"lower_bound":74370.4004963867,"upper_bound":76065.11045223412},"point_estimate":75206.02703170643,"standard_error":432.5516326894894},"median":{"confidence_interval":{"confidence_level":0.95,"lower_bound":74013.45484949833,"upper_bound":75556.8464143214},"point_estimate":74857.48801198801,"standard_error":375.585227943074},"median_abs_dev":{"confidence_interval":{"confidence_level":0.95,"lower_bound":3039.283905587974,"upper_bound":4788.6705634456375},"point_estimate":3828.720682222186,"standard_error":413.6189612262993},"slope":{"confidence_interval":{"confidence_level":0.95,"lower_bound":73902.64261021747,"upper_bound":75944.86869344255},"point_estimate":74921.72042218459,"standard_error":521.1402822384872},"std_dev":{"confidence_interval":{"confidence_level":0.95,"lower_bound":3590.944653310016,"upper_bound":5134.9958573565245},"point_estimate":4356.683531981687,"standard_error":399.1639849584556}}