{"mean":{"confidence_interval":{"confidence_level":0.95,"lower_bound":91427.5337640386,"upper_bound":94773.10579617177},"point_estimate":92953.97117955824,"standard_error":857.5047228342528},"median":{"confidence_interval":{"confidence_level":0.95,"lower_bound":90186.36363636363,"upper_bound":92098.86688311688},"point_estimate":91190.18212121213,"standard_error":528.5810799746309},"median_abs_dev":{"confidence_interval":{"confidence_level":0.95,"lower_bound":2768.3108029917016,"upper_bound":4880.756082211939},"point_estimate":3753.784024742049,"standard_error":531.6930000446332},"slope":{"confidence_interval":{"confidence_level":0.95,"lower_bound":91951.15475200566,"upper_bound":94450.4076151382},"point_estimate":93158.64015341832,"standard_error":638.2919047022773},"std_dev":{"confidence_interval":{"confidence_level":0.95,"lower_bound":4459.418862118215,"upper_bound":11789.747827135565},"point_estimate":8605.681904109208,"standard_error":1814.6847698463234}}