{"mean":{"confidence_interval":{"confidence_level":0.95,"lower_bound":17108870.835333332,"upper_bound":17292456.348083332},"point_estimate":17201367.876666665,"standard_error":46898.08655386502},"median":{"confidence_interval":{"confidence_level":0.95,"lower_bound":17148609.5,"upper_bound":17304745.833333332},"point_estimate":17223344.166666664,"standard_error":40322.65737455406},"median_abs_dev":{"confidence_interval":{"confidence_level":0.95,"lower_bound":379935.55411979655,"upper_bound":611313.5407020175},"point_estimate":493221.2281435719,"standard_error":56386.1946438554},"slope":null,"std_dev":{"confidence_interval":{"confidence_level":0.95,"lower_bound":408468.9397222538,"upper_bound":524677.8567854179},"point_estimate":470470.6444693271,"standard_error":29726.808961653576}}