{"mean":{"confidence_interval":{"confidence_level":0.95,"lower_bound":24416917.84158333,"upper_bound":24693873.2995},"point_estimate":24557163.716666676,"standard_error":70866.51601224985},"median":{"confidence_interval":{"confidence_level":0.95,"lower_bound":24330639.0,"upper_bound":24913611.0},"point_estimate":24568872.5,"standard_error":143415.48931312177},"median_abs_dev":{"confidence_interval":{"confidence_level":0.95,"lower_bound":617938.5263293963,"upper_bound":954437.3235553466},"point_estimate":800506.1341881752,"standard_error":88085.17789772172},"slope":null,"std_dev":{"confidence_interval":{"confidence_level":0.95,"lower_bound":615652.9146239668,"upper_bound":806652.1064260039},"point_estimate":713625.8757296093,"standard_error":48916.343766316924}}