{"mean":{"confidence_interval":{"confidence_level":0.95,"lower_bound":26418530.567125,"upper_bound":27300919.154375},"point_estimate":26850929.195,"standard_error":225391.0152396206},"median":{"confidence_interval":{"confidence_level":0.95,"lower_bound":26117104.5,"upper_bound":26802683.5},"point_estimate":26427581.25,"standard_error":175514.21482663593},"median_abs_dev":{"confidence_interval":{"confidence_level":0.95,"lower_bound":1528388.220615685,"upper_bound":2504652.5045335293},"point_estimate":2202674.688644707,"standard_error":258480.34689929278},"slope":null,"std_dev":{"confidence_interval":{"confidence_level":0.95,"lower_bound":1886501.0240285702,"upper_bound":2583931.373264538},"point_estimate":2266601.4752381314,"standard_error":178367.82128273745}}