{"mean":{"confidence_interval":{"confidence_level":0.95,"lower_bound":24022678.91575,"upper_bound":24148440.068375},"point_estimate":24076207.1,"standard_error":32374.424117230683},"median":{"confidence_interval":{"confidence_level":0.95,"lower_bound":23988614.75,"upper_bound":24049769.25},"point_estimate":24019092.0,"standard_error":15469.144924965653},"median_abs_dev":{"confidence_interval":{"confidence_level":0.95,"lower_bound":92489.40480798483,"upper_bound":149521.68994545937},"point_estimate":122270.76112926006,"standard_error":13885.023246310117},"slope":null,"std_dev":{"confidence_interval":{"confidence_level":0.95,"lower_bound":113601.9204507651,"upper_bound":505884.9115947945},"point_estimate":325508.5779163527,"standard_error":108179.68812565437}}