{"mean":{"confidence_interval":{"confidence_level":0.95,"lower_bound":16823880.75541667,"upper_bound":16925045.99191667},"point_estimate":16874785.08,"standard_error":25828.128482527427},"median":{"confidence_interval":{"confidence_level":0.95,"lower_bound":16810282.5,"upper_bound":16989964.0},"point_estimate":16906990.5,"standard_error":49410.23977866839},"median_abs_dev":{"confidence_interval":{"confidence_level":0.95,"lower_bound":209260.5910623837,"upper_bound":335664.3405407667},"point_estimate":271808.26547443774,"standard_error":31314.19623163566},"slope":null,"std_dev":{"confidence_interval":{"confidence_level":0.95,"lower_bound":224639.83232105855,"upper_bound":290621.37910462875},"point_estimate":258813.1516822026,"standard_error":16941.974490950768}}