{"mean":{"confidence_interval":{"confidence_level":0.95,"lower_bound":13403134.6190625,"upper_bound":13474961.054625},"point_estimate":13438685.2675,"standard_error":18323.371120501204},"median":{"confidence_interval":{"confidence_level":0.95,"lower_bound":13370961.75,"upper_bound":13480388.125},"point_estimate":13399599.5,"standard_error":29354.537359677324},"median_abs_dev":{"confidence_interval":{"confidence_level":0.95,"lower_bound":140669.64147761464,"upper_bound":223839.05220106244},"point_estimate":174436.22652813792,"standard_error":20480.940422857475},"slope":null,"std_dev":{"confidence_interval":{"confidence_level":0.95,"lower_bound":156775.3796971663,"upper_bound":208521.4585024521},"point_estimate":183764.47329207073,"standard_error":13200.286352261288}}