{"mean":{"confidence_interval":{"confidence_level":0.95,"lower_bound":22290639.954249997,"upper_bound":22330616.764416672},"point_estimate":22310276.353333343,"standard_error":10211.2984262665},"median":{"confidence_interval":{"confidence_level":0.95,"lower_bound":22280663.666666668,"upper_bound":22309464.0},"point_estimate":22298030.333333332,"standard_error":7884.116443553967},"median_abs_dev":{"confidence_interval":{"confidence_level":0.95,"lower_bound":63975.17726421264,"upper_bound":107786.50068640709},"point_estimate":86881.84105753899,"standard_error":11021.275778606376},"slope":null,"std_dev":{"confidence_interval":{"confidence_level":0.95,"lower_bound":84352.53962884338,"upper_bound":119679.1275722032},"point_estimate":102853.67593498854,"standard_error":9017.283743386015}}