{"mean":{"confidence_interval":{"confidence_level":0.95,"lower_bound":13637408.3375,"upper_bound":14034574.316624999},"point_estimate":13831253.85,"standard_error":101421.69733232692},"median":{"confidence_interval":{"confidence_level":0.95,"lower_bound":13262664.0,"upper_bound":13848285.25},"point_estimate":13518787.5,"standard_error":124528.61068359757},"median_abs_dev":{"confidence_interval":{"confidence_level":0.95,"lower_bound":504395.89302018285,"upper_bound":1055048.719894141},"point_estimate":761902.7520485222,"standard_error":128607.32905228387},"slope":null,"std_dev":{"confidence_interval":{"confidence_level":0.95,"lower_bound":828695.3899691638,"upper_bound":1180195.6304328197},"point_estimate":1016160.8514725409,"standard_error":89662.932833554}}