{"mean":{"confidence_interval":{"confidence_level":0.95,"lower_bound":17207021.14691666,"upper_bound":17292223.70316667},"point_estimate":17251593.40666667,"standard_error":21737.280970466156},"median":{"confidence_interval":{"confidence_level":0.95,"lower_bound":17227381.666666668,"upper_bound":17333472.333333336},"point_estimate":17260516.333333336,"standard_error":28174.797370034288},"median_abs_dev":{"confidence_interval":{"confidence_level":0.95,"lower_bound":154154.81486320496,"upper_bound":235703.4967154246},"point_estimate":201227.85822749507,"standard_error":20955.72158289403},"slope":null,"std_dev":{"confidence_interval":{"confidence_level":0.95,"lower_bound":165441.06921499458,"upper_bound":278712.4746799027},"point_estimate":218529.14479483047,"standard_error":30140.953340811186}}