{"mean":{"confidence_interval":{"confidence_level":0.95,"lower_bound":25469525.6435,"upper_bound":25980571.594125},"point_estimate":25709530.91,"standard_error":130811.85590742604},"median":{"confidence_interval":{"confidence_level":0.95,"lower_bound":25261179.0,"upper_bound":25560790.75},"point_estimate":25403183.5,"standard_error":79837.42280376493},"median_abs_dev":{"confidence_interval":{"confidence_level":0.95,"lower_bound":543399.577152729,"upper_bound":954427.8102055192},"point_estimate":757011.0987603664,"standard_error":105825.83191461363},"slope":null,"std_dev":{"confidence_interval":{"confidence_level":0.95,"lower_bound":908555.9374560163,"upper_bound":1671394.8847266962},"point_estimate":1314642.675128294,"standard_error":196030.41218571187}}