{"mean":{"confidence_interval":{"confidence_level":0.95,"lower_bound":14784781.5133125,"upper_bound":14827604.736062499},"point_estimate":14806084.0125,"standard_error":10964.21675332823},"median":{"confidence_interval":{"confidence_level":0.95,"lower_bound":14766582.0,"upper_bound":14823343.0},"point_estimate":14801419.25,"standard_error":14991.774960018492},"median_abs_dev":{"confidence_interval":{"confidence_level":0.95,"lower_bound":83951.85285955667,"upper_bound":139253.7631358765},"point_estimate":116069.97206434608,"standard_error":13480.879042081515},"slope":null,"std_dev":{"confidence_interval":{"confidence_level":0.95,"lower_bound":95439.41388509444,"upper_bound":124316.16125344891},"point_estimate":110703.07235544466,"standard_error":7354.9540538620195}}