{"mean":{"confidence_interval":{"confidence_level":0.95,"lower_bound":14988.76952393221,"upper_bound":15361.914310284947},"point_estimate":15176.752278438646,"standard_error":95.43318888154771},"median":{"confidence_interval":{"confidence_level":0.95,"lower_bound":15039.9321559393,"upper_bound":15586.714917524212},"point_estimate":15344.062775655717,"standard_error":149.09190401586528},"median_abs_dev":{"confidence_interval":{"confidence_level":0.95,"lower_bound":726.9464237468555,"upper_bound":1301.4327090014438},"point_estimate":982.9914198654868,"standard_error":149.80683627836882},"slope":{"confidence_interval":{"confidence_level":0.95,"lower_bound":15806.050730391591,"upper_bound":16033.765635971797},"point_estimate":15930.417000147776,"standard_error":58.15361337802468},"std_dev":{"confidence_interval":{"confidence_level":0.95,"lower_bound":830.5978053359869,"upper_bound":1066.737598120841},"point_estimate":956.2630215070302,"standard_error":60.23981360581323}}