{"mean":{"confidence_interval":{"confidence_level":0.95,"lower_bound":19959.82669953405,"upper_bound":20414.511996504367},"point_estimate":20183.145552277863,"standard_error":115.82199338024081},"median":{"confidence_interval":{"confidence_level":0.95,"lower_bound":20009.517814758874,"upper_bound":20380.032411408814},"point_estimate":20227.81797082228,"standard_error":88.37759370364962},"median_abs_dev":{"confidence_interval":{"confidence_level":0.95,"lower_bound":820.8944081807797,"upper_bound":1373.1101539487659},"point_estimate":1038.0851061061167,"standard_error":133.61187859542085},"slope":{"confidence_interval":{"confidence_level":0.95,"lower_bound":20486.69472148014,"upper_bound":20853.549929563593},"point_estimate":20678.05710188585,"standard_error":93.46893895072253},"std_dev":{"confidence_interval":{"confidence_level":0.95,"lower_bound":931.1646891045485,"upper_bound":1418.7997763596923},"point_estimate":1161.0305853312457,"standard_error":128.09963848832658}}