{"mean":{"confidence_interval":{"confidence_level":0.95,"lower_bound":15108.007891292535,"upper_bound":15507.942402917975},"point_estimate":15311.222058017696,"standard_error":101.70878837493699},"median":{"confidence_interval":{"confidence_level":0.95,"lower_bound":15329.35916821274,"upper_bound":15715.613075060533},"point_estimate":15548.142862326353,"standard_error":101.64491354355022},"median_abs_dev":{"confidence_interval":{"confidence_level":0.95,"lower_bound":751.1472174799181,"upper_bound":1334.713087640661},"point_estimate":1017.6639655183141,"standard_error":160.1250483979038},"slope":{"confidence_interval":{"confidence_level":0.95,"lower_bound":15992.162025196043,"upper_bound":16217.193466974999},"point_estimate":16115.371044776119,"standard_error":57.49930502269277},"std_dev":{"confidence_interval":{"confidence_level":0.95,"lower_bound":887.0630197347953,"upper_bound":1134.749871939476},"point_estimate":1021.2416944817376,"standard_error":63.10767630959215}}