{"mean":{"confidence_interval":{"confidence_level":0.95,"lower_bound":17629.24966686277,"upper_bound":18478.60677215483},"point_estimate":18048.692175574546,"standard_error":216.04389327899906},"median":{"confidence_interval":{"confidence_level":0.95,"lower_bound":17513.153503893216,"upper_bound":18661.966307638722},"point_estimate":18166.80079738966,"standard_error":301.45348477140175},"median_abs_dev":{"confidence_interval":{"confidence_level":0.95,"lower_bound":1572.9837192800148,"upper_bound":2398.6099332825484},"point_estimate":1954.840378452832,"standard_error":214.68845821342416},"slope":{"confidence_interval":{"confidence_level":0.95,"lower_bound":18495.99021363662,"upper_bound":19205.717615676018},"point_estimate":18854.438219961987,"standard_error":181.37206993806862},"std_dev":{"confidence_interval":{"confidence_level":0.95,"lower_bound":1797.2699130128499,"upper_bound":2492.7615471142717},"point_estimate":2155.789367279064,"standard_error":178.77963772944844}}