{"mean":{"confidence_interval":{"confidence_level":0.95,"lower_bound":174326515.37025002,"upper_bound":174568562.33049998},"point_estimate":174447326.04,"standard_error":61632.25368252822},"median":{"confidence_interval":{"confidence_level":0.95,"lower_bound":174196890.5,"upper_bound":174636338.0},"point_estimate":174443366.5,"standard_error":123227.82763629318},"median_abs_dev":{"confidence_interval":{"confidence_level":0.95,"lower_bound":544613.085231185,"upper_bound":816472.2533047199},"point_estimate":668221.89283669,"standard_error":67569.52983966195},"slope":null,"std_dev":{"confidence_interval":{"confidence_level":0.95,"lower_bound":533252.5510755092,"upper_bound":704211.9781238993},"point_estimate":621557.9630619623,"standard_error":43631.37458332559}}