{"mean":{"confidence_interval":{"confidence_level":0.95,"lower_bound":197247590.37699997,"upper_bound":199608011.244},"point_estimate":198437813.27,"standard_error":604272.935821102},"median":{"confidence_interval":{"confidence_level":0.95,"lower_bound":196791531.0,"upper_bound":200528475.0},"point_estimate":198523732.0,"standard_error":927330.7298221479},"median_abs_dev":{"confidence_interval":{"confidence_level":0.95,"lower_bound":4683903.225544095,"upper_bound":7313612.018569931},"point_estimate":5852698.312693834,"standard_error":692225.6077505342},"slope":null,"std_dev":{"confidence_interval":{"confidence_level":0.95,"lower_bound":5263564.83787619,"upper_bound":6818914.843994906},"point_estimate":6083912.15820732,"standard_error":397886.849046571}}