{"mean":{"confidence_interval":{"confidence_level":0.95,"lower_bound":183181940.95025,"upper_bound":183772909.65475002},"point_estimate":183473160.76,"standard_error":150836.21299093016},"median":{"confidence_interval":{"confidence_level":0.95,"lower_bound":182944743.0,"upper_bound":183620401.5},"point_estimate":183207896.5,"standard_error":180121.67437855506},"median_abs_dev":{"confidence_interval":{"confidence_level":0.95,"lower_bound":1161187.8666847944,"upper_bound":1804521.5761533333},"point_estimate":1440660.9269231558,"standard_error":154457.3730689338},"slope":null,"std_dev":{"confidence_interval":{"confidence_level":0.95,"lower_bound":1248380.8525251257,"upper_bound":1786492.848976215},"point_estimate":1516880.6850914801,"standard_error":138636.94262988734}}