{"mean":{"confidence_interval":{"confidence_level":0.95,"lower_bound":187319896.74774998,"upper_bound":191602402.32274997},"point_estimate":189406578.79,"standard_error":1089324.0465532194},"median":{"confidence_interval":{"confidence_level":0.95,"lower_bound":184972982.0,"upper_bound":189214598.0},"point_estimate":186993080.0,"standard_error":1174581.8207136728},"median_abs_dev":{"confidence_interval":{"confidence_level":0.95,"lower_bound":6756898.230341077,"upper_bound":13596325.388216972},"point_estimate":10326628.3169657,"standard_error":1759933.3561427838},"slope":null,"std_dev":{"confidence_interval":{"confidence_level":0.95,"lower_bound":9066292.523624444,"upper_bound":12653935.237863753},"point_estimate":10917952.768559087,"standard_error":916411.0742396035}}