{"mean":{"confidence_interval":{"confidence_level":0.95,"lower_bound":235089215.65725002,"upper_bound":237237830.01425},"point_estimate":236124027.25,"standard_error":548203.139469849},"median":{"confidence_interval":{"confidence_level":0.95,"lower_bound":233335196.0,"upper_bound":235959620.0},"point_estimate":234925993.5,"standard_error":613130.2038513246},"median_abs_dev":{"confidence_interval":{"confidence_level":0.95,"lower_bound":3178053.1376107805,"upper_bound":5599752.672484517},"point_estimate":4317093.907356262,"standard_error":592031.2266995324},"slope":null,"std_dev":{"confidence_interval":{"confidence_level":0.95,"lower_bound":4297668.015984224,"upper_bound":6683139.928102787},"point_estimate":5501281.081039503,"standard_error":613881.4648445379}}