{"mean":{"confidence_interval":{"confidence_level":0.95,"lower_bound":164738205.48874998,"upper_bound":165196641.85500002},"point_estimate":164965721.61,"standard_error":117558.95404717288},"median":{"confidence_interval":{"confidence_level":0.95,"lower_bound":164562169.0,"upper_bound":165259574.0},"point_estimate":164814887.0,"standard_error":175433.4148987913},"median_abs_dev":{"confidence_interval":{"confidence_level":0.95,"lower_bound":906689.9443030357,"upper_bound":1486507.3659092188},"point_estimate":1205460.5257987976,"standard_error":145662.0225456268},"slope":null,"std_dev":{"confidence_interval":{"confidence_level":0.95,"lower_bound":1021997.1264037988,"upper_bound":1325298.739655897},"point_estimate":1182444.0573383698,"standard_error":77672.3884933322}}