{"mean":{"confidence_interval":{"confidence_level":0.95,"lower_bound":213216338.17450002,"upper_bound":213720873.8745},"point_estimate":213467955.43,"standard_error":128248.66363445828},"median":{"confidence_interval":{"confidence_level":0.95,"lower_bound":213112730.0,"upper_bound":213592301.0},"point_estimate":213393189.0,"standard_error":117961.25339302389},"median_abs_dev":{"confidence_interval":{"confidence_level":0.95,"lower_bound":690090.2424484491,"upper_bound":1270630.2462168036},"point_estimate":981300.305378437,"standard_error":147467.52766547224},"slope":null,"std_dev":{"confidence_interval":{"confidence_level":0.95,"lower_bound":1022398.1855123292,"upper_bound":1546016.706023746},"point_estimate":1290308.4668140581,"standard_error":134765.23216136947}}