{"mean":{"confidence_interval":{"confidence_level":0.95,"lower_bound":36781.545046329964,"upper_bound":37364.331818416846},"point_estimate":37023.43083670153,"standard_error":151.39497360061725},"median":{"confidence_interval":{"confidence_level":0.95,"lower_bound":36574.403532608696,"upper_bound":36700.65299938157},"point_estimate":36644.83871882086,"standard_error":28.20811787892427},"median_abs_dev":{"confidence_interval":{"confidence_level":0.95,"lower_bound":130.4159360509308,"upper_bound":276.60761051025696},"point_estimate":197.8217969518831,"standard_error":37.73850131875949},"slope":{"confidence_interval":{"confidence_level":0.95,"lower_bound":36536.39074217889,"upper_bound":36580.031577425056},"point_estimate":36556.935269691145,"standard_error":11.203717841806498},"std_dev":{"confidence_interval":{"confidence_level":0.95,"lower_bound":479.8980485980254,"upper_bound":2416.6307892713676},"point_estimate":1520.2053946000067,"standard_error":559.3764403605848}}