{"mean":{"confidence_interval":{"confidence_level":0.95,"lower_bound":39314.57414062462,"upper_bound":39933.4169900756},"point_estimate":39571.84136173007,"standard_error":160.22044671466668},"median":{"confidence_interval":{"confidence_level":0.95,"lower_bound":39126.71986607143,"upper_bound":39261.85021276596},"point_estimate":39206.39571603427,"standard_error":35.957416365787765},"median_abs_dev":{"confidence_interval":{"confidence_level":0.95,"lower_bound":187.0384335671937,"upper_bound":364.85564038075455},"point_estimate":243.95943935428474,"standard_error":48.00311913329856},"slope":{"confidence_interval":{"confidence_level":0.95,"lower_bound":39009.799079509066,"upper_bound":39079.27737848113},"point_estimate":39042.19237960692,"standard_error":17.723193045333456},"std_dev":{"confidence_interval":{"confidence_level":0.95,"lower_bound":532.427267242741,"upper_bound":2559.374812225449},"point_estimate":1613.5743526150509,"standard_error":588.9002015231796}}