{"mean":{"confidence_interval":{"confidence_level":0.95,"lower_bound":31935.831288370708,"upper_bound":32430.87692018965},"point_estimate":32144.763323640404,"standard_error":128.51644289481075},"median":{"confidence_interval":{"confidence_level":0.95,"lower_bound":31760.990322580645,"upper_bound":31871.25998289345},"point_estimate":31800.893170175295,"standard_error":32.93224457321714},"median_abs_dev":{"confidence_interval":{"confidence_level":0.95,"lower_bound":128.2871457814978,"upper_bound":279.37394499767197},"point_estimate":188.99422570611506,"standard_error":42.63172855450867},"slope":{"confidence_interval":{"confidence_level":0.95,"lower_bound":31712.248809814413,"upper_bound":31762.38542576099},"point_estimate":31734.753903716803,"standard_error":12.755579206994994},"std_dev":{"confidence_interval":{"confidence_level":0.95,"lower_bound":413.61912338189,"upper_bound":2027.7498335673533},"point_estimate":1289.0990028253268,"standard_error":449.6346523158756}}