{"mean":{"confidence_interval":{"confidence_level":0.95,"lower_bound":43669.229505898555,"upper_bound":46491.94316698713},"point_estimate":44779.68157938288,"standard_error":745.5395793256494},"median":{"confidence_interval":{"confidence_level":0.95,"lower_bound":42940.31013986014,"upper_bound":43523.92320722755},"point_estimate":43162.72729160375,"standard_error":146.56238445720024},"median_abs_dev":{"confidence_interval":{"confidence_level":0.95,"lower_bound":950.0851743625682,"upper_bound":1747.6126549447545},"point_estimate":1282.624013842946,"standard_error":203.55617086936627},"slope":{"confidence_interval":{"confidence_level":0.95,"lower_bound":43100.87779308413,"upper_bound":44149.95503328448},"point_estimate":43599.54361701842,"standard_error":268.3394026584764},"std_dev":{"confidence_interval":{"confidence_level":0.95,"lower_bound":2075.1137961797926,"upper_bound":12338.814862581637},"point_estimate":7528.199997494448,"standard_error":3289.725537947184}}