{"mean":{"confidence_interval":{"confidence_level":0.95,"lower_bound":45866.60481846706,"upper_bound":47320.10284464308},"point_estimate":46571.89094032336,"standard_error":370.5413219168838},"median":{"confidence_interval":{"confidence_level":0.95,"lower_bound":44545.26556776557,"upper_bound":47229.933333333334},"point_estimate":45456.892857142855,"standard_error":677.372427220595},"median_abs_dev":{"confidence_interval":{"confidence_level":0.95,"lower_bound":2143.5483632843584,"upper_bound":4448.1771664853295},"point_estimate":3439.4937296941575,"standard_error":609.4038489140588},"slope":{"confidence_interval":{"confidence_level":0.95,"lower_bound":44208.46388242492,"upper_bound":45423.67346132388},"point_estimate":44753.155568691196,"standard_error":310.7383295974214},"std_dev":{"confidence_interval":{"confidence_level":0.95,"lower_bound":2947.293604533541,"upper_bound":4431.298950171577},"point_estimate":3710.551752450354,"standard_error":380.1431535123412}}