{"mean":{"confidence_interval":{"confidence_level":0.95,"lower_bound":64479153.8365,"upper_bound":64823410.55725},"point_estimate":64650795.63,"standard_error":88173.41918791384},"median":{"confidence_interval":{"confidence_level":0.95,"lower_bound":64458497.0,"upper_bound":64862957.0},"point_estimate":64590900.0,"standard_error":88184.9983486745},"median_abs_dev":{"confidence_interval":{"confidence_level":0.95,"lower_bound":622777.9797434807,"upper_bound":1151966.224576011},"point_estimate":844208.733612299,"standard_error":139804.80918386744},"slope":null,"std_dev":{"confidence_interval":{"confidence_level":0.95,"lower_bound":769904.3388668223,"upper_bound":998751.4501014155},"point_estimate":889930.3588729458,"standard_error":58260.95048824712}}