{"mean":{"confidence_interval":{"confidence_level":0.95,"lower_bound":24161179.673249997,"upper_bound":24430199.33625},"point_estimate":24295060.11,"standard_error":68862.7557366995},"median":{"confidence_interval":{"confidence_level":0.95,"lower_bound":24154632.0,"upper_bound":24506436.0},"point_estimate":24302534.5,"standard_error":100044.07098277289},"median_abs_dev":{"confidence_interval":{"confidence_level":0.95,"lower_bound":517731.3238084316,"upper_bound":839607.5031264871},"point_estimate":705282.4443787336,"standard_error":81973.4179810513},"slope":null,"std_dev":{"confidence_interval":{"confidence_level":0.95,"lower_bound":593116.6089943715,"upper_bound":786463.4214438198},"point_estimate":692936.2340514837,"standard_error":49632.90953720529}}