{"mean":{"confidence_interval":{"confidence_level":0.95,"lower_bound":33750173.5745,"upper_bound":34167847.55575},"point_estimate":33949683.28,"standard_error":106830.31387521134},"median":{"confidence_interval":{"confidence_level":0.95,"lower_bound":33652834.5,"upper_bound":34000750.5},"point_estimate":33765839.0,"standard_error":89484.5823977346},"median_abs_dev":{"confidence_interval":{"confidence_level":0.95,"lower_bound":532081.4089536667,"upper_bound":864438.0689531565},"point_estimate":664310.7941061258,"standard_error":86615.94593862153},"slope":null,"std_dev":{"confidence_interval":{"confidence_level":0.95,"lower_bound":766893.0467622322,"upper_bound":1370183.8835860863},"point_estimate":1073603.8507105242,"standard_error":156529.4831714928}}