{"mean":{"confidence_interval":{"confidence_level":0.95,"lower_bound":31705900.6635,"upper_bound":32432137.65025},"point_estimate":32055305.33,"standard_error":186322.96936774146},"median":{"confidence_interval":{"confidence_level":0.95,"lower_bound":31306116.0,"upper_bound":32192667.0},"point_estimate":31619739.0,"standard_error":214409.00828473287},"median_abs_dev":{"confidence_interval":{"confidence_level":0.95,"lower_bound":1189142.2891885042,"upper_bound":1881158.4290027618},"point_estimate":1557082.089856267,"standard_error":175843.93551011864},"slope":null,"std_dev":{"confidence_interval":{"confidence_level":0.95,"lower_bound":1414664.0954884733,"upper_bound":2320485.194010052},"point_estimate":1864494.9648446983,"standard_error":234059.1565275997}}