{"mean":{"confidence_interval":{"confidence_level":0.95,"lower_bound":27050507.83425,"upper_bound":27532572.912},"point_estimate":27288801.14,"standard_error":122917.48800511812},"median":{"confidence_interval":{"confidence_level":0.95,"lower_bound":26928729.0,"upper_bound":27468232.0},"point_estimate":27172126.5,"standard_error":137586.85093274852},"median_abs_dev":{"confidence_interval":{"confidence_level":0.95,"lower_bound":851326.6960859299,"upper_bound":1637500.684588551},"point_estimate":1136507.7662229538,"standard_error":203978.73311144748},"slope":null,"std_dev":{"confidence_interval":{"confidence_level":0.95,"lower_bound":1080144.5882770135,"upper_bound":1387825.8383690582},"point_estimate":1244818.1738815506,"standard_error":78371.82647750256}}