{"mean":{"confidence_interval":{"confidence_level":0.95,"lower_bound":20482196.2045,"upper_bound":20789537.567250002},"point_estimate":20639406.74,"standard_error":78137.3008836056},"median":{"confidence_interval":{"confidence_level":0.95,"lower_bound":20586298.5,"upper_bound":20782800.5},"point_estimate":20661444.0,"standard_error":48902.94993373301},"median_abs_dev":{"confidence_interval":{"confidence_level":0.95,"lower_bound":259013.92190158367,"upper_bound":480664.8418664932},"point_estimate":359609.07141566277,"standard_error":54315.28308520244},"slope":null,"std_dev":{"confidence_interval":{"confidence_level":0.95,"lower_bound":598882.0258301634,"upper_bound":941359.1779408235},"point_estimate":783916.8732030436,"standard_error":87340.83236875749}}