{"mean":{"confidence_interval":{"confidence_level":0.95,"lower_bound":26299004.4505,"upper_bound":26641264.331499998},"point_estimate":26466074.02,"standard_error":87366.65435332152},"median":{"confidence_interval":{"confidence_level":0.95,"lower_bound":26145074.0,"upper_bound":26510677.5},"point_estimate":26322526.0,"standard_error":99560.64547192029},"median_abs_dev":{"confidence_interval":{"confidence_level":0.95,"lower_bound":640125.8820354939,"upper_bound":1043593.2258725166},"point_estimate":829734.1100692749,"standard_error":103288.9031143989},"slope":null,"std_dev":{"confidence_interval":{"confidence_level":0.95,"lower_bound":715970.9186926105,"upper_bound":1037179.8770130988},"point_estimate":878751.3199926058,"standard_error":82326.40892375495}}