{"mean":{"confidence_interval":{"confidence_level":0.95,"lower_bound":81546553.72925,"upper_bound":82559687.39025},"point_estimate":82049016.61,"standard_error":258274.16245920342},"median":{"confidence_interval":{"confidence_level":0.95,"lower_bound":81683986.0,"upper_bound":82613759.5},"point_estimate":82171348.5,"standard_error":278268.2935937137},"median_abs_dev":{"confidence_interval":{"confidence_level":0.95,"lower_bound":1932764.7688865662,"upper_bound":2940220.7508831467},"point_estimate":2335302.5225400925,"standard_error":248571.15834236826},"slope":null,"std_dev":{"confidence_interval":{"confidence_level":0.95,"lower_bound":2156166.587984177,"upper_bound":3041275.738432458},"point_estimate":2597307.4735428644,"standard_error":226903.11266093559}}