{"mean":{"confidence_interval":{"confidence_level":0.95,"lower_bound":25134483.57975,"upper_bound":25569662.390499998},"point_estimate":25345604.59,"standard_error":110939.49415699088},"median":{"confidence_interval":{"confidence_level":0.95,"lower_bound":25036687.0,"upper_bound":25558061.5},"point_estimate":25323107.0,"standard_error":140309.11753778646},"median_abs_dev":{"confidence_interval":{"confidence_level":0.95,"lower_bound":807866.5017575026,"upper_bound":1287284.477046132},"point_estimate":1052890.610307455,"standard_error":120138.34690692388},"slope":null,"std_dev":{"confidence_interval":{"confidence_level":0.95,"lower_bound":875743.0506067865,"upper_bound":1390761.5733818586},"point_estimate":1118592.0730130165,"standard_error":136046.9907327932}}