{"mean":{"confidence_interval":{"confidence_level":0.95,"lower_bound":26891174.9855,"upper_bound":27294116.1155},"point_estimate":27081101.33,"standard_error":103169.39631091898},"median":{"confidence_interval":{"confidence_level":0.95,"lower_bound":26632579.0,"upper_bound":27036724.5},"point_estimate":26833132.5,"standard_error":110549.21488978078},"median_abs_dev":{"confidence_interval":{"confidence_level":0.95,"lower_bound":507724.515286088,"upper_bound":899655.0074279308},"point_estimate":694979.8571616411,"standard_error":97894.76400489433},"slope":null,"std_dev":{"confidence_interval":{"confidence_level":0.95,"lower_bound":690037.3503382684,"upper_bound":1357780.3250021704},"point_estimate":1035156.7768506566,"standard_error":172561.61728746674}}