{"mean":{"confidence_interval":{"confidence_level":0.95,"lower_bound":44675.203501822594,"upper_bound":45421.257998193985},"point_estimate":45046.36398891066,"standard_error":189.57128784211253},"median":{"confidence_interval":{"confidence_level":0.95,"lower_bound":44113.160183066364,"upper_bound":45926.65079365079},"point_estimate":45373.370332883496,"standard_error":458.20513128239634},"median_abs_dev":{"confidence_interval":{"confidence_level":0.95,"lower_bound":1868.4230485699882,"upper_bound":2999.7512165723206},"point_estimate":2335.625164333791,"standard_error":273.9039412033848},"slope":{"confidence_interval":{"confidence_level":0.95,"lower_bound":46155.5842626186,"upper_bound":46730.099010278274},"point_estimate":46468.73353659011,"standard_error":146.49282381430902},"std_dev":{"confidence_interval":{"confidence_level":0.95,"lower_bound":1689.374285925132,"upper_bound":2136.8133677604806},"point_estimate":1907.7209184916305,"standard_error":115.24356250304818}}