{"mean":{"confidence_interval":{"confidence_level":0.95,"lower_bound":19791.615785646467,"upper_bound":20410.53565131769},"point_estimate":20108.521483168937,"standard_error":158.14859717486982},"median":{"confidence_interval":{"confidence_level":0.95,"lower_bound":20173.527,"upper_bound":20883.082666666665},"point_estimate":20617.754072327043,"standard_error":160.31011209792032},"median_abs_dev":{"confidence_interval":{"confidence_level":0.95,"lower_bound":1028.4853344607354,"upper_bound":1824.5600367374384},"point_estimate":1469.7792464709084,"standard_error":205.17099290946652},"slope":{"confidence_interval":{"confidence_level":0.95,"lower_bound":21128.460868989518,"upper_bound":21415.769907684375},"point_estimate":21286.594997251366,"standard_error":73.06751192907913},"std_dev":{"confidence_interval":{"confidence_level":0.95,"lower_bound":1328.921545739774,"upper_bound":1787.3788282251946},"point_estimate":1577.6850784880592,"standard_error":117.75646842633851}}