{"mean":{"confidence_interval":{"confidence_level":0.95,"lower_bound":20498.510261160645,"upper_bound":21108.78320041997},"point_estimate":20810.146355611207,"standard_error":156.05559716580197},"median":{"confidence_interval":{"confidence_level":0.95,"lower_bound":20932.450357142858,"upper_bound":21549.814814814814},"point_estimate":21349.47819127651,"standard_error":156.66170918637914},"median_abs_dev":{"confidence_interval":{"confidence_level":0.95,"lower_bound":993.3511799756003,"upper_bound":1860.3422677969038},"point_estimate":1343.0333838732872,"standard_error":214.46563208004451},"slope":{"confidence_interval":{"confidence_level":0.95,"lower_bound":21837.418406373938,"upper_bound":22141.595002608916},"point_estimate":22003.476855445544,"standard_error":77.63437022162199},"std_dev":{"confidence_interval":{"confidence_level":0.95,"lower_bound":1340.1483614819635,"upper_bound":1773.0241288641062},"point_estimate":1571.266761226974,"standard_error":110.86332974341289}}