{"mean":{"confidence_interval":{"confidence_level":0.95,"lower_bound":53047.852708085,"upper_bound":54917.11283926907},"point_estimate":53900.06611820723,"standard_error":477.09633029968177},"median":{"confidence_interval":{"confidence_level":0.95,"lower_bound":52666.0375,"upper_bound":54287.092741935485},"point_estimate":53490.13238541981,"standard_error":414.18358822860074},"median_abs_dev":{"confidence_interval":{"confidence_level":0.95,"lower_bound":2184.1440521088784,"upper_bound":3739.0072619803614},"point_estimate":2921.6752169270385,"standard_error":388.6333170537996},"slope":{"confidence_interval":{"confidence_level":0.95,"lower_bound":54058.72994649956,"upper_bound":56078.80299094544},"point_estimate":54980.85243460913,"standard_error":517.7957213107555},"std_dev":{"confidence_interval":{"confidence_level":0.95,"lower_bound":2799.8773804491852,"upper_bound":6912.442036040092},"point_estimate":4800.374859033688,"standard_error":1164.3554378957313}}