{"mean":{"confidence_interval":{"confidence_level":0.95,"lower_bound":53510.42449205148,"upper_bound":54241.16084650835},"point_estimate":53869.652331863836,"standard_error":186.02222383940844},"median":{"confidence_interval":{"confidence_level":0.95,"lower_bound":53176.95050465838,"upper_bound":54735.965992647056},"point_estimate":54109.76568817385,"standard_error":382.45639029992464},"median_abs_dev":{"confidence_interval":{"confidence_level":0.95,"lower_bound":1576.6664864725237,"upper_bound":2440.1326027051055},"point_estimate":2190.993413191948,"standard_error":214.09391157020363},"slope":{"confidence_interval":{"confidence_level":0.95,"lower_bound":54861.33819397437,"upper_bound":55291.39806394693},"point_estimate":55098.186535761786,"standard_error":109.7738618280553},"std_dev":{"confidence_interval":{"confidence_level":0.95,"lower_bound":1547.427183959736,"upper_bound":2259.405042399509},"point_estimate":1865.3582575990404,"standard_error":190.25218486196795}}