{"mean":{"confidence_interval":{"confidence_level":0.95,"lower_bound":572825.4041997934,"upper_bound":600372.4059723187},"point_estimate":586711.5788183932,"standard_error":7045.812404841507},"median":{"confidence_interval":{"confidence_level":0.95,"lower_bound":575910.5897253788,"upper_bound":609706.6767379679},"point_estimate":592917.8403954802,"standard_error":9201.822920266672},"median_abs_dev":{"confidence_interval":{"confidence_level":0.95,"lower_bound":49347.923885931275,"upper_bound":81982.70230542259},"point_estimate":66192.23873539493,"standard_error":8723.506582941855},"slope":{"confidence_interval":{"confidence_level":0.95,"lower_bound":594069.7611049246,"upper_bound":624621.6169434945},"point_estimate":609520.6431727501,"standard_error":7783.157749098412},"std_dev":{"confidence_interval":{"confidence_level":0.95,"lower_bound":60371.19687882438,"upper_bound":79699.92885566241},"point_estimate":70563.70339885108,"standard_error":4935.925156881653}}