{"mean":{"confidence_interval":{"confidence_level":0.95,"lower_bound":386773.0592270495,"upper_bound":413329.5413776142},"point_estimate":399556.02442166046,"standard_error":6763.845982408305},"median":{"confidence_interval":{"confidence_level":0.95,"lower_bound":372101.93987278873,"upper_bound":401918.2083333333},"point_estimate":393822.95152439026,"standard_error":8341.73651542727},"median_abs_dev":{"confidence_interval":{"confidence_level":0.95,"lower_bound":38698.63511741279,"upper_bound":61015.48822274919},"point_estimate":48792.15911124347,"standard_error":5670.61566562362},"slope":{"confidence_interval":{"confidence_level":0.95,"lower_bound":396049.87246904214,"upper_bound":416029.66992774676},"point_estimate":405119.69804640167,"standard_error":5095.211949289616},"std_dev":{"confidence_interval":{"confidence_level":0.95,"lower_bound":49454.27580765089,"upper_bound":85610.40141031676},"point_estimate":68137.05473190224,"standard_error":9294.497317318512}}