{"mean":{"confidence_interval":{"confidence_level":0.95,"lower_bound":908694.5881276928,"upper_bound":965645.7081529024},"point_estimate":935563.2232431407,"standard_error":14608.402157641387},"median":{"confidence_interval":{"confidence_level":0.95,"lower_bound":888288.6683927092,"upper_bound":917888.8461538461},"point_estimate":899353.9469086021,"standard_error":9022.307726873967},"median_abs_dev":{"confidence_interval":{"confidence_level":0.95,"lower_bound":58228.01695717623,"upper_bound":103177.83433340093},"point_estimate":76872.5169762236,"standard_error":12333.846033622089},"slope":{"confidence_interval":{"confidence_level":0.95,"lower_bound":888698.7768405122,"upper_bound":915582.8863599272},"point_estimate":901931.250645781,"standard_error":6864.317006329587},"std_dev":{"confidence_interval":{"confidence_level":0.95,"lower_bound":98181.22573350913,"upper_bound":189995.09473290242},"point_estimate":147001.26600866352,"standard_error":23524.544782695062}}