{"mean":{"confidence_interval":{"confidence_level":0.95,"lower_bound":15897.84991578642,"upper_bound":16237.708003000547},"point_estimate":16069.61802192601,"standard_error":86.33414420225122},"median":{"confidence_interval":{"confidence_level":0.95,"lower_bound":16005.964989453105,"upper_bound":16353.54940312213},"point_estimate":16187.737051928581,"standard_error":92.02749299688806},"median_abs_dev":{"confidence_interval":{"confidence_level":0.95,"lower_bound":660.6109238241521,"upper_bound":1191.6750297536605},"point_estimate":862.7099323391874,"standard_error":141.07669969249116},"slope":{"confidence_interval":{"confidence_level":0.95,"lower_bound":16611.68193249529,"upper_bound":16874.701090296494},"point_estimate":16751.260275579796,"standard_error":66.76227306431892},"std_dev":{"confidence_interval":{"confidence_level":0.95,"lower_bound":760.2724496494802,"upper_bound":959.5382127709353},"point_estimate":865.8921943167024,"standard_error":50.83287146749946}}