{"mean":{"confidence_interval":{"confidence_level":0.95,"lower_bound":14686.318127530474,"upper_bound":15117.696718293093},"point_estimate":14901.727355743402,"standard_error":110.23470822267394},"median":{"confidence_interval":{"confidence_level":0.95,"lower_bound":14667.954081632653,"upper_bound":15362.397743265188},"point_estimate":14809.041786283891,"standard_error":186.13652101267476},"median_abs_dev":{"confidence_interval":{"confidence_level":0.95,"lower_bound":983.748603082917,"upper_bound":1489.7208545911292},"point_estimate":1282.5558995628278,"standard_error":129.72429772126986},"slope":{"confidence_interval":{"confidence_level":0.95,"lower_bound":15390.997719200637,"upper_bound":15795.411621234794},"point_estimate":15601.042533471258,"standard_error":102.83374091218214},"std_dev":{"confidence_interval":{"confidence_level":0.95,"lower_bound":977.2651081663366,"upper_bound":1233.1615200843264},"point_estimate":1111.6910617084573,"standard_error":65.37329275104896}}