{"mean":{"confidence_interval":{"confidence_level":0.95,"lower_bound":206245853.47025,"upper_bound":207669604.416},"point_estimate":206935153.63,"standard_error":362968.09377799346},"median":{"confidence_interval":{"confidence_level":0.95,"lower_bound":205550796.88750005,"upper_bound":206998633.0},"point_estimate":206114062.0,"standard_error":360442.29076524486},"median_abs_dev":{"confidence_interval":{"confidence_level":0.95,"lower_bound":2110763.238371462,"upper_bound":3613345.212650299},"point_estimate":2495811.019590497,"standard_error":405472.06655896537},"slope":null,"std_dev":{"confidence_interval":{"confidence_level":0.95,"lower_bound":2953168.83146637,"upper_bound":4282987.418690314},"point_estimate":3638828.6565700276,"standard_error":339482.27050126495}}