{"mean":{"confidence_interval":{"confidence_level":0.95,"lower_bound":176328300.304,"upper_bound":176611566.83699998},"point_estimate":176466123.97,"standard_error":72272.33317326145},"median":{"confidence_interval":{"confidence_level":0.95,"lower_bound":176150042.0,"upper_bound":176480232.5},"point_estimate":176312887.0,"standard_error":87296.34951855388},"median_abs_dev":{"confidence_interval":{"confidence_level":0.95,"lower_bound":421545.01890107995,"upper_bound":754347.6079076529},"point_estimate":582846.3733524084,"standard_error":86233.28733277728},"slope":null,"std_dev":{"confidence_interval":{"confidence_level":0.95,"lower_bound":592177.2749483776,"upper_bound":845363.0941677948},"point_estimate":725841.7404439871,"standard_error":65049.53776285575}}