{"mean":{"confidence_interval":{"confidence_level":0.95,"lower_bound":198402276.95,"upper_bound":199023866.15275},"point_estimate":198714359.8,"standard_error":158616.3297775062},"median":{"confidence_interval":{"confidence_level":0.95,"lower_bound":198263854.0,"upper_bound":199111719.0},"point_estimate":198575327.0,"standard_error":217139.2494191424},"median_abs_dev":{"confidence_interval":{"confidence_level":0.95,"lower_bound":1201744.3889647722,"upper_bound":2046421.6241687536},"point_estimate":1521564.1835868359,"standard_error":223345.9656073377},"slope":null,"std_dev":{"confidence_interval":{"confidence_level":0.95,"lower_bound":1362420.3619658004,"upper_bound":1804346.8684486244},"point_estimate":1589742.1453516963,"standard_error":113212.23813105634}}