{"mean":{"confidence_interval":{"confidence_level":0.95,"lower_bound":203062468.175,"upper_bound":205615379.53925002},"point_estimate":204337943.58,"standard_error":652199.4446683362},"median":{"confidence_interval":{"confidence_level":0.95,"lower_bound":202918259.0,"upper_bound":206702002.0},"point_estimate":204582959.0,"standard_error":985894.8882733175},"median_abs_dev":{"confidence_interval":{"confidence_level":0.95,"lower_bound":5197100.017333031,"upper_bound":8495954.640966654},"point_estimate":6561255.079114437,"standard_error":853602.717553026},"slope":null,"std_dev":{"confidence_interval":{"confidence_level":0.95,"lower_bound":5662055.257957916,"upper_bound":7400576.339953082},"point_estimate":6564270.168978691,"standard_error":446751.97614853457}}