{"mean":{"confidence_interval":{"confidence_level":0.95,"lower_bound":182989065.53724998,"upper_bound":183428314.0285},"point_estimate":183204974.67,"standard_error":112350.95426618627},"median":{"confidence_interval":{"confidence_level":0.95,"lower_bound":182759012.0,"upper_bound":183340947.0},"point_estimate":183106396.5,"standard_error":139486.4641846537},"median_abs_dev":{"confidence_interval":{"confidence_level":0.95,"lower_bound":952188.7135952711,"upper_bound":1451764.1181260347},"point_estimate":1225150.194749236,"standard_error":121281.35785426301},"slope":null,"std_dev":{"confidence_interval":{"confidence_level":0.95,"lower_bound":944363.2900059762,"upper_bound":1339401.3764639702},"point_estimate":1130439.7138318447,"standard_error":103128.41902035821}}