{"mean":{"confidence_interval":{"confidence_level":0.95,"lower_bound":236891073.90399998,"upper_bound":238813493.34375},"point_estimate":237827155.81,"standard_error":490602.6236871165},"median":{"confidence_interval":{"confidence_level":0.95,"lower_bound":236279691.5,"upper_bound":238205565.0},"point_estimate":236977298.5,"standard_error":503791.80119728413},"median_abs_dev":{"confidence_interval":{"confidence_level":0.95,"lower_bound":3039684.231837318,"upper_bound":4966013.089835644},"point_estimate":3823938.9020115137,"standard_error":491780.847233931},"slope":null,"std_dev":{"confidence_interval":{"confidence_level":0.95,"lower_bound":4009962.2892388725,"upper_bound":5751565.3230169015},"point_estimate":4934636.214683098,"standard_error":444662.00375870214}}