{"mean":{"confidence_interval":{"confidence_level":0.95,"lower_bound":19330.782253196754,"upper_bound":20600.381769878495},"point_estimate":19913.100902437,"standard_error":324.6222569379908},"median":{"confidence_interval":{"confidence_level":0.95,"lower_bound":18732.883528265105,"upper_bound":19810.8423046252},"point_estimate":19330.180903852768,"standard_error":286.9419155304281},"median_abs_dev":{"confidence_interval":{"confidence_level":0.95,"lower_bound":1677.501020435526,"upper_bound":2747.424049952581},"point_estimate":2240.4579567976143,"standard_error":261.4852510036058},"slope":{"confidence_interval":{"confidence_level":0.95,"lower_bound":18588.974921101166,"upper_bound":19619.978498532913},"point_estimate":19106.36635229273,"standard_error":262.2917331071489},"std_dev":{"confidence_interval":{"confidence_level":0.95,"lower_bound":2039.2572461525403,"upper_bound":4577.846485775494},"point_estimate":3251.402175319793,"standard_error":719.464471923854}}