{"mean":{"confidence_interval":{"confidence_level":0.95,"lower_bound":24644.58557747991,"upper_bound":29941.028211556255},"point_estimate":26819.93697444646,"standard_error":1385.7951947087988},"median":{"confidence_interval":{"confidence_level":0.95,"lower_bound":22928.517408622305,"upper_bound":23960.67120075047},"point_estimate":23238.619464285715,"standard_error":271.6821944573392},"median_abs_dev":{"confidence_interval":{"confidence_level":0.95,"lower_bound":1008.9379906150457,"upper_bound":2233.489307791094},"point_estimate":1475.7794900240026,"standard_error":284.72970044081984},"slope":{"confidence_interval":{"confidence_level":0.95,"lower_bound":22726.275470041463,"upper_bound":23178.384238425864},"point_estimate":22931.94162871287,"standard_error":115.36252051855331},"std_dev":{"confidence_interval":{"confidence_level":0.95,"lower_bound":4245.750695686636,"upper_bound":22243.877981564263},"point_estimate":13894.03465797717,"standard_error":5314.070973146572}}