{"mean":{"confidence_interval":{"confidence_level":0.95,"lower_bound":20126.450558136592,"upper_bound":23094.267528177355},"point_estimate":21396.573859188196,"standard_error":767.7528776167237},"median":{"confidence_interval":{"confidence_level":0.95,"lower_bound":19264.01511391834,"upper_bound":19900.285455465586},"point_estimate":19514.45872541239,"standard_error":161.7930589691845},"median_abs_dev":{"confidence_interval":{"confidence_level":0.95,"lower_bound":878.2106788225653,"upper_bound":1593.6629391980357},"point_estimate":1150.384230084778,"standard_error":181.34022651597047},"slope":{"confidence_interval":{"confidence_level":0.95,"lower_bound":18823.297174089003,"upper_bound":19215.250597123268},"point_estimate":19012.482678041626,"standard_error":100.12076473157758},"std_dev":{"confidence_interval":{"confidence_level":0.95,"lower_bound":2741.153931130928,"upper_bound":11902.813003395464},"point_estimate":7700.8610316238055,"standard_error":2479.1927098039077}}