{"mean":{"confidence_interval":{"confidence_level":0.95,"lower_bound":7907.623524451563,"upper_bound":9045.38134448663},"point_estimate":8384.184823468999,"standard_error":293.93647719119963},"median":{"confidence_interval":{"confidence_level":0.95,"lower_bound":7500.942126179831,"upper_bound":7743.390207075065},"point_estimate":7606.470725413906,"standard_error":61.495426365002615},"median_abs_dev":{"confidence_interval":{"confidence_level":0.95,"lower_bound":238.84688175744407,"upper_bound":506.6235677001199},"point_estimate":365.4751835563125,"standard_error":68.39283466337959},"slope":{"confidence_interval":{"confidence_level":0.95,"lower_bound":7422.6983097037,"upper_bound":7488.999112234999},"point_estimate":7451.995346413526,"standard_error":16.96744070553536},"std_dev":{"confidence_interval":{"confidence_level":0.95,"lower_bound":989.8470750706949,"upper_bound":4641.359967366528},"point_estimate":2956.7876962232795,"standard_error":1028.1423531283372}}