{"mean":{"confidence_interval":{"confidence_level":0.95,"lower_bound":7913.1965334988345,"upper_bound":9014.344472462284},"point_estimate":8375.598043198104,"standard_error":285.6029715803524},"median":{"confidence_interval":{"confidence_level":0.95,"lower_bound":7535.167509522013,"upper_bound":7723.784448613717},"point_estimate":7623.505230352303,"standard_error":46.57886513606575},"median_abs_dev":{"confidence_interval":{"confidence_level":0.95,"lower_bound":184.79290829385334,"upper_bound":427.6169297931398},"point_estimate":291.2651484836158,"standard_error":58.720787605039746},"slope":{"confidence_interval":{"confidence_level":0.95,"lower_bound":7474.886193454886,"upper_bound":7535.146634501692},"point_estimate":7501.6466351170975,"standard_error":15.344759829335548},"std_dev":{"confidence_interval":{"confidence_level":0.95,"lower_bound":938.0307565593799,"upper_bound":4533.666351951616},"point_estimate":2877.7146153472863,"standard_error":1007.5331902496872}}