{"mean":{"confidence_interval":{"confidence_level":0.95,"lower_bound":12152.477494923794,"upper_bound":14236.511069608872},"point_estimate":13043.144981844853,"standard_error":541.3233340039452},"median":{"confidence_interval":{"confidence_level":0.95,"lower_bound":11360.021294708908,"upper_bound":11980.495157989912},"point_estimate":11634.645499642334,"standard_error":158.26867012953312},"median_abs_dev":{"confidence_interval":{"confidence_level":0.95,"lower_bound":598.589937580872,"upper_bound":1224.8197946273553},"point_estimate":910.4014915877975,"standard_error":161.45020505767823},"slope":{"confidence_interval":{"confidence_level":0.95,"lower_bound":11245.850423549547,"upper_bound":11491.028539183215},"point_estimate":11358.93615879744,"standard_error":62.48353439513201},"std_dev":{"confidence_interval":{"confidence_level":0.95,"lower_bound":1939.8383407895915,"upper_bound":8516.604164837718},"point_estimate":5450.8481933914545,"standard_error":1867.8025712142012}}