{"mean":{"confidence_interval":{"confidence_level":0.95,"lower_bound":9378.68364988975,"upper_bound":10844.745451690345},"point_estimate":9984.576053655539,"standard_error":380.0177573762092},"median":{"confidence_interval":{"confidence_level":0.95,"lower_bound":8944.459181286551,"upper_bound":9188.067380952381},"point_estimate":9058.852969790067,"standard_error":56.004281411559816},"median_abs_dev":{"confidence_interval":{"confidence_level":0.95,"lower_bound":353.4750980433826,"upper_bound":623.5699040921579},"point_estimate":482.4288043695407,"standard_error":73.18667542508699},"slope":{"confidence_interval":{"confidence_level":0.95,"lower_bound":8777.313662707524,"upper_bound":8881.774391939962},"point_estimate":8825.917304115912,"standard_error":26.4872599745856},"std_dev":{"confidence_interval":{"confidence_level":0.95,"lower_bound":1236.1160533360976,"upper_bound":6030.457538738546},"point_estimate":3801.745763744891,"standard_error":1380.9923223288054}}