{"mean":{"confidence_interval":{"confidence_level":0.95,"lower_bound":11604.670213258118,"upper_bound":13607.24090307281},"point_estimate":12430.94099510808,"standard_error":518.7046732944992},"median":{"confidence_interval":{"confidence_level":0.95,"lower_bound":11055.262591067469,"upper_bound":11326.429432812085},"point_estimate":11137.820439560439,"standard_error":66.59417702888082},"median_abs_dev":{"confidence_interval":{"confidence_level":0.95,"lower_bound":556.1768137428629,"upper_bound":898.065421070567},"point_estimate":684.6195342741456,"standard_error":87.13776057991872},"slope":{"confidence_interval":{"confidence_level":0.95,"lower_bound":10836.254321026216,"upper_bound":11042.098400774887},"point_estimate":10935.850684164365,"standard_error":52.417542840268084},"std_dev":{"confidence_interval":{"confidence_level":0.95,"lower_bound":1747.0606806820358,"upper_bound":8235.839598881139},"point_estimate":5191.788537029735,"standard_error":1861.0558466989417}}