{"mean":{"confidence_interval":{"confidence_level":0.95,"lower_bound":7961.156116399146,"upper_bound":9072.505192381475},"point_estimate":8432.318095919687,"standard_error":288.1688914948802},"median":{"confidence_interval":{"confidence_level":0.95,"lower_bound":7560.940521978022,"upper_bound":7809.472837260337},"point_estimate":7653.912964022375,"standard_error":56.41668276735796},"median_abs_dev":{"confidence_interval":{"confidence_level":0.95,"lower_bound":204.49589686947252,"upper_bound":489.6271566711776},"point_estimate":316.4096782628134,"standard_error":64.31395864863498},"slope":{"confidence_interval":{"confidence_level":0.95,"lower_bound":7505.64616329133,"upper_bound":7583.697996720817},"point_estimate":7540.14045780996,"standard_error":19.94472798900943},"std_dev":{"confidence_interval":{"confidence_level":0.95,"lower_bound":973.920509086028,"upper_bound":4565.244088975734},"point_estimate":2915.5947861149334,"standard_error":1010.0323347454515}}