{"mean":{"confidence_interval":{"confidence_level":0.95,"lower_bound":227934390.45675,"upper_bound":230031382.6755},"point_estimate":228944499.56,"standard_error":536605.9303416553},"median":{"confidence_interval":{"confidence_level":0.95,"lower_bound":227373580.0,"upper_bound":228670846.0},"point_estimate":228048661.5,"standard_error":292020.8766564556},"median_abs_dev":{"confidence_interval":{"confidence_level":0.95,"lower_bound":2594234.901443124,"upper_bound":4923053.272998333},"point_estimate":3615807.0699065924,"standard_error":607111.017252318},"slope":null,"std_dev":{"confidence_interval":{"confidence_level":0.95,"lower_bound":4134337.24347651,"upper_bound":6518847.604221832},"point_estimate":5380703.601891499,"standard_error":608589.9012880167}}