{"mean":{"confidence_interval":{"confidence_level":0.95,"lower_bound":189782049.97225,"upper_bound":193589233.94474998},"point_estimate":191588481.08,"standard_error":974331.0436469174},"median":{"confidence_interval":{"confidence_level":0.95,"lower_bound":187858717.5,"upper_bound":191515814.0},"point_estimate":189245439.5,"standard_error":830498.2655667855},"median_abs_dev":{"confidence_interval":{"confidence_level":0.95,"lower_bound":4947955.022156239,"upper_bound":8349475.246167183},"point_estimate":5885538.643410802,"standard_error":862397.0805439899},"slope":null,"std_dev":{"confidence_interval":{"confidence_level":0.95,"lower_bound":6798246.829027148,"upper_bound":12464110.429976117},"point_estimate":9799851.019524245,"standard_error":1450836.870496727}}