{"mean":{"confidence_interval":{"confidence_level":0.95,"lower_bound":200654503.15,"upper_bound":205929683.36574998},"point_estimate":203198948.6,"standard_error":1347983.4815352082},"median":{"confidence_interval":{"confidence_level":0.95,"lower_bound":197657102.0,"upper_bound":202912991.0},"point_estimate":200533250.0,"standard_error":1292460.7475861637},"median_abs_dev":{"confidence_interval":{"confidence_level":0.95,"lower_bound":7588868.101170659,"upper_bound":12724635.922792554},"point_estimate":9090723.342007399,"standard_error":1300262.7205864142},"slope":null,"std_dev":{"confidence_interval":{"confidence_level":0.95,"lower_bound":10852146.287002562,"upper_bound":15682176.379457973},"point_estimate":13497146.263757227,"standard_error":1233399.2247877405}}