{"mean":{"confidence_interval":{"confidence_level":0.95,"lower_bound":198498065.63750002,"upper_bound":198891143.36824998},"point_estimate":198686587.81,"standard_error":100014.78100081121},"median":{"confidence_interval":{"confidence_level":0.95,"lower_bound":198367103.0,"upper_bound":198783415.0},"point_estimate":198538753.5,"standard_error":98758.02654482765},"median_abs_dev":{"confidence_interval":{"confidence_level":0.95,"lower_bound":599374.8055739701,"upper_bound":937416.8287575245},"point_estimate":747334.1687321663,"standard_error":85144.07757255317},"slope":null,"std_dev":{"confidence_interval":{"confidence_level":0.95,"lower_bound":748782.5965975599,"upper_bound":1274446.066596276},"point_estimate":1008308.6952720317,"standard_error":136569.05931101262}}