{"mean":{"confidence_interval":{"confidence_level":0.95,"lower_bound":307733.86750134797,"upper_bound":317033.23811010853},"point_estimate":312139.47940332635,"standard_error":2375.726782143109},"median":{"confidence_interval":{"confidence_level":0.95,"lower_bound":305117.79545454547,"upper_bound":310761.9029411765},"point_estimate":307966.065,"standard_error":1367.473868765368},"median_abs_dev":{"confidence_interval":{"confidence_level":0.95,"lower_bound":11291.838208801964,"upper_bound":18987.360794541928},"point_estimate":15246.563678201524,"standard_error":1992.9765065028494},"slope":{"confidence_interval":{"confidence_level":0.95,"lower_bound":307273.4212354358,"upper_bound":313756.74819989025},"point_estimate":310501.35476725287,"standard_error":1657.4256675174313},"std_dev":{"confidence_interval":{"confidence_level":0.95,"lower_bound":16830.219005431703,"upper_bound":30079.064258717146},"point_estimate":23823.477551782802,"standard_error":3394.4229165020756}}