{"mean":{"confidence_interval":{"confidence_level":0.95,"lower_bound":249227.15424147953,"upper_bound":255676.400208004},"point_estimate":252387.6609165611,"standard_error":1638.53216520955},"median":{"confidence_interval":{"confidence_level":0.95,"lower_bound":247101.50862068965,"upper_bound":255761.87463450292},"point_estimate":253157.4529772553,"standard_error":2561.39675947384},"median_abs_dev":{"confidence_interval":{"confidence_level":0.95,"lower_bound":11746.985725924707,"upper_bound":19461.837309907027},"point_estimate":16696.588832918165,"standard_error":2012.250788093946},"slope":{"confidence_interval":{"confidence_level":0.95,"lower_bound":253719.90359069678,"upper_bound":260816.32332142396},"point_estimate":257221.214428107,"standard_error":1812.509024692151},"std_dev":{"confidence_interval":{"confidence_level":0.95,"lower_bound":13476.443036116421,"upper_bound":19308.948054248835},"point_estimate":16477.88480399255,"standard_error":1489.1086342612357}}