{"mean":{"confidence_interval":{"confidence_level":0.95,"lower_bound":257630.7567712155,"upper_bound":263700.7325407618},"point_estimate":260327.88222419948,"standard_error":1552.6112235181338},"median":{"confidence_interval":{"confidence_level":0.95,"lower_bound":258966.51666666666,"upper_bound":263102.7233870968},"point_estimate":261594.59229066025,"standard_error":1069.6529561884608},"median_abs_dev":{"confidence_interval":{"confidence_level":0.95,"lower_bound":3111.7791272169834,"upper_bound":8356.287268665297},"point_estimate":5085.542789970305,"standard_error":1428.7216400212014},"slope":{"confidence_interval":{"confidence_level":0.95,"lower_bound":262128.38521012495,"upper_bound":263362.84759050014},"point_estimate":262807.35244717007,"standard_error":315.36845404056095},"std_dev":{"confidence_interval":{"confidence_level":0.95,"lower_bound":7310.928759228092,"upper_bound":23372.15222616782},"point_estimate":15594.287844539185,"standard_error":4358.535432575181}}