{"mean":{"confidence_interval":{"confidence_level":0.95,"lower_bound":299565.3968961505,"upper_bound":306995.9769866215},"point_estimate":302980.1668022829,"standard_error":1904.740741674692},"median":{"confidence_interval":{"confidence_level":0.95,"lower_bound":300935.4389423077,"upper_bound":305591.8025591738},"point_estimate":303958.2411170213,"standard_error":1228.3161822969967},"median_abs_dev":{"confidence_interval":{"confidence_level":0.95,"lower_bound":6037.875746559418,"upper_bound":13959.159271562636},"point_estimate":11772.055479577473,"standard_error":1958.598696768707},"slope":{"confidence_interval":{"confidence_level":0.95,"lower_bound":304536.67961297237,"upper_bound":307159.3147698924},"point_estimate":305869.0240180287,"standard_error":670.5795999617839},"std_dev":{"confidence_interval":{"confidence_level":0.95,"lower_bound":10867.016482478355,"upper_bound":26183.544308184722},"point_estimate":19112.149820268445,"standard_error":3915.3661342150735}}