{"mean":{"confidence_interval":{"confidence_level":0.95,"lower_bound":241193.40501592762,"upper_bound":245588.8648390813},"point_estimate":243203.47921357892,"standard_error":1117.8529561747214},"median":{"confidence_interval":{"confidence_level":0.95,"lower_bound":242242.07448979592,"upper_bound":244487.39343629344},"point_estimate":243347.7744736842,"standard_error":644.0092553649991},"median_abs_dev":{"confidence_interval":{"confidence_level":0.95,"lower_bound":3373.201588211604,"upper_bound":6797.883259313456},"point_estimate":4876.877334708434,"standard_error":898.4850439507337},"slope":{"confidence_interval":{"confidence_level":0.95,"lower_bound":243842.6044320616,"upper_bound":245317.62168508567},"point_estimate":244560.92862125018,"standard_error":377.0023927243703},"std_dev":{"confidence_interval":{"confidence_level":0.95,"lower_bound":6100.552732194489,"upper_bound":15916.504608182191},"point_estimate":11233.743921958594,"standard_error":2607.4458353480177}}