{"mean":{"confidence_interval":{"confidence_level":0.95,"lower_bound":211298.79087135554,"upper_bound":217220.69959117268},"point_estimate":214118.08664167664,"standard_error":1505.7645109903392},"median":{"confidence_interval":{"confidence_level":0.95,"lower_bound":208679.20388888888,"upper_bound":214968.57254901962},"point_estimate":212512.36213748658,"standard_error":1468.3190749521198},"median_abs_dev":{"confidence_interval":{"confidence_level":0.95,"lower_bound":7635.612894961031,"upper_bound":12914.405018925892},"point_estimate":9695.840728142191,"standard_error":1351.7825973745257},"slope":{"confidence_interval":{"confidence_level":0.95,"lower_bound":214236.19156062786,"upper_bound":218617.14032772588},"point_estimate":216352.45310831978,"standard_error":1116.4876960090496},"std_dev":{"confidence_interval":{"confidence_level":0.95,"lower_bound":10338.533722132435,"upper_bound":19635.09170268647},"point_estimate":15120.855889358823,"standard_error":2417.817547609078}}