{"mean":{"confidence_interval":{"confidence_level":0.95,"lower_bound":256919.03337492733,"upper_bound":261854.5089493563},"point_estimate":259132.533502222,"standard_error":1265.1855620595657},"median":{"confidence_interval":{"confidence_level":0.95,"lower_bound":257426.36014030612,"upper_bound":259994.76764705882},"point_estimate":258799.80659323116,"standard_error":629.5163185105366},"median_abs_dev":{"confidence_interval":{"confidence_level":0.95,"lower_bound":3760.448278236625,"upper_bound":6802.036004145285},"point_estimate":5227.105948524305,"standard_error":750.6441322744206},"slope":{"confidence_interval":{"confidence_level":0.95,"lower_bound":259145.2184311703,"upper_bound":260600.9905789413},"point_estimate":259909.41652874244,"standard_error":371.028046089997},"std_dev":{"confidence_interval":{"confidence_level":0.95,"lower_bound":5898.779641418421,"upper_bound":18392.431491236002},"point_estimate":12748.017249577477,"standard_error":3202.399993057895}}