{"mean":{"confidence_interval":{"confidence_level":0.95,"lower_bound":242188.37207397068,"upper_bound":246487.92193652043},"point_estimate":244152.7635872493,"standard_error":1099.4946752554335},"median":{"confidence_interval":{"confidence_level":0.95,"lower_bound":243764.36326530614,"upper_bound":246038.9065148305},"point_estimate":245185.39351778658,"standard_error":552.694156736413},"median_abs_dev":{"confidence_interval":{"confidence_level":0.95,"lower_bound":3044.520616992894,"upper_bound":6092.162986307104},"point_estimate":4359.281275854058,"standard_error":720.5264507693269},"slope":{"confidence_interval":{"confidence_level":0.95,"lower_bound":245430.18553284238,"upper_bound":246824.90548478675},"point_estimate":246137.55457425743,"standard_error":354.81785906044394},"std_dev":{"confidence_interval":{"confidence_level":0.95,"lower_bound":6171.5389723202325,"upper_bound":15681.671782925512},"point_estimate":11009.700876564733,"standard_error":2536.806822273652}}