{"mean":{"confidence_interval":{"confidence_level":0.95,"lower_bound":89200567.1895,"upper_bound":90313907.02075},"point_estimate":89680472.23,"standard_error":286985.4245280216},"median":{"confidence_interval":{"confidence_level":0.95,"lower_bound":88766524.0,"upper_bound":89611170.0},"point_estimate":89073591.0,"standard_error":177729.7009181333},"median_abs_dev":{"confidence_interval":{"confidence_level":0.95,"lower_bound":1118016.6125587383,"upper_bound":1801753.339612484},"point_estimate":1471189.1429811716,"standard_error":171174.03947297772},"slope":null,"std_dev":{"confidence_interval":{"confidence_level":0.95,"lower_bound":1383467.6721731005,"upper_bound":4400945.456413179},"point_estimate":2887199.0994817903,"standard_error":891331.0227102322}}