{"mean":{"confidence_interval":{"confidence_level":0.95,"lower_bound":9311.393483089989,"upper_bound":10694.803931595547},"point_estimate":9895.257436716449,"standard_error":358.1541331965224},"median":{"confidence_interval":{"confidence_level":0.95,"lower_bound":8831.62226630493,"upper_bound":9274.9063875906},"point_estimate":8964.040900140648,"standard_error":100.48966651483687},"median_abs_dev":{"confidence_interval":{"confidence_level":0.95,"lower_bound":468.0422630855666,"upper_bound":911.9731971695633},"point_estimate":646.9194540439274,"standard_error":104.66847565408288},"slope":{"confidence_interval":{"confidence_level":0.95,"lower_bound":8660.584707162612,"upper_bound":8774.434805257655},"point_estimate":8711.44685928209,"standard_error":29.046891815248586},"std_dev":{"confidence_interval":{"confidence_level":0.95,"lower_bound":1221.8169114761333,"upper_bound":5691.315406076913},"point_estimate":3614.2403372881126,"standard_error":1269.9499840082433}}