{"mean":{"confidence_interval":{"confidence_level":0.95,"lower_bound":7849.256934571462,"upper_bound":8976.82813280097},"point_estimate":8320.843976333597,"standard_error":292.815228654607},"median":{"confidence_interval":{"confidence_level":0.95,"lower_bound":7452.5299731182795,"upper_bound":7689.017654751526},"point_estimate":7544.597228212753,"standard_error":55.10910151208563},"median_abs_dev":{"confidence_interval":{"confidence_level":0.95,"lower_bound":192.69748101603255,"upper_bound":493.8129613323232},"point_estimate":303.7446960185844,"standard_error":71.06366901291946},"slope":{"confidence_interval":{"confidence_level":0.95,"lower_bound":7397.865937991618,"upper_bound":7459.821515078544},"point_estimate":7424.721102647097,"standard_error":15.899122439759486},"std_dev":{"confidence_interval":{"confidence_level":0.95,"lower_bound":919.3332012552548,"upper_bound":4664.861201751992},"point_estimate":2944.916759010307,"standard_error":1060.4524034213675}}