{"mean":{"confidence_interval":{"confidence_level":0.95,"lower_bound":9473.992029476722,"upper_bound":10981.817999726542},"point_estimate":10099.110944055832,"standard_error":391.0925081720223},"median":{"confidence_interval":{"confidence_level":0.95,"lower_bound":8956.672867892976,"upper_bound":9240.530183485214},"point_estimate":9054.087078487693,"standard_error":73.58389074555905},"median_abs_dev":{"confidence_interval":{"confidence_level":0.95,"lower_bound":291.26018646443737,"upper_bound":630.8183866718118},"point_estimate":421.25240103737116,"standard_error":87.7183128421316},"slope":{"confidence_interval":{"confidence_level":0.95,"lower_bound":8841.765064904772,"upper_bound":8935.341239913172},"point_estimate":8884.571502682702,"standard_error":23.80718582784067},"std_dev":{"confidence_interval":{"confidence_level":0.95,"lower_bound":1279.8331230463573,"upper_bound":6193.340024282009},"point_estimate":3921.0607538139393,"standard_error":1388.6947119587142}}