{"mean":{"confidence_interval":{"confidence_level":0.95,"lower_bound":10925.494031987624,"upper_bound":12388.506746024794},"point_estimate":11535.958974328232,"standard_error":378.95328012458566},"median":{"confidence_interval":{"confidence_level":0.95,"lower_bound":10405.451286764706,"upper_bound":10749.26439628483},"point_estimate":10524.12548160691,"standard_error":84.55850042398642},"median_abs_dev":{"confidence_interval":{"confidence_level":0.95,"lower_bound":338.1646733575912,"upper_bound":734.6031239351656},"point_estimate":491.1169611176202,"standard_error":93.80290699346456},"slope":{"confidence_interval":{"confidence_level":0.95,"lower_bound":10307.600672589379,"upper_bound":10410.339054354694},"point_estimate":10354.05991145032,"standard_error":26.302154926568218},"std_dev":{"confidence_interval":{"confidence_level":0.95,"lower_bound":1275.6600396168,"upper_bound":5975.387861437028},"point_estimate":3792.9868381834144,"standard_error":1322.6776805692461}}