{"mean":{"confidence_interval":{"confidence_level":0.95,"lower_bound":82879.61050871991,"upper_bound":106244.11404301872},"point_estimate":92576.90404939937,"standard_error":6072.429742344233},"median":{"confidence_interval":{"confidence_level":0.95,"lower_bound":75397.69146238377,"upper_bound":78944.73426573427},"point_estimate":76905.33942821884,"standard_error":837.789146768299},"median_abs_dev":{"confidence_interval":{"confidence_level":0.95,"lower_bound":3605.708237374272,"upper_bound":7887.269921888501},"point_estimate":5543.400994950507,"standard_error":1062.1833947562332},"slope":{"confidence_interval":{"confidence_level":0.95,"lower_bound":74291.1519776065,"upper_bound":75832.6630610885},"point_estimate":74992.27294722124,"standard_error":393.40431187273646},"std_dev":{"confidence_interval":{"confidence_level":0.95,"lower_bound":19363.30234649807,"upper_bound":97048.85741271586},"point_estimate":61103.48998149664,"standard_error":22339.259051505793}}