{"mean":{"confidence_interval":{"confidence_level":0.95,"lower_bound":44333.82137787928,"upper_bound":53561.30036302216},"point_estimate":48212.23080278146,"standard_error":2394.1720255170994},"median":{"confidence_interval":{"confidence_level":0.95,"lower_bound":41037.80492052361,"upper_bound":43309.75972540046},"point_estimate":41847.35166666667,"standard_error":493.37021181663863},"median_abs_dev":{"confidence_interval":{"confidence_level":0.95,"lower_bound":1605.8742836724143,"upper_bound":4155.345859929215},"point_estimate":2693.8685700918963,"standard_error":609.8095745006601},"slope":{"confidence_interval":{"confidence_level":0.95,"lower_bound":40580.134889338704,"upper_bound":41024.625982387515},"point_estimate":40772.54902255832,"standard_error":113.83855640136049},"std_dev":{"confidence_interval":{"confidence_level":0.95,"lower_bound":7746.486290652899,"upper_bound":38173.1350300846},"point_estimate":24207.16204126011,"standard_error":8625.79826243557}}