{"mean":{"confidence_interval":{"confidence_level":0.95,"lower_bound":50773.23467546332,"upper_bound":61729.84828140487},"point_estimate":55336.819997359366,"standard_error":2856.6586551652395},"median":{"confidence_interval":{"confidence_level":0.95,"lower_bound":47310.406041426926,"upper_bound":49624.74444444444},"point_estimate":48353.84792564655,"standard_error":563.0884499264573},"median_abs_dev":{"confidence_interval":{"confidence_level":0.95,"lower_bound":2717.379111048535,"upper_bound":4905.398654592393},"point_estimate":3681.4744037485043,"standard_error":583.0340994853934},"slope":{"confidence_interval":{"confidence_level":0.95,"lower_bound":46364.56861798862,"upper_bound":47459.95784540089},"point_estimate":46868.31028771982,"standard_error":279.36881831244733},"std_dev":{"confidence_interval":{"confidence_level":0.95,"lower_bound":9294.955307080932,"upper_bound":45655.65503501283},"point_estimate":28765.82752944367,"standard_error":10534.580146372597}}