{"mean":{"confidence_interval":{"confidence_level":0.95,"lower_bound":44109.76557761571,"upper_bound":52669.40711424064},"point_estimate":47672.276392393054,"standard_error":2229.839562263673},"median":{"confidence_interval":{"confidence_level":0.95,"lower_bound":41211.38155922039,"upper_bound":42684.907322654464},"point_estimate":41735.85797272354,"standard_error":408.2728631513048},"median_abs_dev":{"confidence_interval":{"confidence_level":0.95,"lower_bound":1497.9351004049433,"upper_bound":3392.287093220716},"point_estimate":2192.242683629555,"standard_error":502.96301606721926},"slope":{"confidence_interval":{"confidence_level":0.95,"lower_bound":40704.77965914102,"upper_bound":41129.34034564066},"point_estimate":40890.646333678145,"standard_error":108.00828124743349},"std_dev":{"confidence_interval":{"confidence_level":0.95,"lower_bound":7013.34035490382,"upper_bound":35650.432161723635},"point_estimate":22459.74487690478,"standard_error":8167.075390247843}}