{"mean":{"confidence_interval":{"confidence_level":0.95,"lower_bound":95662.45389107641,"upper_bound":121600.18140113265},"point_estimate":106286.21468909917,"standard_error":6709.05963708625},"median":{"confidence_interval":{"confidence_level":0.95,"lower_bound":88339.92603550295,"upper_bound":93495.40956340956},"point_estimate":89983.4876972968,"standard_error":1115.6347687006273},"median_abs_dev":{"confidence_interval":{"confidence_level":0.95,"lower_bound":6933.076516940072,"upper_bound":12624.822832336475},"point_estimate":9388.811382226932,"standard_error":1431.776745970847},"slope":{"confidence_interval":{"confidence_level":0.95,"lower_bound":85374.50512809737,"upper_bound":87533.08604586514},"point_estimate":86402.28800309193,"standard_error":552.1666896947268},"std_dev":{"confidence_interval":{"confidence_level":0.95,"lower_bound":20848.46625001953,"upper_bound":107537.60631551627},"point_estimate":67289.51728607352,"standard_error":25087.051476647426}}