{"mean":{"confidence_interval":{"confidence_level":0.95,"lower_bound":59207.790908527364,"upper_bound":72298.77482015503},"point_estimate":64662.243486528976,"standard_error":3408.1641318128463},"median":{"confidence_interval":{"confidence_level":0.95,"lower_bound":54925.08371212121,"upper_bound":57188.90858323133},"point_estimate":55596.82575414781,"standard_error":573.6474467766511},"median_abs_dev":{"confidence_interval":{"confidence_level":0.95,"lower_bound":2142.889856186864,"upper_bound":4883.145110719233},"point_estimate":3157.220798299977,"standard_error":679.6327505621014},"slope":{"confidence_interval":{"confidence_level":0.95,"lower_bound":54200.769628233735,"upper_bound":54818.20927883977},"point_estimate":54477.49726067681,"standard_error":157.52203816093365},"std_dev":{"confidence_interval":{"confidence_level":0.95,"lower_bound":10533.878841600586,"upper_bound":54497.32745186102},"point_estimate":34262.827987767625,"standard_error":12441.88184593036}}