{"mean":{"confidence_interval":{"confidence_level":0.95,"lower_bound":49299.19758987121,"upper_bound":60227.59860665507},"point_estimate":53824.84201500582,"standard_error":2845.5184670698786},"median":{"confidence_interval":{"confidence_level":0.95,"lower_bound":45825.43686611008,"upper_bound":47550.60927960928},"point_estimate":46366.638805207614,"standard_error":496.329010414632},"median_abs_dev":{"confidence_interval":{"confidence_level":0.95,"lower_bound":1968.3857869670003,"upper_bound":4151.148909957581},"point_estimate":2734.85260303396,"standard_error":617.1905000249885},"slope":{"confidence_interval":{"confidence_level":0.95,"lower_bound":45119.67964247203,"upper_bound":45638.58679712798},"point_estimate":45344.6359019612,"standard_error":132.33641341200965},"std_dev":{"confidence_interval":{"confidence_level":0.95,"lower_bound":8630.182436081908,"upper_bound":45369.515558014435},"point_estimate":28473.752090268135,"standard_error":10449.775890234887}}