{"mean":{"confidence_interval":{"confidence_level":0.95,"lower_bound":29999.687373673733,"upper_bound":31300.40764253578},"point_estimate":30560.380925743677,"standard_error":336.37369510244645},"median":{"confidence_interval":{"confidence_level":0.95,"lower_bound":29584.276457174637,"upper_bound":29926.541035353534},"point_estimate":29773.606980485416,"standard_error":82.11023623993594},"median_abs_dev":{"confidence_interval":{"confidence_level":0.95,"lower_bound":531.7260544828335,"upper_bound":1194.507987289429},"point_estimate":843.1988997062979,"standard_error":170.44446636296868},"slope":{"confidence_interval":{"confidence_level":0.95,"lower_bound":29357.20821609673,"upper_bound":29793.135331462247},"point_estimate":29569.452764582686,"standard_error":110.98332751524218},"std_dev":{"confidence_interval":{"confidence_level":0.95,"lower_bound":1376.0865087733791,"upper_bound":5206.783141035554},"point_estimate":3385.9733737553756,"standard_error":1074.8238187120635}}