{"mean":{"confidence_interval":{"confidence_level":0.95,"lower_bound":18192.515704801113,"upper_bound":18934.22468545555},"point_estimate":18499.210869735063,"standard_error":192.84349901994548},"median":{"confidence_interval":{"confidence_level":0.95,"lower_bound":17957.24873737374,"upper_bound":18056.813164629297},"point_estimate":18013.649364657213,"standard_error":29.143744887279794},"median_abs_dev":{"confidence_interval":{"confidence_level":0.95,"lower_bound":130.8062270408545,"upper_bound":269.9496031855736},"point_estimate":197.65086712469795,"standard_error":36.6013521472067},"slope":{"confidence_interval":{"confidence_level":0.95,"lower_bound":17905.45336948012,"upper_bound":17942.63685614727},"point_estimate":17922.046718388257,"standard_error":9.524435954672935},"std_dev":{"confidence_interval":{"confidence_level":0.95,"lower_bound":593.682231496307,"upper_bound":3090.2822985343096},"point_estimate":1942.1830510075847,"standard_error":719.2811433571493}}