{"mean":{"confidence_interval":{"confidence_level":0.95,"lower_bound":18468.035953653252,"upper_bound":19217.417085292032},"point_estimate":18778.306927099038,"standard_error":194.44223794047284},"median":{"confidence_interval":{"confidence_level":0.95,"lower_bound":18224.413654911106,"upper_bound":18372.798404255318},"point_estimate":18296.556974627376,"standard_error":44.89658625949982},"median_abs_dev":{"confidence_interval":{"confidence_level":0.95,"lower_bound":158.87705932053592,"upper_bound":315.9320348419469},"point_estimate":224.72160955476335,"standard_error":43.90953537248656},"slope":{"confidence_interval":{"confidence_level":0.95,"lower_bound":18173.39488944523,"upper_bound":18217.14661615638},"point_estimate":18193.328914664093,"standard_error":11.150164126407454},"std_dev":{"confidence_interval":{"confidence_level":0.95,"lower_bound":602.9061550169004,"upper_bound":3103.3332765614696},"point_estimate":1943.1137715464467,"standard_error":716.2558333892447}}