{"mean":{"confidence_interval":{"confidence_level":0.95,"lower_bound":26817.672701413285,"upper_bound":27892.548098315463},"point_estimate":27292.049099426145,"standard_error":275.2863163879022},"median":{"confidence_interval":{"confidence_level":0.95,"lower_bound":26351.859577922078,"upper_bound":26992.314732142855},"point_estimate":26785.831308931378,"standard_error":158.19055986260065},"median_abs_dev":{"confidence_interval":{"confidence_level":0.95,"lower_bound":1082.2769253897409,"upper_bound":1902.2116096487641},"point_estimate":1417.07996388098,"standard_error":206.9722186358966},"slope":{"confidence_interval":{"confidence_level":0.95,"lower_bound":26391.87632628173,"upper_bound":27032.796096953425},"point_estimate":26690.66291552756,"standard_error":163.51917436432353},"std_dev":{"confidence_interval":{"confidence_level":0.95,"lower_bound":1423.8064128895141,"upper_bound":4121.165215391642},"point_estimate":2758.103261386516,"standard_error":781.565628870859}}