{"mean":{"confidence_interval":{"confidence_level":0.95,"lower_bound":46579813.97475,"upper_bound":46869060.137},"point_estimate":46703317.3,"standard_error":74515.46427738086},"median":{"confidence_interval":{"confidence_level":0.95,"lower_bound":46499667.0,"upper_bound":46650270.5},"point_estimate":46561391.5,"standard_error":39335.30899515883},"median_abs_dev":{"confidence_interval":{"confidence_level":0.95,"lower_bound":206381.62283599377,"upper_bound":319871.09258115286},"point_estimate":266906.54286146164,"standard_error":29652.628003793176},"slope":null,"std_dev":{"confidence_interval":{"confidence_level":0.95,"lower_bound":241441.90437900627,"upper_bound":1134625.1956119663},"point_estimate":748333.4478267513,"standard_error":235907.48263428535}}