{"mean":{"confidence_interval":{"confidence_level":0.95,"lower_bound":37962769.38375,"upper_bound":38059258.84975},"point_estimate":38011112.34,"standard_error":24626.097310617388},"median":{"confidence_interval":{"confidence_level":0.95,"lower_bound":37960943.0,"upper_bound":38079380.5},"point_estimate":38033594.0,"standard_error":32345.613745983956},"median_abs_dev":{"confidence_interval":{"confidence_level":0.95,"lower_bound":189181.20217636228,"upper_bound":286442.7627146244},"point_estimate":235715.6046152115,"standard_error":24666.957273140084},"slope":null,"std_dev":{"confidence_interval":{"confidence_level":0.95,"lower_bound":208919.83194245968,"upper_bound":282486.6307044799},"point_estimate":247052.94646356205,"standard_error":18817.477562895037}}