{"mean":{"confidence_interval":{"confidence_level":0.95,"lower_bound":36977093.17125,"upper_bound":37131569.822500005},"point_estimate":37042461.21,"standard_error":39899.54983033917},"median":{"confidence_interval":{"confidence_level":0.95,"lower_bound":36980206.5,"upper_bound":37047232.0},"point_estimate":37014507.0,"standard_error":16783.215146116003},"median_abs_dev":{"confidence_interval":{"confidence_level":0.95,"lower_bound":121055.77045083046,"upper_bound":218909.59261357784},"point_estimate":162753.89471054077,"standard_error":25763.244382570294},"slope":null,"std_dev":{"confidence_interval":{"confidence_level":0.95,"lower_bound":182235.17511324966,"upper_bound":632893.036224678},"point_estimate":402497.4350026131,"standard_error":144943.82806580904}}