{"mean":{"confidence_interval":{"confidence_level":0.95,"lower_bound":112837654.93175,"upper_bound":112998958.7885},"point_estimate":112918612.8,"standard_error":41031.14004154199},"median":{"confidence_interval":{"confidence_level":0.95,"lower_bound":112820858.5,"upper_bound":112978367.0},"point_estimate":112913116.5,"standard_error":35414.15792645772},"median_abs_dev":{"confidence_interval":{"confidence_level":0.95,"lower_bound":232612.5228703022,"upper_bound":477349.7483253479},"point_estimate":374297.9306548834,"standard_error":63832.00637780299},"slope":null,"std_dev":{"confidence_interval":{"confidence_level":0.95,"lower_bound":352029.2097606061,"upper_bound":465239.17824537837},"point_estimate":411943.3330742755,"standard_error":29033.021456376242}}