{"mean":{"confidence_interval":{"confidence_level":0.95,"lower_bound":701397.1746546918,"upper_bound":859291.7577470797},"point_estimate":760676.3083776023,"standard_error":43342.240476046616},"median":{"confidence_interval":{"confidence_level":0.95,"lower_bound":691852.3008239856,"upper_bound":734684.7166666667},"point_estimate":715719.8523827252,"standard_error":11743.161751904994},"median_abs_dev":{"confidence_interval":{"confidence_level":0.95,"lower_bound":58381.62845037238,"upper_bound":121622.36478678156},"point_estimate":93546.24076267504,"standard_error":16685.732941508893},"slope":{"confidence_interval":{"confidence_level":0.95,"lower_bound":712925.6777880737,"upper_bound":1035471.5257855324},"point_estimate":818068.6493157973,"standard_error":94204.0218211824},"std_dev":{"confidence_interval":{"confidence_level":0.95,"lower_bound":85605.61430378577,"upper_bound":726992.2464271908},"point_estimate":433666.5040361165,"standard_error":214562.33952330725}}