{"mean":{"confidence_interval":{"confidence_level":0.95,"lower_bound":804653.5992753283,"upper_bound":893992.643646184},"point_estimate":846472.5511154208,"standard_error":22854.244037637065},"median":{"confidence_interval":{"confidence_level":0.95,"lower_bound":749331.3333333334,"upper_bound":784969.3759191176},"point_estimate":763872.0151515151,"standard_error":9236.619036927616},"median_abs_dev":{"confidence_interval":{"confidence_level":0.95,"lower_bound":51067.02205718304,"upper_bound":94745.59027985873},"point_estimate":68141.30271221975,"standard_error":11021.38178740166},"slope":{"confidence_interval":{"confidence_level":0.95,"lower_bound":858440.2508073996,"upper_bound":1003426.6929556018},"point_estimate":932755.76072558,"standard_error":37136.93583321017},"std_dev":{"confidence_interval":{"confidence_level":0.95,"lower_bound":158778.18929962226,"upper_bound":304163.2084076736},"point_estimate":230232.78804987975,"standard_error":38165.125421375466}}