{"mean":{"confidence_interval":{"confidence_level":0.95,"lower_bound":1594645.119603682,"upper_bound":1658990.0781741955},"point_estimate":1626044.723439995,"standard_error":16384.713684205566},"median":{"confidence_interval":{"confidence_level":0.95,"lower_bound":1610295.8428342491,"upper_bound":1669529.914893617},"point_estimate":1639070.6189655173,"standard_error":13388.909127000721},"median_abs_dev":{"confidence_interval":{"confidence_level":0.95,"lower_bound":95649.21137538693,"upper_bound":158078.6867924004},"point_estimate":133232.70656637088,"standard_error":15296.549777479218},"slope":{"confidence_interval":{"confidence_level":0.95,"lower_bound":1651755.42449482,"upper_bound":1705243.8587126955},"point_estimate":1678365.7158120289,"standard_error":13565.670045215847},"std_dev":{"confidence_interval":{"confidence_level":0.95,"lower_bound":129609.31035256555,"upper_bound":205243.95496735227},"point_estimate":165801.4881868014,"standard_error":19785.74290532083}}