{"mean":{"confidence_interval":{"confidence_level":0.95,"lower_bound":771080.1124647654,"upper_bound":799714.3572929759},"point_estimate":784708.2243581909,"standard_error":7319.08248330353},"median":{"confidence_interval":{"confidence_level":0.95,"lower_bound":758825.8653846154,"upper_bound":789157.1272172949},"point_estimate":778243.702283105,"standard_error":7385.798928611081},"median_abs_dev":{"confidence_interval":{"confidence_level":0.95,"lower_bound":40084.696284111815,"upper_bound":64290.71023083385},"point_estimate":52185.81129094809,"standard_error":6123.393844434416},"slope":{"confidence_interval":{"confidence_level":0.95,"lower_bound":757789.7167994371,"upper_bound":781148.586069259},"point_estimate":769025.5408009457,"standard_error":5943.008943666991},"std_dev":{"confidence_interval":{"confidence_level":0.95,"lower_bound":52971.52975418591,"upper_bound":91831.01454622351},"point_estimate":73488.44328513459,"standard_error":9979.966604549345}}