{"mean":{"confidence_interval":{"confidence_level":0.95,"lower_bound":82875.80787783678,"upper_bound":102124.00640392039},"point_estimate":90913.81859923701,"standard_error":5019.698830950402},"median":{"confidence_interval":{"confidence_level":0.95,"lower_bound":77722.91694352159,"upper_bound":81311.07892857143},"point_estimate":79194.4489590191,"standard_error":852.6865212425274},"median_abs_dev":{"confidence_interval":{"confidence_level":0.95,"lower_bound":4845.540538643147,"upper_bound":8854.756573218332},"point_estimate":6307.903016320714,"standard_error":1038.3552366315669},"slope":{"confidence_interval":{"confidence_level":0.95,"lower_bound":76123.40260909533,"upper_bound":77868.79330076005},"point_estimate":76947.96112119741,"standard_error":444.20575780406665},"std_dev":{"confidence_interval":{"confidence_level":0.95,"lower_bound":14970.892708170219,"upper_bound":79987.2406737001},"point_estimate":50328.203807177444,"standard_error":18461.09127897553}}