{"mean":{"confidence_interval":{"confidence_level":0.95,"lower_bound":570809.2240683564,"upper_bound":592649.067662004},"point_estimate":580531.548651574,"standard_error":5610.4838045582055},"median":{"confidence_interval":{"confidence_level":0.95,"lower_bound":560549.7423245613,"upper_bound":566395.7125},"point_estimate":562863.6956407563,"standard_error":1482.7046209030796},"median_abs_dev":{"confidence_interval":{"confidence_level":0.95,"lower_bound":5292.919182013131,"upper_bound":12385.432693166542},"point_estimate":7846.538697024707,"standard_error":1798.9052773472142},"slope":{"confidence_interval":{"confidence_level":0.95,"lower_bound":558843.8329264564,"upper_bound":560659.8543209829},"point_estimate":559657.043658933,"standard_error":462.6574020398139},"std_dev":{"confidence_interval":{"confidence_level":0.95,"lower_bound":26330.886285822628,"upper_bound":81649.3538388091},"point_estimate":56439.93517150764,"standard_error":14266.956914456205}}