{"mean":{"confidence_interval":{"confidence_level":0.95,"lower_bound":75077.037784473,"upper_bound":90704.84513318619},"point_estimate":81728.54081888428,"standard_error":4037.113895681754},"median":{"confidence_interval":{"confidence_level":0.95,"lower_bound":69061.71648351649,"upper_bound":74169.51206349206},"point_estimate":71218.63530798703,"standard_error":1532.0084216995579},"median_abs_dev":{"confidence_interval":{"confidence_level":0.95,"lower_bound":5702.083026632292,"upper_bound":10519.182251706876},"point_estimate":7626.617896376536,"standard_error":1305.7690762755003},"slope":{"confidence_interval":{"confidence_level":0.95,"lower_bound":68307.24330850324,"upper_bound":70841.8874465008},"point_estimate":69497.98695492833,"standard_error":645.9065562716771},"std_dev":{"confidence_interval":{"confidence_level":0.95,"lower_bound":15414.275069251209,"upper_bound":62845.259924803155},"point_estimate":40526.09740961838,"standard_error":13355.927568764126}}