{"mean":{"confidence_interval":{"confidence_level":0.95,"lower_bound":81809.29916975195,"upper_bound":103874.307350733},"point_estimate":90928.2978647562,"standard_error":5768.755958224567},"median":{"confidence_interval":{"confidence_level":0.95,"lower_bound":76152.98397435897,"upper_bound":79930.03448275862},"point_estimate":78048.40634615385,"standard_error":850.454763117182},"median_abs_dev":{"confidence_interval":{"confidence_level":0.95,"lower_bound":5140.095653525278,"upper_bound":9382.591711613426},"point_estimate":7238.105504807619,"standard_error":1079.3335479620725},"slope":{"confidence_interval":{"confidence_level":0.95,"lower_bound":74389.15205627079,"upper_bound":76095.36781371778},"point_estimate":75173.09799570312,"standard_error":435.44340101865896},"std_dev":{"confidence_interval":{"confidence_level":0.95,"lower_bound":15733.256235143901,"upper_bound":92779.08274400161},"point_estimate":57941.47819231199,"standard_error":21799.59990967318}}