{"mean":{"confidence_interval":{"confidence_level":0.95,"lower_bound":83719.74119995687,"upper_bound":104897.9435405045},"point_estimate":92539.92918402418,"standard_error":5501.589929132649},"median":{"confidence_interval":{"confidence_level":0.95,"lower_bound":76543.67765924551,"upper_bound":80829.70798319328},"point_estimate":78001.46334915084,"standard_error":1125.9368080900365},"median_abs_dev":{"confidence_interval":{"confidence_level":0.95,"lower_bound":4933.003971319948,"upper_bound":10144.928329981927},"point_estimate":7062.1957395887075,"standard_error":1283.9522516059014},"slope":{"confidence_interval":{"confidence_level":0.95,"lower_bound":74972.01856613813,"upper_bound":76605.39490244752},"point_estimate":75717.55414089383,"standard_error":415.43421567232195},"std_dev":{"confidence_interval":{"confidence_level":0.95,"lower_bound":18403.145408063825,"upper_bound":87636.44825820967},"point_estimate":55372.30740100525,"standard_error":20004.251945224863}}