{"mean":{"confidence_interval":{"confidence_level":0.95,"lower_bound":55214.20307689003,"upper_bound":67861.90596768411},"point_estimate":60472.764504773804,"standard_error":3296.60542385178},"median":{"confidence_interval":{"confidence_level":0.95,"lower_bound":51309.11336727935,"upper_bound":52647.04145671835},"point_estimate":51953.67707152305,"standard_error":439.2195281472119},"median_abs_dev":{"confidence_interval":{"confidence_level":0.95,"lower_bound":2116.0112680008974,"upper_bound":4333.438453900009},"point_estimate":3171.0805469788984,"standard_error":622.7468298082139},"slope":{"confidence_interval":{"confidence_level":0.95,"lower_bound":50372.27490303145,"upper_bound":50940.1273261679},"point_estimate":50619.858371508795,"standard_error":144.73577597983802},"std_dev":{"confidence_interval":{"confidence_level":0.95,"lower_bound":10198.181901145,"upper_bound":52571.87626419636},"point_estimate":33108.75445485994,"standard_error":12014.80354124517}}