{"mean":{"confidence_interval":{"confidence_level":0.95,"lower_bound":19278.670799939482,"upper_bound":21105.016665475996},"point_estimate":20099.569148451134,"standard_error":466.6542711840915},"median":{"confidence_interval":{"confidence_level":0.95,"lower_bound":18278.10510579308,"upper_bound":19150.986530199018},"point_estimate":18673.23270750988,"standard_error":233.28608984347787},"median_abs_dev":{"confidence_interval":{"confidence_level":0.95,"lower_bound":1213.7812431811446,"upper_bound":2524.881343703895},"point_estimate":1734.9062544034862,"standard_error":350.38165386752934},"slope":{"confidence_interval":{"confidence_level":0.95,"lower_bound":17865.414758479354,"upper_bound":18446.01898839914},"point_estimate":18132.381301019654,"standard_error":148.21976671361247},"std_dev":{"confidence_interval":{"confidence_level":0.95,"lower_bound":2428.9497929660533,"upper_bound":6708.611803971448},"point_estimate":4674.465688728739,"standard_error":1119.9049738428891}}