{"mean":{"confidence_interval":{"confidence_level":0.95,"lower_bound":29892.749542837973,"upper_bound":32896.480693817015},"point_estimate":31155.914126078886,"standard_error":779.4875439642097},"median":{"confidence_interval":{"confidence_level":0.95,"lower_bound":29100.390338164252,"upper_bound":29229.795582329316},"point_estimate":29149.34104809034,"standard_error":37.591814761330795},"median_abs_dev":{"confidence_interval":{"confidence_level":0.95,"lower_bound":255.3949523889099,"upper_bound":590.1949499318073},"point_estimate":368.29759051567555,"standard_error":81.88210968094918},"slope":{"confidence_interval":{"confidence_level":0.95,"lower_bound":29160.541518779097,"upper_bound":29294.931266693184},"point_estimate":29228.515294418994,"standard_error":34.250857633052284},"std_dev":{"confidence_interval":{"confidence_level":0.95,"lower_bound":2502.380830005629,"upper_bound":12286.439531522277},"point_estimate":7804.460310687434,"standard_error":2709.4655287039723}}