{"mean":{"confidence_interval":{"confidence_level":0.95,"lower_bound":32974.713207446795,"upper_bound":36433.44042727305},"point_estimate":34425.14424770814,"standard_error":896.751291426818},"median":{"confidence_interval":{"confidence_level":0.95,"lower_bound":32016.86001540173,"upper_bound":32393.89568965517},"point_estimate":32197.44995637604,"standard_error":95.80264554694942},"median_abs_dev":{"confidence_interval":{"confidence_level":0.95,"lower_bound":489.6285067701525,"upper_bound":865.5229328046009},"point_estimate":625.3996323744211,"standard_error":96.48238513462552},"slope":{"confidence_interval":{"confidence_level":0.95,"lower_bound":31945.616591893413,"upper_bound":32124.37824609088},"point_estimate":32032.17599730946,"standard_error":45.512213857949},"std_dev":{"confidence_interval":{"confidence_level":0.95,"lower_bound":2862.848287911292,"upper_bound":14158.89689916774},"point_estimate":8979.229813292597,"standard_error":3102.2307673131627}}