{"mean":{"confidence_interval":{"confidence_level":0.95,"lower_bound":23246.26022744818,"upper_bound":24954.41127238012},"point_estimate":23989.441397136805,"standard_error":439.92633875234526},"median":{"confidence_interval":{"confidence_level":0.95,"lower_bound":22619.638785869072,"upper_bound":23434.44022940124},"point_estimate":22856.46126468724,"standard_error":199.3580597277294},"median_abs_dev":{"confidence_interval":{"confidence_level":0.95,"lower_bound":1210.03904409342,"upper_bound":2034.7933981169936},"point_estimate":1606.1882437061702,"standard_error":213.13295325231613},"slope":{"confidence_interval":{"confidence_level":0.95,"lower_bound":22044.552352716444,"upper_bound":22639.636006885616},"point_estimate":22305.560396726934,"standard_error":153.26926112417019},"std_dev":{"confidence_interval":{"confidence_level":0.95,"lower_bound":1986.1768085323768,"upper_bound":6690.650478972876},"point_estimate":4410.524376059535,"standard_error":1302.6092901362729}}