{"mean":{"confidence_interval":{"confidence_level":0.95,"lower_bound":19405.76690295859,"upper_bound":20522.866614230836},"point_estimate":19887.155790966965,"standard_error":288.1980590156137},"median":{"confidence_interval":{"confidence_level":0.95,"lower_bound":18896.984874512673,"upper_bound":19334.5048002548},"point_estimate":19159.672646363513,"standard_error":122.99554817653593},"median_abs_dev":{"confidence_interval":{"confidence_level":0.95,"lower_bound":514.0882704375695,"upper_bound":953.9781401064505},"point_estimate":736.6155767379229,"standard_error":112.23376383632262},"slope":{"confidence_interval":{"confidence_level":0.95,"lower_bound":18720.06523836353,"upper_bound":18870.96988931175},"point_estimate":18789.329499094187,"standard_error":38.47190199543107},"std_dev":{"confidence_interval":{"confidence_level":0.95,"lower_bound":1166.7094943559086,"upper_bound":4437.154903145018},"point_estimate":2897.79085701611,"standard_error":907.4084225874615}}