{"mean":{"confidence_interval":{"confidence_level":0.95,"lower_bound":17978.51421333654,"upper_bound":19217.819468429683},"point_estimate":18542.033696243932,"standard_error":316.60377433609057},"median":{"confidence_interval":{"confidence_level":0.95,"lower_bound":17376.40319184353,"upper_bound":18052.721641791046},"point_estimate":17790.29527619725,"standard_error":214.82619396535353},"median_abs_dev":{"confidence_interval":{"confidence_level":0.95,"lower_bound":1158.758390833153,"upper_bound":1998.3278279200215},"point_estimate":1683.2463622642824,"standard_error":232.03827256631084},"slope":{"confidence_interval":{"confidence_level":0.95,"lower_bound":16862.598306794964,"upper_bound":17263.824865400115},"point_estimate":17050.556222452095,"standard_error":102.36719462535184},"std_dev":{"confidence_interval":{"confidence_level":0.95,"lower_bound":1762.1696697375244,"upper_bound":4441.998384228187},"point_estimate":3174.66159369052,"standard_error":695.0867424223399}}