{"mean":{"confidence_interval":{"confidence_level":0.95,"lower_bound":20018.760375623624,"upper_bound":23407.260253238757},"point_estimate":21433.23685870519,"standard_error":881.2194019323075},"median":{"confidence_interval":{"confidence_level":0.95,"lower_bound":19088.12830188679,"upper_bound":19714.87425876011},"point_estimate":19417.110744601312,"standard_error":151.866057871893},"median_abs_dev":{"confidence_interval":{"confidence_level":0.95,"lower_bound":886.8612893545044,"upper_bound":1514.7365436269206},"point_estimate":1160.1967495488648,"standard_error":161.02229119592312},"slope":{"confidence_interval":{"confidence_level":0.95,"lower_bound":18669.88588591074,"upper_bound":19047.269923454336},"point_estimate":18850.181621910993,"standard_error":96.33110192159741},"std_dev":{"confidence_interval":{"confidence_level":0.95,"lower_bound":2539.285860002528,"upper_bound":14029.754695311643},"point_estimate":8856.080347429921,"standard_error":3200.7572332311565}}