{"mean":{"confidence_interval":{"confidence_level":0.95,"lower_bound":19639.577102209278,"upper_bound":20852.35763413697},"point_estimate":20170.9135282018,"standard_error":310.3577486953392},"median":{"confidence_interval":{"confidence_level":0.95,"lower_bound":19026.493333333332,"upper_bound":19711.683609141055},"point_estimate":19244.63110206418,"standard_error":176.09818089751815},"median_abs_dev":{"confidence_interval":{"confidence_level":0.95,"lower_bound":791.278855355923,"upper_bound":1580.9154201225842},"point_estimate":1012.9866464193025,"standard_error":201.8659415091549},"slope":{"confidence_interval":{"confidence_level":0.95,"lower_bound":18720.157924494473,"upper_bound":18969.306235932152},"point_estimate":18835.123004285502,"standard_error":63.83262511001566},"std_dev":{"confidence_interval":{"confidence_level":0.95,"lower_bound":1434.4194439056866,"upper_bound":4674.147520778069},"point_estimate":3117.523583553824,"standard_error":892.7716214261945}}