{"mean":{"confidence_interval":{"confidence_level":0.95,"lower_bound":21320.496661240846,"upper_bound":23084.0509811062},"point_estimate":22128.81745646155,"standard_error":448.91699946162083},"median":{"confidence_interval":{"confidence_level":0.95,"lower_bound":20286.827405380758,"upper_bound":21343.169340463457},"point_estimate":20839.832244008714,"standard_error":258.7327726933189},"median_abs_dev":{"confidence_interval":{"confidence_level":0.95,"lower_bound":1551.2557269041488,"upper_bound":3133.968358163521},"point_estimate":2376.683028089504,"standard_error":432.628555976422},"slope":{"confidence_interval":{"confidence_level":0.95,"lower_bound":19706.97808724355,"upper_bound":20338.626376540615},"point_estimate":20019.787322560176,"standard_error":161.703899961522},"std_dev":{"confidence_interval":{"confidence_level":0.95,"lower_bound":2786.670576579823,"upper_bound":6121.137171176964},"point_estimate":4502.2126947535535,"standard_error":866.4487162482752}}