{"mean":{"confidence_interval":{"confidence_level":0.95,"lower_bound":18125.61103288415,"upper_bound":23558.433806615034},"point_estimate":20458.00076069646,"standard_error":1405.6329266104267},"median":{"confidence_interval":{"confidence_level":0.95,"lower_bound":16106.18404118404,"upper_bound":17503.052043322394},"point_estimate":16952.497230766574,"standard_error":370.8004056145681},"median_abs_dev":{"confidence_interval":{"confidence_level":0.95,"lower_bound":2167.556808093283,"upper_bound":4009.9091893365194},"point_estimate":3113.491032355594,"standard_error":445.5494117713096},"slope":{"confidence_interval":{"confidence_level":0.95,"lower_bound":15122.434536593923,"upper_bound":15709.790401004075},"point_estimate":15392.978341194748,"standard_error":149.93547415638253},"std_dev":{"confidence_interval":{"confidence_level":0.95,"lower_bound":5455.290205673435,"upper_bound":21819.17482797752},"point_estimate":14144.37062437662,"standard_error":4544.405932606109}}