{"mean":{"confidence_interval":{"confidence_level":0.95,"lower_bound":17864.310125938096,"upper_bound":18887.12184311327},"point_estimate":18308.796062546353,"standard_error":263.90516609203866},"median":{"confidence_interval":{"confidence_level":0.95,"lower_bound":17385.8781074579,"upper_bound":17645.632011217946},"point_estimate":17487.266996398113,"standard_error":85.09886298821002},"median_abs_dev":{"confidence_interval":{"confidence_level":0.95,"lower_bound":329.6838152653239,"upper_bound":794.3952691882},"point_estimate":540.5095590453499,"standard_error":126.05288463364579},"slope":{"confidence_interval":{"confidence_level":0.95,"lower_bound":17198.54673161081,"upper_bound":17341.203495037007},"point_estimate":17266.126552743284,"standard_error":36.466988190980146},"std_dev":{"confidence_interval":{"confidence_level":0.95,"lower_bound":1146.6610499093833,"upper_bound":4028.4235471169864},"point_estimate":2647.7002206866646,"standard_error":787.6463544948357}}