{"mean":{"confidence_interval":{"confidence_level":0.95,"lower_bound":19565.979545523427,"upper_bound":20789.38767239991},"point_estimate":20094.920795690054,"standard_error":315.92379946556446},"median":{"confidence_interval":{"confidence_level":0.95,"lower_bound":19033.498470760947,"upper_bound":19307.866891541256},"point_estimate":19114.47730437204,"standard_error":78.4742692357688},"median_abs_dev":{"confidence_interval":{"confidence_level":0.95,"lower_bound":358.7984367049387,"upper_bound":835.7101926543237},"point_estimate":549.1202532373773,"standard_error":128.10223334989314},"slope":{"confidence_interval":{"confidence_level":0.95,"lower_bound":18819.309993007457,"upper_bound":18958.800117919072},"point_estimate":18883.14641801991,"standard_error":35.63124677212941},"std_dev":{"confidence_interval":{"confidence_level":0.95,"lower_bound":1326.0724127133167,"upper_bound":4868.779833871182},"point_estimate":3179.5266031351775,"standard_error":964.1962439741316}}