{"mean":{"confidence_interval":{"confidence_level":0.95,"lower_bound":29267.858796597742,"upper_bound":32020.209456263383},"point_estimate":30420.500475670782,"standard_error":711.9344171752361},"median":{"confidence_interval":{"confidence_level":0.95,"lower_bound":28494.108927108926,"upper_bound":28621.960830527496},"point_estimate":28537.23609269897,"standard_error":30.734823513795813},"median_abs_dev":{"confidence_interval":{"confidence_level":0.95,"lower_bound":188.56819032357444,"upper_bound":368.2542956967318},"point_estimate":261.73458255355007,"standard_error":45.429075403328575},"slope":{"confidence_interval":{"confidence_level":0.95,"lower_bound":28529.980940232334,"upper_bound":28629.168446805437},"point_estimate":28577.755658341954,"standard_error":25.429900093874323},"std_dev":{"confidence_interval":{"confidence_level":0.95,"lower_bound":2285.7963302361854,"upper_bound":11256.410367367562},"point_estimate":7146.003221448765,"standard_error":2502.7094750680044}}