{"mean":{"confidence_interval":{"confidence_level":0.95,"lower_bound":1855516.9598070178,"upper_bound":1922013.029589946},"point_estimate":1888081.374413316,"standard_error":16983.20033586899},"median":{"confidence_interval":{"confidence_level":0.95,"lower_bound":1819045.3076923077,"upper_bound":1881803.639716312},"point_estimate":1846564.005736251,"standard_error":16485.502984096962},"median_abs_dev":{"confidence_interval":{"confidence_level":0.95,"lower_bound":101060.65276295622,"upper_bound":193348.27833172152},"point_estimate":128387.60361652983,"standard_error":23487.305658033787},"slope":{"confidence_interval":{"confidence_level":0.95,"lower_bound":1853857.0352815706,"upper_bound":1899791.0466002217},"point_estimate":1876780.5497443476,"standard_error":11682.140022416},"std_dev":{"confidence_interval":{"confidence_level":0.95,"lower_bound":143346.11922209852,"upper_bound":193153.4428012391},"point_estimate":170242.24498634855,"standard_error":12693.790539098945}}