{"mean":{"confidence_interval":{"confidence_level":0.95,"lower_bound":1449533.456129617,"upper_bound":1489035.5788585625},"point_estimate":1468552.7838720435,"standard_error":10055.62907457789},"median":{"confidence_interval":{"confidence_level":0.95,"lower_bound":1434074.1230769232,"upper_bound":1451614.8076923077},"point_estimate":1440222.5308189655,"standard_error":4189.978799550241},"median_abs_dev":{"confidence_interval":{"confidence_level":0.95,"lower_bound":30506.36173636854,"upper_bound":56811.69641308604},"point_estimate":44293.62801127993,"standard_error":6636.2759336502795},"slope":{"confidence_interval":{"confidence_level":0.95,"lower_bound":1439083.0976632277,"upper_bound":1450703.8799843546},"point_estimate":1445276.0776592286,"standard_error":2973.4690142602844},"std_dev":{"confidence_interval":{"confidence_level":0.95,"lower_bound":78519.2367887449,"upper_bound":119776.73892413019},"point_estimate":101515.83057237395,"standard_error":10587.687897217686}}