{"mean":{"confidence_interval":{"confidence_level":0.95,"lower_bound":1441448.7450127802,"upper_bound":1484255.461604647},"point_estimate":1461948.4325394714,"standard_error":10872.355710975062},"median":{"confidence_interval":{"confidence_level":0.95,"lower_bound":1417746.234375,"upper_bound":1442141.0176143472},"point_estimate":1432827.2511044177,"standard_error":6918.174010718183},"median_abs_dev":{"confidence_interval":{"confidence_level":0.95,"lower_bound":34760.28790749715,"upper_bound":60652.423103656685},"point_estimate":45247.06682146194,"standard_error":6786.343235398835},"slope":{"confidence_interval":{"confidence_level":0.95,"lower_bound":1426572.806789012,"upper_bound":1440276.2095983552},"point_estimate":1433751.9635436677,"standard_error":3501.9878939258083},"std_dev":{"confidence_interval":{"confidence_level":0.95,"lower_bound":84716.00320736149,"upper_bound":128481.22628093384},"point_estimate":109210.98703181448,"standard_error":11154.04281554233}}