{"mean":{"confidence_interval":{"confidence_level":0.95,"lower_bound":2007069.6049599994,"upper_bound":2012013.2595699995},"point_estimate":2009534.8252,"standard_error":1261.4741530398605},"median":{"confidence_interval":{"confidence_level":0.95,"lower_bound":2006545.12,"upper_bound":2013073.24},"point_estimate":2010230.0,"standard_error":1771.5090603386057},"median_abs_dev":{"confidence_interval":{"confidence_level":0.95,"lower_bound":8605.217811226692,"upper_bound":13509.213744163637},"point_estimate":10968.482169270535,"standard_error":1210.3569005624306},"slope":null,"std_dev":{"confidence_interval":{"confidence_level":0.95,"lower_bound":10414.91527112622,"upper_bound":14979.217635869365},"point_estimate":12795.704139574673,"standard_error":1168.0230376871414}}