{"mean":{"confidence_interval":{"confidence_level":0.95,"lower_bound":1550136.0115578938,"upper_bound":1599097.4341589566},"point_estimate":1574098.9636608534,"standard_error":12462.86540386696},"median":{"confidence_interval":{"confidence_level":0.95,"lower_bound":1542681.0882352942,"upper_bound":1590732.6617647058},"point_estimate":1563746.024355751,"standard_error":12825.723373110835},"median_abs_dev":{"confidence_interval":{"confidence_level":0.95,"lower_bound":74931.26052318519,"upper_bound":135231.09683562943},"point_estimate":93672.17410457908,"standard_error":15468.041326050448},"slope":{"confidence_interval":{"confidence_level":0.95,"lower_bound":1561296.097519795,"upper_bound":1603306.3359826058},"point_estimate":1582699.7665908083,"standard_error":10729.002687625243},"std_dev":{"confidence_interval":{"confidence_level":0.95,"lower_bound":104681.07351296695,"upper_bound":143895.00396187278},"point_estimate":125577.79916756583,"standard_error":10001.252640308181}}