{"mean":{"confidence_interval":{"confidence_level":0.95,"lower_bound":1763304.717402128,"upper_bound":1820497.9414972253},"point_estimate":1790700.6745551545,"standard_error":14678.722730239797},"median":{"confidence_interval":{"confidence_level":0.95,"lower_bound":1722202.6621621621,"upper_bound":1769924.626506024},"point_estimate":1751454.0343283582,"standard_error":11084.089740892117},"median_abs_dev":{"confidence_interval":{"confidence_level":0.95,"lower_bound":55892.69092644947,"upper_bound":104880.06800222762},"point_estimate":74800.85995650207,"standard_error":12728.02520089659},"slope":{"confidence_interval":{"confidence_level":0.95,"lower_bound":1728098.1667199202,"upper_bound":1756876.4781849473},"point_estimate":1742234.528136545,"standard_error":7342.241037721223},"std_dev":{"confidence_interval":{"confidence_level":0.95,"lower_bound":112039.1587583319,"upper_bound":178720.06683042037},"point_estimate":147878.83604944433,"standard_error":17112.68326788709}}