{"mean":{"confidence_interval":{"confidence_level":0.95,"lower_bound":1385978.2857157253,"upper_bound":1435478.3853297536},"point_estimate":1409829.4234083397,"standard_error":12644.385003430061},"median":{"confidence_interval":{"confidence_level":0.95,"lower_bound":1362688.147368421,"upper_bound":1394309.068142892},"point_estimate":1383608.8343810022,"standard_error":7981.764686826921},"median_abs_dev":{"confidence_interval":{"confidence_level":0.95,"lower_bound":49704.49604904483,"upper_bound":100457.22645534344},"point_estimate":71071.01575353324,"standard_error":12592.44607891413},"slope":{"confidence_interval":{"confidence_level":0.95,"lower_bound":1376352.532675842,"upper_bound":1404199.341450237},"point_estimate":1389958.1736604108,"standard_error":7117.907299173159},"std_dev":{"confidence_interval":{"confidence_level":0.95,"lower_bound":97467.29865049655,"upper_bound":152645.58115042196},"point_estimate":126885.38648415655,"standard_error":14097.386182305181}}