{"mean":{"confidence_interval":{"confidence_level":0.95,"lower_bound":41119594.647,"upper_bound":41784452.94125},"point_estimate":41449894.25,"standard_error":169635.85934855574},"median":{"confidence_interval":{"confidence_level":0.95,"lower_bound":40753743.0,"upper_bound":41716570.0},"point_estimate":41065907.0,"standard_error":238500.39394942723},"median_abs_dev":{"confidence_interval":{"confidence_level":0.95,"lower_bound":1253860.743239522,"upper_bound":2292249.30190444},"point_estimate":1864424.3230998516,"standard_error":274727.94291217875},"slope":null,"std_dev":{"confidence_interval":{"confidence_level":0.95,"lower_bound":1502807.700307286,"upper_bound":1883871.6126567603},"point_estimate":1705931.1930010268,"standard_error":97405.95483029025}}