{"mean":{"confidence_interval":{"confidence_level":0.95,"lower_bound":31301574.68175,"upper_bound":31412001.0505},"point_estimate":31356812.96,"standard_error":28185.600130265153},"median":{"confidence_interval":{"confidence_level":0.95,"lower_bound":31258861.0,"upper_bound":31406060.0},"point_estimate":31363211.5,"standard_error":36052.51743735518},"median_abs_dev":{"confidence_interval":{"confidence_level":0.95,"lower_bound":240339.09263312817,"upper_bound":395559.896877408},"point_estimate":338109.1478973627,"standard_error":42128.72718016228},"slope":null,"std_dev":{"confidence_interval":{"confidence_level":0.95,"lower_bound":249953.6282456994,"upper_bound":314436.4833265886},"point_estimate":284217.07142643735,"standard_error":16424.290615366146}}