{"mean":{"confidence_interval":{"confidence_level":0.95,"lower_bound":36776495.313999996,"upper_bound":37033023.02725},"point_estimate":36903841.98,"standard_error":65536.1823967328},"median":{"confidence_interval":{"confidence_level":0.95,"lower_bound":36654125.0,"upper_bound":37075829.0},"point_estimate":36924578.0,"standard_error":102798.07587593963},"median_abs_dev":{"confidence_interval":{"confidence_level":0.95,"lower_bound":560130.7178556919,"upper_bound":846735.0839674473},"point_estimate":725958.7836116552,"standard_error":72553.99007888047},"slope":null,"std_dev":{"confidence_interval":{"confidence_level":0.95,"lower_bound":570726.6205084354,"upper_bound":737496.9803081875},"point_estimate":657739.1686992582,"standard_error":42568.081456967186}}