{"mean":{"confidence_interval":{"confidence_level":0.95,"lower_bound":53986315.526,"upper_bound":54901815.945250005},"point_estimate":54428600.91,"standard_error":233602.26715218186},"median":{"confidence_interval":{"confidence_level":0.95,"lower_bound":53298561.0,"upper_bound":54204586.0},"point_estimate":53700368.0,"standard_error":254587.9689001525},"median_abs_dev":{"confidence_interval":{"confidence_level":0.95,"lower_bound":1113758.0109268427,"upper_bound":2063533.051764965},"point_estimate":1383602.3256361485,"standard_error":247920.1917326458},"slope":null,"std_dev":{"confidence_interval":{"confidence_level":0.95,"lower_bound":1839860.5893664367,"upper_bound":2768725.5277433335},"point_estimate":2339669.0110209174,"standard_error":236650.86531603086}}