{"mean":{"confidence_interval":{"confidence_level":0.95,"lower_bound":34316265.20425,"upper_bound":34498050.12675},"point_estimate":34403147.28,"standard_error":46308.374211446644},"median":{"confidence_interval":{"confidence_level":0.95,"lower_bound":34219293.0,"upper_bound":34401402.0},"point_estimate":34293638.0,"standard_error":48166.09800484929},"median_abs_dev":{"confidence_interval":{"confidence_level":0.95,"lower_bound":276136.4689975977,"upper_bound":486349.8714655638},"point_estimate":355288.77509236336,"standard_error":52439.01154808449},"slope":null,"std_dev":{"confidence_interval":{"confidence_level":0.95,"lower_bound":353299.3885912071,"upper_bound":597169.5237391184},"point_estimate":465329.94354309485,"standard_error":66942.12246606225}}