{"mean":{"confidence_interval":{"confidence_level":0.95,"lower_bound":34036417.95225,"upper_bound":34805744.87775},"point_estimate":34419927.95,"standard_error":197029.87965916636},"median":{"confidence_interval":{"confidence_level":0.95,"lower_bound":34096034.0,"upper_bound":34972170.0},"point_estimate":34478796.5,"standard_error":221668.03646239944},"median_abs_dev":{"confidence_interval":{"confidence_level":0.95,"lower_bound":1664553.5380482674,"upper_bound":2615750.3922611475},"point_estimate":2110363.195833564,"standard_error":232705.83827304025},"slope":null,"std_dev":{"confidence_interval":{"confidence_level":0.95,"lower_bound":1733278.6283605113,"upper_bound":2216758.1446780995},"point_estimate":1983389.869675822,"standard_error":123576.00825819938}}