{"mean":{"confidence_interval":{"confidence_level":0.95,"lower_bound":32178566.21275,"upper_bound":32239518.762500003},"point_estimate":32208677.38,"standard_error":15507.973471800637},"median":{"confidence_interval":{"confidence_level":0.95,"lower_bound":32170574.0,"upper_bound":32244875.0},"point_estimate":32218875.0,"standard_error":20436.46722456843},"median_abs_dev":{"confidence_interval":{"confidence_level":0.95,"lower_bound":106599.67940747738,"upper_bound":176877.142059803},"point_estimate":149521.68994545937,"standard_error":17894.305047463422},"slope":null,"std_dev":{"confidence_interval":{"confidence_level":0.95,"lower_bound":128672.14105487459,"upper_bound":182099.10406521152},"point_estimate":155936.10096937435,"standard_error":13703.197638932561}}