{"mean":{"confidence_interval":{"confidence_level":0.95,"lower_bound":42569315.412,"upper_bound":42730566.04075},"point_estimate":42653376.82,"standard_error":41229.20985018743},"median":{"confidence_interval":{"confidence_level":0.95,"lower_bound":42626727.0,"upper_bound":42760839.0},"point_estimate":42696083.5,"standard_error":30515.366636283077},"median_abs_dev":{"confidence_interval":{"confidence_level":0.95,"lower_bound":248649.8067855835,"upper_bound":416566.8744369596},"point_estimate":381501.88392698765,"standard_error":43073.54357013754},"slope":null,"std_dev":{"confidence_interval":{"confidence_level":0.95,"lower_bound":310706.5806875896,"upper_bound":520854.9896916294},"point_estimate":416362.0199307761,"standard_error":54171.18056075453}}