{"mean":{"confidence_interval":{"confidence_level":0.95,"lower_bound":38921822.862375006,"upper_bound":39755049.4765},"point_estimate":39326129.73,"standard_error":212703.25964728734},"median":{"confidence_interval":{"confidence_level":0.95,"lower_bound":38450920.0,"upper_bound":39238924.5},"point_estimate":38736871.75,"standard_error":173636.3102212495},"median_abs_dev":{"confidence_interval":{"confidence_level":0.95,"lower_bound":1112993.7306404114,"upper_bound":1948221.2442621589},"point_estimate":1627422.1923574805,"standard_error":220854.34046504242},"slope":null,"std_dev":{"confidence_interval":{"confidence_level":0.95,"lower_bound":1708010.5986506555,"upper_bound":2493838.382075705},"point_estimate":2130381.814142075,"standard_error":201168.50070119192}}