{"mean":{"confidence_interval":{"confidence_level":0.95,"lower_bound":34925874.31662501,"upper_bound":35002593.90825},"point_estimate":34960645.585,"standard_error":19563.7817930858},"median":{"confidence_interval":{"confidence_level":0.95,"lower_bound":34927549.75,"upper_bound":34972151.0},"point_estimate":34946075.5,"standard_error":13186.595346125116},"median_abs_dev":{"confidence_interval":{"confidence_level":0.95,"lower_bound":75799.77690428495,"upper_bound":138440.7377421856},"point_estimate":99521.7471331358,"standard_error":16158.857523764866},"slope":null,"std_dev":{"confidence_interval":{"confidence_level":0.95,"lower_bound":113433.91152033184,"upper_bound":280391.3457520322},"point_estimate":196658.22013618343,"standard_error":44723.29306630375}}