{"mean":{"confidence_interval":{"confidence_level":0.95,"lower_bound":33912954.11725,"upper_bound":34558523.728625},"point_estimate":34224374.78,"standard_error":165468.9524048697},"median":{"confidence_interval":{"confidence_level":0.95,"lower_bound":33533440.25,"upper_bound":33958570.5},"point_estimate":33762567.75,"standard_error":110799.81383850351},"median_abs_dev":{"confidence_interval":{"confidence_level":0.95,"lower_bound":854156.6087856889,"upper_bound":1462381.016537547},"point_estimate":1177252.9493495822,"standard_error":153488.6203073445},"slope":null,"std_dev":{"confidence_interval":{"confidence_level":0.95,"lower_bound":1304301.200291857,"upper_bound":1976052.5909199244},"point_estimate":1667036.5678967426,"standard_error":171407.62929383002}}