{"mean":{"confidence_interval":{"confidence_level":0.95,"lower_bound":34978077.833000004,"upper_bound":35000107.234},"point_estimate":34988976.255,"standard_error":5610.190205812737},"median":{"confidence_interval":{"confidence_level":0.95,"lower_bound":34971024.0,"upper_bound":34994176.0},"point_estimate":34982853.75,"standard_error":5710.1655172179735},"median_abs_dev":{"confidence_interval":{"confidence_level":0.95,"lower_bound":47442.74511147291,"upper_bound":75616.41635254023},"point_estimate":63310.35472601652,"standard_error":7103.394907330903},"slope":null,"std_dev":{"confidence_interval":{"confidence_level":0.95,"lower_bound":49279.854677474694,"upper_bound":63058.82909531295},"point_estimate":56602.32947831023,"standard_error":3520.6157696036316}}