{"mean":{"confidence_interval":{"confidence_level":0.95,"lower_bound":34305947.119875,"upper_bound":34336313.144125},"point_estimate":34320897.06,"standard_error":7745.526413608492},"median":{"confidence_interval":{"confidence_level":0.95,"lower_bound":34283965.25,"upper_bound":34329865.5},"point_estimate":34307015.5,"standard_error":10858.933386668425},"median_abs_dev":{"confidence_interval":{"confidence_level":0.95,"lower_bound":49333.514124155045,"upper_bound":87836.635440588},"point_estimate":70066.56280606985,"standard_error":9237.352786184774},"slope":null,"std_dev":{"confidence_interval":{"confidence_level":0.95,"lower_bound":65837.74363102997,"upper_bound":88207.32571917617},"point_estimate":77702.59595429723,"standard_error":5723.176378429701}}