{"mean":{"confidence_interval":{"confidence_level":0.95,"lower_bound":37325641.134,"upper_bound":37537363.838},"point_estimate":37432669.52,"standard_error":53891.29228094475},"median":{"confidence_interval":{"confidence_level":0.95,"lower_bound":37290361.5,"upper_bound":37630920.5},"point_estimate":37450440.75,"standard_error":86363.25714935188},"median_abs_dev":{"confidence_interval":{"confidence_level":0.95,"lower_bound":420177.3574903609,"upper_bound":691171.0670955098},"point_estimate":576003.8038238883,"standard_error":68100.39212393158},"slope":null,"std_dev":{"confidence_interval":{"confidence_level":0.95,"lower_bound":469841.16933458444,"upper_bound":607954.6578541809},"point_estimate":543168.8268610652,"standard_error":35216.680781128074}}