{"mean":{"confidence_interval":{"confidence_level":0.95,"lower_bound":42251122.911875,"upper_bound":42800236.113625005},"point_estimate":42518989.76,"standard_error":140244.15537846799},"median":{"confidence_interval":{"confidence_level":0.95,"lower_bound":41979612.5,"upper_bound":42550440.0},"point_estimate":42284427.25,"standard_error":146019.29996764963},"median_abs_dev":{"confidence_interval":{"confidence_level":0.95,"lower_bound":876111.6904959083,"upper_bound":1541361.0352491196},"point_estimate":1270238.2838487625,"standard_error":169242.35841831152},"slope":null,"std_dev":{"confidence_interval":{"confidence_level":0.95,"lower_bound":1135173.064889031,"upper_bound":1659871.273138487},"point_estimate":1411103.2779943165,"standard_error":134333.83174429717}}