{"mean":{"confidence_interval":{"confidence_level":0.95,"lower_bound":16913.64837802529,"upper_bound":17411.844404732117},"point_estimate":17159.00726401109,"standard_error":126.2132032623986},"median":{"confidence_interval":{"confidence_level":0.95,"lower_bound":16817.871710526317,"upper_bound":17227.363044878977},"point_estimate":16992.87912855691,"standard_error":115.92883755336834},"median_abs_dev":{"confidence_interval":{"confidence_level":0.95,"lower_bound":867.7311018077005,"upper_bound":1380.2613134275969},"point_estimate":1136.2204065056155,"standard_error":125.5369059545519},"slope":{"confidence_interval":{"confidence_level":0.95,"lower_bound":17437.36853675154,"upper_bound":17892.17919341252},"point_estimate":17666.28328478277,"standard_error":115.83612272516987},"std_dev":{"confidence_interval":{"confidence_level":0.95,"lower_bound":1056.8469466693623,"upper_bound":1459.068307830102},"point_estimate":1268.2666214158573,"standard_error":102.97605603764904}}