{"mean":{"confidence_interval":{"confidence_level":0.95,"lower_bound":18436.865828038575,"upper_bound":19007.16260131188},"point_estimate":18724.85166152862,"standard_error":145.3951445537522},"median":{"confidence_interval":{"confidence_level":0.95,"lower_bound":18562.456896551725,"upper_bound":19208.825704707167},"point_estimate":18983.759160185225,"standard_error":140.18782419659811},"median_abs_dev":{"confidence_interval":{"confidence_level":0.95,"lower_bound":915.0001247071864,"upper_bound":1846.7653219279814},"point_estimate":1318.0117684018783,"standard_error":251.387051766466},"slope":{"confidence_interval":{"confidence_level":0.95,"lower_bound":19362.469095585053,"upper_bound":19843.012052372254},"point_estimate":19608.50103025331,"standard_error":122.36321797280273},"std_dev":{"confidence_interval":{"confidence_level":0.95,"lower_bound":1246.2910087805296,"upper_bound":1657.9357435009872},"point_estimate":1459.8747272769167,"standard_error":105.06082916876943}}