{"mean":{"confidence_interval":{"confidence_level":0.95,"lower_bound":13867.402103404951,"upper_bound":14233.518968015915},"point_estimate":14053.958810239948,"standard_error":93.58155294740826},"median":{"confidence_interval":{"confidence_level":0.95,"lower_bound":13913.354312354313,"upper_bound":14382.97318449813},"point_estimate":14172.41536437247,"standard_error":124.94901328307412},"median_abs_dev":{"confidence_interval":{"confidence_level":0.95,"lower_bound":802.0596775801718,"upper_bound":1363.5249312011094},"point_estimate":1063.2072952295603,"standard_error":145.49239807071544},"slope":{"confidence_interval":{"confidence_level":0.95,"lower_bound":14688.506672523288,"upper_bound":14903.817777792041},"point_estimate":14809.148620083532,"standard_error":55.127283326401106},"std_dev":{"confidence_interval":{"confidence_level":0.95,"lower_bound":822.2959770010953,"upper_bound":1038.9658012432676},"point_estimate":938.6856172928764,"standard_error":55.23194734105623}}