{"mean":{"confidence_interval":{"confidence_level":0.95,"lower_bound":33885.153823972076,"upper_bound":34234.680849051634},"point_estimate":34058.98391508673,"standard_error":88.98189793404933},"median":{"confidence_interval":{"confidence_level":0.95,"lower_bound":33999.770535714284,"upper_bound":34580.542},"point_estimate":34331.08998461539,"standard_error":160.31035412909418},"median_abs_dev":{"confidence_interval":{"confidence_level":0.95,"lower_bound":437.17447458913557,"upper_bound":1142.1069240330266},"point_estimate":717.2736943359358,"standard_error":191.85603687589364},"slope":{"confidence_interval":{"confidence_level":0.95,"lower_bound":34549.96066425009,"upper_bound":34683.07814940692},"point_estimate":34624.825833840696,"standard_error":33.877097840759376},"std_dev":{"confidence_interval":{"confidence_level":0.95,"lower_bound":747.9334204376738,"upper_bound":1064.8035563269727},"point_estimate":894.3593432547959,"standard_error":82.92114090962394}}