{"mean":{"confidence_interval":{"confidence_level":0.95,"lower_bound":32850.18761754637,"upper_bound":33842.4153303656},"point_estimate":33342.42052131627,"standard_error":252.29508353796626},"median":{"confidence_interval":{"confidence_level":0.95,"lower_bound":32758.846736596737,"upper_bound":33904.439882697945},"point_estimate":33225.87784168213,"standard_error":350.26185925739276},"median_abs_dev":{"confidence_interval":{"confidence_level":0.95,"lower_bound":1543.4607638625573,"upper_bound":2551.3177516115284},"point_estimate":1842.753073253646,"standard_error":269.71353024605634},"slope":{"confidence_interval":{"confidence_level":0.95,"lower_bound":34007.7989498861,"upper_bound":34786.527005346725},"point_estimate":34401.58492644787,"standard_error":199.06118295750062},"std_dev":{"confidence_interval":{"confidence_level":0.95,"lower_bound":2045.1165659184069,"upper_bound":3040.183146310483},"point_estimate":2545.032928523785,"standard_error":255.5207533919248}}