{"mean":{"confidence_interval":{"confidence_level":0.95,"lower_bound":47812.331455067535,"upper_bound":49461.7248318174},"point_estimate":48612.571298776034,"standard_error":420.694216743684},"median":{"confidence_interval":{"confidence_level":0.95,"lower_bound":46604.66541353383,"upper_bound":48711.23044096728},"point_estimate":47147.842713047976,"standard_error":567.6927825783537},"median_abs_dev":{"confidence_interval":{"confidence_level":0.95,"lower_bound":2466.0727189496074,"upper_bound":4247.335359980878},"point_estimate":3280.722052495874,"standard_error":428.53712166093817},"slope":{"confidence_interval":{"confidence_level":0.95,"lower_bound":49225.93279443131,"upper_bound":51216.017373587456},"point_estimate":50203.481370894355,"standard_error":506.1293339590593},"std_dev":{"confidence_interval":{"confidence_level":0.95,"lower_bound":3446.6134119841167,"upper_bound":4910.178934789077},"point_estimate":4228.919404383634,"standard_error":373.63196154900527}}