{"mean":{"confidence_interval":{"confidence_level":0.95,"lower_bound":390425.9967800644,"upper_bound":415917.93613215396},"point_estimate":402060.7675760065,"standard_error":6530.414151672211},"median":{"confidence_interval":{"confidence_level":0.95,"lower_bound":392006.19696969696,"upper_bound":405563.5},"point_estimate":397582.5013431013,"standard_error":3518.233933894591},"median_abs_dev":{"confidence_interval":{"confidence_level":0.95,"lower_bound":26742.265113057674,"upper_bound":48068.72629397796},"point_estimate":37623.41196299115,"standard_error":5368.143946197267},"slope":{"confidence_interval":{"confidence_level":0.95,"lower_bound":391831.98799596145,"upper_bound":404456.7941412768},"point_estimate":398307.0756297719,"standard_error":3220.1547442655738},"std_dev":{"confidence_interval":{"confidence_level":0.95,"lower_bound":39860.87472208338,"upper_bound":93307.67651796831},"point_estimate":65546.5805750285,"standard_error":15185.732157742665}}