{"mean":{"confidence_interval":{"confidence_level":0.95,"lower_bound":615889.5662868435,"upper_bound":698731.0143547495},"point_estimate":653083.9415063931,"standard_error":21253.59763566072},"median":{"confidence_interval":{"confidence_level":0.95,"lower_bound":563538.0456117021,"upper_bound":619691.2156875659},"point_estimate":578488.9761904762,"standard_error":15471.211964181646},"median_abs_dev":{"confidence_interval":{"confidence_level":0.95,"lower_bound":71856.85679188516,"upper_bound":150627.07194224012},"point_estimate":97958.86485539233,"standard_error":20498.599713805288},"slope":{"confidence_interval":{"confidence_level":0.95,"lower_bound":662662.6459069424,"upper_bound":740399.797112154},"point_estimate":701893.9480877789,"standard_error":19823.58871118521},"std_dev":{"confidence_interval":{"confidence_level":0.95,"lower_bound":127881.26243729406,"upper_bound":308839.8841872094},"point_estimate":212658.61271928906,"standard_error":55724.20271778315}}