{"mean":{"confidence_interval":{"confidence_level":0.95,"lower_bound":12910.310760653032,"upper_bound":13249.370771719738},"point_estimate":13082.455373290335,"standard_error":86.57502043540939},"median":{"confidence_interval":{"confidence_level":0.95,"lower_bound":12894.752267573696,"upper_bound":13441.679021288983},"point_estimate":13217.547063492064,"standard_error":144.2896926854202},"median_abs_dev":{"confidence_interval":{"confidence_level":0.95,"lower_bound":741.3015166334176,"upper_bound":1232.400158252822},"point_estimate":993.6275416001364,"standard_error":121.20062101879533},"slope":{"confidence_interval":{"confidence_level":0.95,"lower_bound":13668.15871785727,"upper_bound":13851.677926481554},"point_estimate":13769.98657131598,"standard_error":46.92637953954913},"std_dev":{"confidence_interval":{"confidence_level":0.95,"lower_bound":756.7626816471277,"upper_bound":970.6795490305952},"point_estimate":871.1914451691332,"standard_error":54.92515834123954}}