{"mean":{"confidence_interval":{"confidence_level":0.95,"lower_bound":338557.1410472423,"upper_bound":392303.2841671768},"point_estimate":363496.0576927363,"standard_error":13792.422077982857},"median":{"confidence_interval":{"confidence_level":0.95,"lower_bound":321181.94444444444,"upper_bound":367235.1731601732},"point_estimate":355567.877278402,"standard_error":9224.132762298712},"median_abs_dev":{"confidence_interval":{"confidence_level":0.95,"lower_bound":64884.690699878964,"upper_bound":103262.36768270326},"point_estimate":88835.35561206225,"standard_error":9045.349061053606},"slope":{"confidence_interval":{"confidence_level":0.95,"lower_bound":345926.6901961698,"upper_bound":367849.32963288017},"point_estimate":356861.0974956899,"standard_error":5579.415599829424},"std_dev":{"confidence_interval":{"confidence_level":0.95,"lower_bound":82340.5030601925,"upper_bound":183475.22420701027},"point_estimate":138558.71800057293,"standard_error":25514.42731080633}}