{"mean":{"confidence_interval":{"confidence_level":0.95,"lower_bound":293566.1535773009,"upper_bound":297260.15194608347},"point_estimate":295191.4542416086,"standard_error":948.1792148251287},"median":{"confidence_interval":{"confidence_level":0.95,"lower_bound":292632.5131578947,"upper_bound":293939.3020833333},"point_estimate":293151.6145833333,"standard_error":327.78937125138845},"median_abs_dev":{"confidence_interval":{"confidence_level":0.95,"lower_bound":1991.0477506518732,"upper_bound":3815.2946647164504},"point_estimate":2691.623748805026,"standard_error":463.3171591246622},"slope":{"confidence_interval":{"confidence_level":0.95,"lower_bound":292572.9447539446,"upper_bound":293657.01656329585},"point_estimate":293112.5941377272,"standard_error":276.53631251040565},"std_dev":{"confidence_interval":{"confidence_level":0.95,"lower_bound":4200.703459058819,"upper_bound":14029.921135870438},"point_estimate":9510.086794315117,"standard_error":2607.7998724078043}}