{"mean":{"confidence_interval":{"confidence_level":0.95,"lower_bound":238759.54101603795,"upper_bound":240579.19105065288},"point_estimate":239566.31593720507,"standard_error":466.024859771859},"median":{"confidence_interval":{"confidence_level":0.95,"lower_bound":238109.06666666668,"upper_bound":238748.90625},"point_estimate":238401.61330508476,"standard_error":161.4972434707092},"median_abs_dev":{"confidence_interval":{"confidence_level":0.95,"lower_bound":1077.8745776642083,"upper_bound":1797.1563385577615},"point_estimate":1502.5364584149843,"standard_error":181.13585768731895},"slope":{"confidence_interval":{"confidence_level":0.95,"lower_bound":237854.11419055253,"upper_bound":238752.6894273051},"point_estimate":238248.7888702527,"standard_error":228.76984590646967},"std_dev":{"confidence_interval":{"confidence_level":0.95,"lower_bound":2185.2532140874614,"upper_bound":6840.957238744109},"point_estimate":4679.098844750467,"standard_error":1220.3314719910331}}