{"mean":{"confidence_interval":{"confidence_level":0.95,"lower_bound":263752.6876385999,"upper_bound":265384.9231050616},"point_estimate":264478.52567567385,"standard_error":417.9064561751454},"median":{"confidence_interval":{"confidence_level":0.95,"lower_bound":263056.4772727273,"upper_bound":264081.0973913043},"point_estimate":263638.8163082437,"standard_error":272.325323780305},"median_abs_dev":{"confidence_interval":{"confidence_level":0.95,"lower_bound":1486.433501762304,"upper_bound":2343.7225293487422},"point_estimate":1873.1134688795273,"standard_error":219.347657084609},"slope":{"confidence_interval":{"confidence_level":0.95,"lower_bound":262654.8180288734,"upper_bound":263345.00713798555},"point_estimate":262998.0430633959,"standard_error":176.33221901875706},"std_dev":{"confidence_interval":{"confidence_level":0.95,"lower_bound":2210.2909756890544,"upper_bound":6194.59921506104},"point_estimate":4196.721573776669,"standard_error":1093.0985163196165}}