{"mean":{"confidence_interval":{"confidence_level":0.95,"lower_bound":324615.65724331106,"upper_bound":330370.1143702752},"point_estimate":327368.4355529268,"standard_error":1468.3493235153937},"median":{"confidence_interval":{"confidence_level":0.95,"lower_bound":322178.36406822345,"upper_bound":328320.50694444444},"point_estimate":325152.51111111115,"standard_error":1698.7126642801607},"median_abs_dev":{"confidence_interval":{"confidence_level":0.95,"lower_bound":8761.855889463515,"upper_bound":14121.287215113354},"point_estimate":11342.092094791484,"standard_error":1368.5426004692276},"slope":{"confidence_interval":{"confidence_level":0.95,"lower_bound":324366.4281922985,"upper_bound":329522.45567089925},"point_estimate":326927.7146645485,"standard_error":1317.115303023853},"std_dev":{"confidence_interval":{"confidence_level":0.95,"lower_bound":10686.1851592514,"upper_bound":18482.006414935207},"point_estimate":14764.720557206703,"standard_error":1997.2411672767714}}