{"mean":{"confidence_interval":{"confidence_level":0.95,"lower_bound":302318.97537842306,"upper_bound":304749.5924907676},"point_estimate":303396.05332501675,"standard_error":622.6609979398845},"median":{"confidence_interval":{"confidence_level":0.95,"lower_bound":302270.0405172414,"upper_bound":303083.3693181818},"point_estimate":302646.2116071429,"standard_error":259.1593668166088},"median_abs_dev":{"confidence_interval":{"confidence_level":0.95,"lower_bound":1940.9809865093096,"upper_bound":3781.1997744014666},"point_estimate":3217.26607693478,"standard_error":469.0200127967249},"slope":{"confidence_interval":{"confidence_level":0.95,"lower_bound":301244.1792340305,"upper_bound":302692.34357382497},"point_estimate":301931.9178299098,"standard_error":369.59846612579673},"std_dev":{"confidence_interval":{"confidence_level":0.95,"lower_bound":3264.7111182645926,"upper_bound":9254.212796892201},"point_estimate":6234.660737104662,"standard_error":1719.2444337617558}}