{"mean":{"confidence_interval":{"confidence_level":0.95,"lower_bound":296402.091617168,"upper_bound":301494.7422328912},"point_estimate":298848.5119418305,"standard_error":1297.0461311037309},"median":{"confidence_interval":{"confidence_level":0.95,"lower_bound":296250.17333333334,"upper_bound":301157.9905660377},"point_estimate":299775.0138392857,"standard_error":1117.4102902364036},"median_abs_dev":{"confidence_interval":{"confidence_level":0.95,"lower_bound":7203.327851194222,"upper_bound":14519.531319726762},"point_estimate":10243.093385243355,"standard_error":1801.2821357700286},"slope":{"confidence_interval":{"confidence_level":0.95,"lower_bound":294737.3204599438,"upper_bound":301266.15893468604},"point_estimate":297833.65135953896,"standard_error":1669.4337263955672},"std_dev":{"confidence_interval":{"confidence_level":0.95,"lower_bound":9661.87022733767,"upper_bound":16816.204232832093},"point_estimate":12990.788454790261,"standard_error":1922.3718664132423}}