{"mean":{"confidence_interval":{"confidence_level":0.95,"lower_bound":278066.7586652918,"upper_bound":285351.0978671793},"point_estimate":281656.42383712844,"standard_error":1851.5246040824195},"median":{"confidence_interval":{"confidence_level":0.95,"lower_bound":274130.44680851063,"upper_bound":283886.75029411766},"point_estimate":278595.525,"standard_error":2656.1942840321562},"median_abs_dev":{"confidence_interval":{"confidence_level":0.95,"lower_bound":14140.454662328826,"upper_bound":21914.8054579683},"point_estimate":18051.557895047088,"standard_error":1983.3196590755513},"slope":{"confidence_interval":{"confidence_level":0.95,"lower_bound":280691.2268120619,"upper_bound":290997.34410713986},"point_estimate":285769.0029688193,"standard_error":2635.1910002390205},"std_dev":{"confidence_interval":{"confidence_level":0.95,"lower_bound":15523.593440548259,"upper_bound":21465.924762720304},"point_estimate":18664.4546906585,"standard_error":1507.957502954761}}