{"mean":{"confidence_interval":{"confidence_level":0.95,"lower_bound":239504.16382062974,"upper_bound":241251.45254328413},"point_estimate":240294.39651058774,"standard_error":445.27257697428695},"median":{"confidence_interval":{"confidence_level":0.95,"lower_bound":238586.04178571427,"upper_bound":239952.07291666666},"point_estimate":239121.3344684185,"standard_error":337.2517226610901},"median_abs_dev":{"confidence_interval":{"confidence_level":0.95,"lower_bound":1903.9374008019245,"upper_bound":3338.843207918887},"point_estimate":2647.048894137252,"standard_error":356.20544294381847},"slope":{"confidence_interval":{"confidence_level":0.95,"lower_bound":238499.41687771687,"upper_bound":239854.42416147224},"point_estimate":239152.53716639575,"standard_error":346.1812873866757},"std_dev":{"confidence_interval":{"confidence_level":0.95,"lower_bound":2515.5677071740924,"upper_bound":6488.752473549289},"point_estimate":4480.056517914047,"standard_error":1092.6162952479215}}