{"mean":{"confidence_interval":{"confidence_level":0.95,"lower_bound":30442.203537918638,"upper_bound":30972.479299671217},"point_estimate":30685.02064177086,"standard_error":135.32129049886274},"median":{"confidence_interval":{"confidence_level":0.95,"lower_bound":30409.118888065732,"upper_bound":30656.090711805555},"point_estimate":30511.807705231597,"standard_error":53.36859741593975},"median_abs_dev":{"confidence_interval":{"confidence_level":0.95,"lower_bound":421.26665324474425,"upper_bound":826.7891991802522},"point_estimate":610.677042616038,"standard_error":99.79393763965874},"slope":{"confidence_interval":{"confidence_level":0.95,"lower_bound":29935.50270605696,"upper_bound":30224.073591107153},"point_estimate":30080.245437232155,"standard_error":73.55009995703384},"std_dev":{"confidence_interval":{"confidence_level":0.95,"lower_bound":799.9481994790323,"upper_bound":1909.8615810280767},"point_estimate":1364.3271626594358,"standard_error":293.6193007560426}}