{"mean":{"confidence_interval":{"confidence_level":0.95,"lower_bound":1566404.8426329168,"upper_bound":1625217.600231773},"point_estimate":1595078.5210765789,"standard_error":15005.168424494826},"median":{"confidence_interval":{"confidence_level":0.95,"lower_bound":1541717.4516129033,"upper_bound":1591801.0612244897},"point_estimate":1562356.4617333566,"standard_error":13397.375919929347},"median_abs_dev":{"confidence_interval":{"confidence_level":0.95,"lower_bound":81171.42393588676,"upper_bound":128876.02739670034},"point_estimate":99432.77274063407,"standard_error":12455.709790428966},"slope":{"confidence_interval":{"confidence_level":0.95,"lower_bound":1526808.360587191,"upper_bound":1565712.866399475},"point_estimate":1547159.011931432,"standard_error":9969.062794131865},"std_dev":{"confidence_interval":{"confidence_level":0.95,"lower_bound":122832.23661189438,"upper_bound":173070.82838405026},"point_estimate":150402.38854515698,"standard_error":12863.58167586761}}