{"mean":{"confidence_interval":{"confidence_level":0.95,"lower_bound":1690001.6787009342,"upper_bound":1735568.1569486735},"point_estimate":1711622.636174322,"standard_error":11668.478889347334},"median":{"confidence_interval":{"confidence_level":0.95,"lower_bound":1672593.9292682926,"upper_bound":1694836.8585281386},"point_estimate":1687208.6703023345,"standard_error":5819.767526966696},"median_abs_dev":{"confidence_interval":{"confidence_level":0.95,"lower_bound":44789.40130212126,"upper_bound":71805.85839259056},"point_estimate":58758.19993358191,"standard_error":6858.418689690077},"slope":{"confidence_interval":{"confidence_level":0.95,"lower_bound":1677597.5304945554,"upper_bound":1691969.3980225846},"point_estimate":1685238.6037091769,"standard_error":3678.1006437961028},"std_dev":{"confidence_interval":{"confidence_level":0.95,"lower_bound":91136.43436822509,"upper_bound":138128.2388762892},"point_estimate":117123.30571112143,"standard_error":11981.832150335462}}