{"mean":{"confidence_interval":{"confidence_level":0.95,"lower_bound":1660591.484665415,"upper_bound":1706074.530739713},"point_estimate":1682398.122409614,"standard_error":11540.93753335776},"median":{"confidence_interval":{"confidence_level":0.95,"lower_bound":1642437.4725274725,"upper_bound":1658026.7238863287},"point_estimate":1650861.3249472203,"standard_error":4602.813336292621},"median_abs_dev":{"confidence_interval":{"confidence_level":0.95,"lower_bound":28151.823823961568,"upper_bound":62584.89523857331},"point_estimate":42079.10105510002,"standard_error":8739.440196796579},"slope":{"confidence_interval":{"confidence_level":0.95,"lower_bound":1641374.0502872912,"upper_bound":1652138.6886343078},"point_estimate":1646976.7897207034,"standard_error":2746.5306666499678},"std_dev":{"confidence_interval":{"confidence_level":0.95,"lower_bound":89242.16294979841,"upper_bound":137330.57381050597},"point_estimate":116302.71967129323,"standard_error":12246.961872824555}}