{"mean":{"confidence_interval":{"confidence_level":0.95,"lower_bound":2207043.1064047622,"upper_bound":2258022.9139642855},"point_estimate":2230922.556666666,"standard_error":13071.86285117721},"median":{"confidence_interval":{"confidence_level":0.95,"lower_bound":2169174.9523809524,"upper_bound":2245284.9285714286},"point_estimate":2204256.095238095,"standard_error":19816.93017844287},"median_abs_dev":{"confidence_interval":{"confidence_level":0.95,"lower_bound":71105.28293762908,"upper_bound":109857.85346463381},"point_estimate":83936.86800982285,"standard_error":9891.83007937871},"slope":null,"std_dev":{"confidence_interval":{"confidence_level":0.95,"lower_bound":87385.9168455448,"upper_bound":169623.12259733406},"point_estimate":131117.81412338,"standard_error":20923.112309059514}}