{"mean":{"confidence_interval":{"confidence_level":0.95,"lower_bound":1994189.2210499998,"upper_bound":2044387.370909999},"point_estimate":2017548.2895999996,"standard_error":12752.15335342629},"median":{"confidence_interval":{"confidence_level":0.95,"lower_bound":1967933.56,"upper_bound":2017765.44},"point_estimate":1998610.18,"standard_error":14318.141900863073},"median_abs_dev":{"confidence_interval":{"confidence_level":0.95,"lower_bound":75799.1097342967,"upper_bound":124621.10462853307},"point_estimate":91565.10750639431,"standard_error":12024.36605380088},"slope":null,"std_dev":{"confidence_interval":{"confidence_level":0.95,"lower_bound":86241.22344263943,"upper_bound":176142.54645039982},"point_estimate":127787.55037743016,"standard_error":26355.925648946108}}