{"mean":{"confidence_interval":{"confidence_level":0.95,"lower_bound":1659079.3733505667,"upper_bound":1703276.6927007681},"point_estimate":1680561.5660548415,"standard_error":11328.432477645632},"median":{"confidence_interval":{"confidence_level":0.95,"lower_bound":1644276.0547875063,"upper_bound":1673427.2962962964},"point_estimate":1657323.401079622,"standard_error":7270.061479844874},"median_abs_dev":{"confidence_interval":{"confidence_level":0.95,"lower_bound":46330.79718177102,"upper_bound":101967.40385893075},"point_estimate":72005.42724118849,"standard_error":13880.281750131415},"slope":{"confidence_interval":{"confidence_level":0.95,"lower_bound":1659548.7140012623,"upper_bound":1685531.7249833294},"point_estimate":1672429.2224619477,"standard_error":6616.637613049674},"std_dev":{"confidence_interval":{"confidence_level":0.95,"lower_bound":92984.38477440072,"upper_bound":131308.07380317638},"point_estimate":114052.20487195493,"standard_error":9800.21920012667}}