{"mean":{"confidence_interval":{"confidence_level":0.95,"lower_bound":1705587.1470380481,"upper_bound":1784794.551161702},"point_estimate":1744483.2127219972,"standard_error":20252.187620332497},"median":{"confidence_interval":{"confidence_level":0.95,"lower_bound":1668371.075,"upper_bound":1772901.6024096385},"point_estimate":1718402.308497537,"standard_error":27995.753183504297},"median_abs_dev":{"confidence_interval":{"confidence_level":0.95,"lower_bound":130242.96148858333,"upper_bound":207797.1768992756},"point_estimate":163509.81939724044,"standard_error":19886.46893743305},"slope":{"confidence_interval":{"confidence_level":0.95,"lower_bound":1691194.7151667597,"upper_bound":1757234.635081551},"point_estimate":1725798.92281661,"standard_error":16868.985053544497},"std_dev":{"confidence_interval":{"confidence_level":0.95,"lower_bound":171853.81344026647,"upper_bound":231484.40523982132},"point_estimate":203683.96055481932,"standard_error":15222.24909235242}}