{"mean":{"confidence_interval":{"confidence_level":0.95,"lower_bound":490275870.89,"upper_bound":497033821.871},"point_estimate":493641205.0,"standard_error":1728577.2717870956},"median":{"confidence_interval":{"confidence_level":0.95,"lower_bound":486953068.0,"upper_bound":499462973.0},"point_estimate":493503288.5,"standard_error":2878911.316158584},"median_abs_dev":{"confidence_interval":{"confidence_level":0.95,"lower_bound":17190754.849103093,"upper_bound":25209331.5723449},"point_estimate":22716717.77959764,"standard_error":2065620.5447143961},"slope":null,"std_dev":{"confidence_interval":{"confidence_level":0.95,"lower_bound":15639720.061634474,"upper_bound":19035605.121089336},"point_estimate":17461372.756333116,"standard_error":870364.397458317}}