{"mean":{"confidence_interval":{"confidence_level":0.95,"lower_bound":353379522.30175,"upper_bound":353944035.51449996},"point_estimate":353659453.11,"standard_error":144205.5084117821},"median":{"confidence_interval":{"confidence_level":0.95,"lower_bound":353169308.0,"upper_bound":353885486.0},"point_estimate":353558132.5,"standard_error":171414.2321343411},"median_abs_dev":{"confidence_interval":{"confidence_level":0.95,"lower_bound":949070.0645506382,"upper_bound":1610337.1921057992},"point_estimate":1232328.9438217878,"standard_error":166392.1250238832},"slope":null,"std_dev":{"confidence_interval":{"confidence_level":0.95,"lower_bound":1216202.121257586,"upper_bound":1660488.616219671},"point_estimate":1449251.5412614625,"standard_error":113216.77201473556}}