{"mean":{"confidence_interval":{"confidence_level":0.95,"lower_bound":418554513.74525005,"upper_bound":419722762.4875},"point_estimate":419127750.07,"standard_error":298608.3650337346},"median":{"confidence_interval":{"confidence_level":0.95,"lower_bound":418032930.0,"upper_bound":418874112.5},"point_estimate":418583682.0,"standard_error":196144.01316168526},"median_abs_dev":{"confidence_interval":{"confidence_level":0.95,"lower_bound":2165948.1668767342,"upper_bound":3689769.534793496},"point_estimate":3019868.597486615,"standard_error":414309.41164828883},"slope":null,"std_dev":{"confidence_interval":{"confidence_level":0.95,"lower_bound":2548113.9829160846,"upper_bound":3365395.0889821113},"point_estimate":2988490.301376844,"standard_error":209118.01389696385}}