{"mean":{"confidence_interval":{"confidence_level":0.95,"lower_bound":309207545.0995,"upper_bound":310120221.7435},"point_estimate":309613227.78,"standard_error":233249.89739166535},"median":{"confidence_interval":{"confidence_level":0.95,"lower_bound":309131892.0,"upper_bound":309537184.0},"point_estimate":309361215.5,"standard_error":110326.26494113146},"median_abs_dev":{"confidence_interval":{"confidence_level":0.95,"lower_bound":778440.5987799168,"upper_bound":1369346.5523817367},"point_estimate":1122132.4768781662,"standard_error":134466.7122786306},"slope":null,"std_dev":{"confidence_interval":{"confidence_level":0.95,"lower_bound":1254697.078519812,"upper_bound":3516365.0842242157},"point_estimate":2339761.6372183943,"standard_error":682481.4308763958}}