{"mean":{"confidence_interval":{"confidence_level":0.95,"lower_bound":362387385.01425,"upper_bound":363620023.59800005},"point_estimate":363004058.35,"standard_error":314363.55825535645},"median":{"confidence_interval":{"confidence_level":0.95,"lower_bound":362044557.0,"upper_bound":364178112.0},"point_estimate":363245555.5,"standard_error":528899.2468098733},"median_abs_dev":{"confidence_interval":{"confidence_level":0.95,"lower_bound":2683509.65885818,"upper_bound":4275460.276195407},"point_estimate":3339371.8570142984,"standard_error":399303.5121389709},"slope":null,"std_dev":{"confidence_interval":{"confidence_level":0.95,"lower_bound":2795392.911428267,"upper_bound":3520996.0043509775},"point_estimate":3180082.416399048,"standard_error":184645.59128014755}}