{"mean":{"confidence_interval":{"confidence_level":0.95,"lower_bound":387539108.68,"upper_bound":388434836.37825},"point_estimate":387981073.47,"standard_error":229009.57332665392},"median":{"confidence_interval":{"confidence_level":0.95,"lower_bound":387420987.0,"upper_bound":388324302.5},"point_estimate":387769821.5,"standard_error":227295.67990719536},"median_abs_dev":{"confidence_interval":{"confidence_level":0.95,"lower_bound":1570307.6229214668,"upper_bound":2740016.176979989},"point_estimate":2045141.3990914822,"standard_error":305183.747632146},"slope":null,"std_dev":{"confidence_interval":{"confidence_level":0.95,"lower_bound":1954424.9071129262,"upper_bound":2608099.096533878},"point_estimate":2302805.0453447076,"standard_error":167527.86855635067}}