{"mean":{"confidence_interval":{"confidence_level":0.95,"lower_bound":341934139.9495,"upper_bound":342795677.49050003},"point_estimate":342357320.99,"standard_error":218812.2073247466},"median":{"confidence_interval":{"confidence_level":0.95,"lower_bound":341568530.0,"upper_bound":342654205.0},"point_estimate":342161243.0,"standard_error":300422.80087171245},"median_abs_dev":{"confidence_interval":{"confidence_level":0.95,"lower_bound":1747494.6283757687,"upper_bound":2806509.85917449},"point_estimate":2280870.3471064568,"standard_error":266663.95445464394},"slope":null,"std_dev":{"confidence_interval":{"confidence_level":0.95,"lower_bound":1893046.3511997298,"upper_bound":2473700.344374707},"point_estimate":2200988.099304462,"standard_error":148227.87395215896}}