{"mean":{"confidence_interval":{"confidence_level":0.95,"lower_bound":335873302.55499995,"upper_bound":336974679.2},"point_estimate":336413297.21,"standard_error":282195.93574552576},"median":{"confidence_interval":{"confidence_level":0.95,"lower_bound":335444865.0,"upper_bound":336465385.0},"point_estimate":335811774.0,"standard_error":250332.421751618},"median_abs_dev":{"confidence_interval":{"confidence_level":0.95,"lower_bound":1818773.5873103142,"upper_bound":3325889.834153652},"point_estimate":2368048.7081587315,"standard_error":405958.8610179908},"slope":null,"std_dev":{"confidence_interval":{"confidence_level":0.95,"lower_bound":2377122.3512132596,"upper_bound":3245590.137320427},"point_estimate":2841006.915212051,"standard_error":221588.68355650918}}