{"mean":{"confidence_interval":{"confidence_level":0.95,"lower_bound":352864207.12675005,"upper_bound":353564386.96900004},"point_estimate":353208910.1,"standard_error":179037.97608726003},"median":{"confidence_interval":{"confidence_level":0.95,"lower_bound":352583907.5,"upper_bound":353415654.5},"point_estimate":352923587.0,"standard_error":217713.082763524},"median_abs_dev":{"confidence_interval":{"confidence_level":0.95,"lower_bound":1183868.366029635,"upper_bound":2144456.32352829},"point_estimate":1720220.7192599773,"standard_error":254132.4717942274},"slope":null,"std_dev":{"confidence_interval":{"confidence_level":0.95,"lower_bound":1523717.204360235,"upper_bound":2057597.2604952257},"point_estimate":1805523.457046756,"standard_error":136409.29224118925}}