{"mean":{"confidence_interval":{"confidence_level":0.95,"lower_bound":3329148.48575,"upper_bound":3476340.30575},"point_estimate":3400090.13,"standard_error":37575.199984622384},"median":{"confidence_interval":{"confidence_level":0.95,"lower_bound":3271862.0,"upper_bound":3459165.0},"point_estimate":3323612.5,"standard_error":48209.00238688512},"median_abs_dev":{"confidence_interval":{"confidence_level":0.95,"lower_bound":254640.99327921867,"upper_bound":374215.6463563442},"point_estimate":315651.4647960663,"standard_error":29785.8130897122},"slope":null,"std_dev":{"confidence_interval":{"confidence_level":0.95,"lower_bound":290044.28661062644,"upper_bound":459457.8208384634},"point_estimate":377757.2185830858,"standard_error":43521.621966048406}}