{"mean":{"confidence_interval":{"confidence_level":0.95,"lower_bound":3674898.4845000003,"upper_bound":3784213.7975000003},"point_estimate":3728623.16,"standard_error":27860.5114673688},"median":{"confidence_interval":{"confidence_level":0.95,"lower_bound":3629939.0,"upper_bound":3815741.0},"point_estimate":3741290.0,"standard_error":55577.48592757183},"median_abs_dev":{"confidence_interval":{"confidence_level":0.95,"lower_bound":211420.23884654045,"upper_bound":322988.8520658016},"point_estimate":257677.35802531242,"standard_error":28202.13720041823},"slope":null,"std_dev":{"confidence_interval":{"confidence_level":0.95,"lower_bound":237572.29839246767,"upper_bound":323266.3133447966},"point_estimate":282249.2535930839,"standard_error":21866.177199597678}}