{"mean":{"confidence_interval":{"confidence_level":0.95,"lower_bound":4792595.458000001,"upper_bound":5043387.393},"point_estimate":4910894.5,"standard_error":64249.59226006597},"median":{"confidence_interval":{"confidence_level":0.95,"lower_bound":4712216.0,"upper_bound":4883418.0},"point_estimate":4793817.0,"standard_error":46993.58713576694},"median_abs_dev":{"confidence_interval":{"confidence_level":0.95,"lower_bound":303863.3124053478,"upper_bound":549458.9632451534},"point_estimate":392079.49343919754,"standard_error":62187.13986267059},"slope":null,"std_dev":{"confidence_interval":{"confidence_level":0.95,"lower_bound":435905.16955063114,"upper_bound":832923.1013552855},"point_estimate":646355.5120614133,"standard_error":101432.102080153}}