{"mean":{"confidence_interval":{"confidence_level":0.95,"lower_bound":8598452.69725,"upper_bound":8672334.62875},"point_estimate":8633510.05,"standard_error":18882.36337907222},"median":{"confidence_interval":{"confidence_level":0.95,"lower_bound":8574215.0,"upper_bound":8631665.0},"point_estimate":8598415.0,"standard_error":14864.544957632146},"median_abs_dev":{"confidence_interval":{"confidence_level":0.95,"lower_bound":96147.34959304333,"upper_bound":162716.08841121197},"point_estimate":136399.93887841702,"standard_error":16567.135887132652},"slope":null,"std_dev":{"confidence_interval":{"confidence_level":0.95,"lower_bound":132396.46375742782,"upper_bound":242691.41867455037},"point_estimate":190709.61944325035,"standard_error":28359.14162166265}}