{"mean":{"confidence_interval":{"confidence_level":0.95,"lower_bound":4663786.98275,"upper_bound":4954269.79125},"point_estimate":4788417.4,"standard_error":75009.7185755857},"median":{"confidence_interval":{"confidence_level":0.95,"lower_bound":4582329.0,"upper_bound":4712180.0},"point_estimate":4618079.0,"standard_error":32217.606558602118},"median_abs_dev":{"confidence_interval":{"confidence_level":0.95,"lower_bound":189995.18662691116,"upper_bound":298895.1198935509},"point_estimate":252710.64811348915,"standard_error":28345.933160777862},"slope":null,"std_dev":{"confidence_interval":{"confidence_level":0.95,"lower_bound":268106.92540186323,"upper_bound":1166050.7744878847},"point_estimate":754294.1034325882,"standard_error":245246.7186451569}}