{"mean":{"confidence_interval":{"confidence_level":0.95,"lower_bound":9218794.75275,"upper_bound":9537054.249499999},"point_estimate":9354720.5,"standard_error":82570.10704808921},"median":{"confidence_interval":{"confidence_level":0.95,"lower_bound":9096947.5,"upper_bound":9325663.5},"point_estimate":9188403.5,"standard_error":63028.68731034316},"median_abs_dev":{"confidence_interval":{"confidence_level":0.95,"lower_bound":298468.13110113144,"upper_bound":499671.77352905273},"point_estimate":378238.6813849211,"standard_error":48828.40126871119},"slope":null,"std_dev":{"confidence_interval":{"confidence_level":0.95,"lower_bound":381118.10044225736,"upper_bound":1296833.668223886},"point_estimate":833249.6253102589,"standard_error":289811.15996181197}}