{"mean":{"confidence_interval":{"confidence_level":0.95,"lower_bound":4202885.2672500005,"upper_bound":4517678.307},"point_estimate":4347911.01,"standard_error":80534.03949253669},"median":{"confidence_interval":{"confidence_level":0.95,"lower_bound":4025163.0,"upper_bound":4157972.0},"point_estimate":4080066.5,"standard_error":35110.993695187186},"median_abs_dev":{"confidence_interval":{"confidence_level":0.95,"lower_bound":194826.23864114285,"upper_bound":409231.6925346834},"point_estimate":293350.9372919798,"standard_error":53151.061619464796},"slope":null,"std_dev":{"confidence_interval":{"confidence_level":0.95,"lower_bound":497640.4056930357,"upper_bound":1055495.0081908081},"point_estimate":806977.2792276663,"standard_error":141315.05972670775}}