{"mean":{"confidence_interval":{"confidence_level":0.95,"lower_bound":3395972.17975,"upper_bound":3456380.0},"point_estimate":3425207.61,"standard_error":15356.738595027226},"median":{"confidence_interval":{"confidence_level":0.95,"lower_bound":3366593.5,"upper_bound":3413744.0},"point_estimate":3390544.5,"standard_error":12528.186685622006},"median_abs_dev":{"confidence_interval":{"confidence_level":0.95,"lower_bound":63085.370180010796,"upper_bound":139217.62012839317},"point_estimate":91775.16227066517,"standard_error":21313.992155217336},"slope":null,"std_dev":{"confidence_interval":{"confidence_level":0.95,"lower_bound":124276.78046575437,"upper_bound":181587.18876064027},"point_estimate":154758.26939435993,"standard_error":14607.63168692153}}