{"mean":{"confidence_interval":{"confidence_level":0.95,"lower_bound":11624864.9045,"upper_bound":12627083.605},"point_estimate":12072534.33,"standard_error":258193.10609507412},"median":{"confidence_interval":{"confidence_level":0.95,"lower_bound":11149793.0,"upper_bound":11400793.0},"point_estimate":11258343.0,"standard_error":61806.07589408773},"median_abs_dev":{"confidence_interval":{"confidence_level":0.95,"lower_bound":370648.1401696803,"upper_bound":710906.6873788834},"point_estimate":503490.9510612488,"standard_error":86171.96069160299},"slope":null,"std_dev":{"confidence_interval":{"confidence_level":0.95,"lower_bound":1277470.3447876987,"upper_bound":3678183.7803040394},"point_estimate":2585571.057530356,"standard_error":617000.3979370082}}