{"mean":{"confidence_interval":{"confidence_level":0.95,"lower_bound":212615066.57250002,"upper_bound":213331416.385},"point_estimate":212976051.14,"standard_error":182234.02202909093},"median":{"confidence_interval":{"confidence_level":0.95,"lower_bound":212648425.0,"upper_bound":213484568.0},"point_estimate":213138210.0,"standard_error":153141.84177457166},"median_abs_dev":{"confidence_interval":{"confidence_level":0.95,"lower_bound":1185587.014451623,"upper_bound":2071705.1428198814},"point_estimate":1510583.3068817854,"standard_error":232489.69974198236},"slope":null,"std_dev":{"confidence_interval":{"confidence_level":0.95,"lower_bound":1548912.1159210256,"upper_bound":2083205.5592794395},"point_estimate":1834004.039206126,"standard_error":136941.2194516672}}