{"mean":{"confidence_interval":{"confidence_level":0.95,"lower_bound":228826444.437,"upper_bound":230806647.14275},"point_estimate":229799672.42,"standard_error":508175.0604762538},"median":{"confidence_interval":{"confidence_level":0.95,"lower_bound":227716296.0,"upper_bound":229325041.5},"point_estimate":228425716.5,"standard_error":415913.4852050228},"median_abs_dev":{"confidence_interval":{"confidence_level":0.95,"lower_bound":3244572.190797329,"upper_bound":5425487.871578336},"point_estimate":4367853.682655096,"standard_error":546791.4573302593},"slope":null,"std_dev":{"confidence_interval":{"confidence_level":0.95,"lower_bound":4224322.9608627325,"upper_bound":5921095.026467795},"point_estimate":5114250.103910836,"standard_error":433272.61632993486}}