{"mean":{"confidence_interval":{"confidence_level":0.95,"lower_bound":225478762.118,"upper_bound":228211063.1965},"point_estimate":226835799.81,"standard_error":696246.1457481955},"median":{"confidence_interval":{"confidence_level":0.95,"lower_bound":225138668.5,"upper_bound":227678638.5},"point_estimate":226527733.5,"standard_error":665022.0350735476},"median_abs_dev":{"confidence_interval":{"confidence_level":0.95,"lower_bound":4059909.513822198,"upper_bound":7359957.630434632},"point_estimate":5670552.751627564,"standard_error":848025.0699813666},"slope":null,"std_dev":{"confidence_interval":{"confidence_level":0.95,"lower_bound":5750422.387680346,"upper_bound":8147685.548710989},"point_estimate":6999312.002502791,"standard_error":613198.1326278112}}