{"mean":{"confidence_interval":{"confidence_level":0.95,"lower_bound":219265656.96725002,"upper_bound":221480310.44375},"point_estimate":220349855.09,"standard_error":563075.2361119278},"median":{"confidence_interval":{"confidence_level":0.95,"lower_bound":217844972.0,"upper_bound":221595417.5},"point_estimate":219829119.5,"standard_error":883794.693271467},"median_abs_dev":{"confidence_interval":{"confidence_level":0.95,"lower_bound":4713912.1238963315,"upper_bound":7171036.6430861475},"point_estimate":5743945.156824589,"standard_error":611265.6689122407},"slope":null,"std_dev":{"confidence_interval":{"confidence_level":0.95,"lower_bound":4851198.727446553,"upper_bound":6429176.38661287},"point_estimate":5684655.555906401,"standard_error":403614.8797501777}}