{"mean":{"confidence_interval":{"confidence_level":0.95,"lower_bound":173412364.58725002,"upper_bound":175799354.35575},"point_estimate":174607613.89,"standard_error":610687.5188513759},"median":{"confidence_interval":{"confidence_level":0.95,"lower_bound":173153234.0,"upper_bound":176671655.0},"point_estimate":175260515.5,"standard_error":844612.9241222844},"median_abs_dev":{"confidence_interval":{"confidence_level":0.95,"lower_bound":5280276.841056347,"upper_bound":8693328.727662563},"point_estimate":7370374.377849698,"standard_error":868801.9737204049},"slope":null,"std_dev":{"confidence_interval":{"confidence_level":0.95,"lower_bound":5405094.253765976,"upper_bound":6745989.560397534},"point_estimate":6120101.4391063005,"standard_error":341242.7396678761}}