{"mean":{"confidence_interval":{"confidence_level":0.95,"lower_bound":202683424.76,"upper_bound":203136100.62},"point_estimate":202907821.21,"standard_error":115627.57962031529},"median":{"confidence_interval":{"confidence_level":0.95,"lower_bound":202689962.0,"upper_bound":203266724.0},"point_estimate":203013147.5,"standard_error":166441.8557600682},"median_abs_dev":{"confidence_interval":{"confidence_level":0.95,"lower_bound":849201.3890236616,"upper_bound":1373647.1857228826},"point_estimate":1152740.7533347607,"standard_error":134666.76651418168},"slope":null,"std_dev":{"confidence_interval":{"confidence_level":0.95,"lower_bound":986032.0425745844,"upper_bound":1325482.2406074535},"point_estimate":1163378.3476452553,"standard_error":86666.14261209972}}