{"mean":{"confidence_interval":{"confidence_level":0.95,"lower_bound":213230496.95425,"upper_bound":215759806.95175},"point_estimate":214467573.13,"standard_error":646037.8771274925},"median":{"confidence_interval":{"confidence_level":0.95,"lower_bound":212202236.0,"upper_bound":214870172.0},"point_estimate":213340555.0,"standard_error":842245.6968452251},"median_abs_dev":{"confidence_interval":{"confidence_level":0.95,"lower_bound":4626708.966359496,"upper_bound":7815653.264844418},"point_estimate":6455961.570283771,"standard_error":805768.9946189245},"slope":null,"std_dev":{"confidence_interval":{"confidence_level":0.95,"lower_bound":5332949.701682101,"upper_bound":7666212.112290428},"point_estimate":6510496.924569978,"standard_error":601620.0088423486}}