{"mean":{"confidence_interval":{"confidence_level":0.95,"lower_bound":172851438.28675002,"upper_bound":173177863.5225},"point_estimate":173013625.19,"standard_error":83222.15559432028},"median":{"confidence_interval":{"confidence_level":0.95,"lower_bound":172770917.0,"upper_bound":173368060.0},"point_estimate":173043372.0,"standard_error":162251.96800082087},"median_abs_dev":{"confidence_interval":{"confidence_level":0.95,"lower_bound":696455.7854354382,"upper_bound":1144707.0073898875},"point_estimate":969250.4740923643,"standard_error":113763.07721270194},"slope":null,"std_dev":{"confidence_interval":{"confidence_level":0.95,"lower_bound":741814.6583063984,"upper_bound":922623.1000020768},"point_estimate":838028.8690311874,"standard_error":46110.56496319355}}