{"mean":{"confidence_interval":{"confidence_level":0.95,"lower_bound":173485996.26775,"upper_bound":173840902.31675002},"point_estimate":173643838.24,"standard_error":91381.71633570877},"median":{"confidence_interval":{"confidence_level":0.95,"lower_bound":173392520.0,"upper_bound":173686183.0},"point_estimate":173515516.0,"standard_error":73133.48324146307},"median_abs_dev":{"confidence_interval":{"confidence_level":0.95,"lower_bound":394067.6600039005,"upper_bound":617393.17663908},"point_estimate":472954.5807033777,"standard_error":59985.83885407354},"slope":null,"std_dev":{"confidence_interval":{"confidence_level":0.95,"lower_bound":434915.6187838573,"upper_bound":1347040.6040850552},"point_estimate":919055.5274798772,"standard_error":245436.9096140228}}