{"mean":{"confidence_interval":{"confidence_level":0.95,"lower_bound":21336.38622751269,"upper_bound":22021.7251183657},"point_estimate":21623.387639851193,"standard_error":179.39909454330777},"median":{"confidence_interval":{"confidence_level":0.95,"lower_bound":21160.47211028632,"upper_bound":21249.739100363382},"point_estimate":21194.228960064327,"standard_error":20.613516396892315},"median_abs_dev":{"confidence_interval":{"confidence_level":0.95,"lower_bound":167.47852659239717,"upper_bound":356.17569409079294},"point_estimate":230.90755836859074,"standard_error":45.817504956048296},"slope":{"confidence_interval":{"confidence_level":0.95,"lower_bound":21056.446920597235,"upper_bound":21121.24255590975},"point_estimate":21086.81622104402,"standard_error":16.554639183606266},"std_dev":{"confidence_interval":{"confidence_level":0.95,"lower_bound":558.4770501842594,"upper_bound":2876.645573462497},"point_estimate":1811.7730855102234,"standard_error":668.4498488432124}}