{"mean":{"confidence_interval":{"confidence_level":0.95,"lower_bound":15273.60399377762,"upper_bound":15680.748097258536},"point_estimate":15443.251495973105,"standard_error":105.80735254616931},"median":{"confidence_interval":{"confidence_level":0.95,"lower_bound":15162.474293563579,"upper_bound":15245.341877880184},"point_estimate":15207.221132543928,"standard_error":24.948396457669023},"median_abs_dev":{"confidence_interval":{"confidence_level":0.95,"lower_bound":116.50583379982976,"upper_bound":215.66492309945008},"point_estimate":157.52744539929344,"standard_error":26.330832284488302},"slope":{"confidence_interval":{"confidence_level":0.95,"lower_bound":15104.59437351691,"upper_bound":15146.48731349702},"point_estimate":15124.270012402627,"standard_error":10.74183009733651},"std_dev":{"confidence_interval":{"confidence_level":0.95,"lower_bound":320.54510767380367,"upper_bound":1693.971285505842},"point_estimate":1066.9724258491935,"standard_error":390.94948060513775}}