{"mean":{"confidence_interval":{"confidence_level":0.95,"lower_bound":16813.936891811674,"upper_bound":17372.829290965998},"point_estimate":17047.143034605662,"standard_error":145.21559543540172},"median":{"confidence_interval":{"confidence_level":0.95,"lower_bound":16620.78916666667,"upper_bound":16726.184999999998},"point_estimate":16682.270535714284,"standard_error":33.16945218179051},"median_abs_dev":{"confidence_interval":{"confidence_level":0.95,"lower_bound":156.38834532936198,"upper_bound":321.4928523429016},"point_estimate":259.316058956805,"standard_error":45.33424754478661},"slope":{"confidence_interval":{"confidence_level":0.95,"lower_bound":16554.18828623233,"upper_bound":16640.520404466854},"point_estimate":16594.789392640756,"standard_error":22.013484461331114},"std_dev":{"confidence_interval":{"confidence_level":0.95,"lower_bound":496.25626297035325,"upper_bound":2300.788707182716},"point_estimate":1456.8325051323784,"standard_error":515.1540274567237}}