{"mean":{"confidence_interval":{"confidence_level":0.95,"lower_bound":17241.914109392932,"upper_bound":17776.212263690213},"point_estimate":17463.79548510967,"standard_error":138.8343410633957},"median":{"confidence_interval":{"confidence_level":0.95,"lower_bound":17082.712506203476,"upper_bound":17165.627735294118},"point_estimate":17123.299811320758,"standard_error":22.394808612792335},"median_abs_dev":{"confidence_interval":{"confidence_level":0.95,"lower_bound":113.12842262078202,"upper_bound":218.38306958959157},"point_estimate":169.50121194267436,"standard_error":28.482880784771094},"slope":{"confidence_interval":{"confidence_level":0.95,"lower_bound":17028.308295614395,"upper_bound":17069.917863992636},"point_estimate":17047.781788325698,"standard_error":10.620594191112646},"std_dev":{"confidence_interval":{"confidence_level":0.95,"lower_bound":439.08132658282153,"upper_bound":2222.970327326023},"point_estimate":1397.2195772338162,"standard_error":510.0864505107111}}