{"mean":{"confidence_interval":{"confidence_level":0.95,"lower_bound":9496.456453835808,"upper_bound":11010.164291915928},"point_estimate":10116.569283072482,"standard_error":396.09423020133187},"median":{"confidence_interval":{"confidence_level":0.95,"lower_bound":9132.51799662488,"upper_bound":9505.656842105263},"point_estimate":9249.998758744965,"standard_error":117.30721003961322},"median_abs_dev":{"confidence_interval":{"confidence_level":0.95,"lower_bound":601.1804517269134,"upper_bound":1076.8904166861778},"point_estimate":747.4448905557103,"standard_error":128.0326474964937},"slope":{"confidence_interval":{"confidence_level":0.95,"lower_bound":8923.462208872594,"upper_bound":9203.490610766416},"point_estimate":9056.36630719669,"standard_error":71.6436895031335},"std_dev":{"confidence_interval":{"confidence_level":0.95,"lower_bound":1205.3646854774966,"upper_bound":6418.786622976132},"point_estimate":3998.410930819388,"standard_error":1554.986581467677}}