{"mean":{"confidence_interval":{"confidence_level":0.95,"lower_bound":7949.977997830251,"upper_bound":9060.844691414613},"point_estimate":8416.629609749863,"standard_error":288.8679937763506},"median":{"confidence_interval":{"confidence_level":0.95,"lower_bound":7579.476575464725,"upper_bound":7755.983446251129},"point_estimate":7646.031789916391,"standard_error":48.307029190260295},"median_abs_dev":{"confidence_interval":{"confidence_level":0.95,"lower_bound":194.01261140141216,"upper_bound":415.0410025258584},"point_estimate":292.5395547483892,"standard_error":59.20875306078708},"slope":{"confidence_interval":{"confidence_level":0.95,"lower_bound":7512.831793571344,"upper_bound":7574.668836952359},"point_estimate":7540.549825516225,"standard_error":15.779718341949083},"std_dev":{"confidence_interval":{"confidence_level":0.95,"lower_bound":916.0835153791913,"upper_bound":4593.807809541651},"point_estimate":2911.268566845854,"standard_error":1039.6969791577237}}