{"mean":{"confidence_interval":{"confidence_level":0.95,"lower_bound":7507.909810716812,"upper_bound":8559.973132977137},"point_estimate":7947.534679647389,"standard_error":273.27599746248967},"median":{"confidence_interval":{"confidence_level":0.95,"lower_bound":7136.55,"upper_bound":7352.917317708333},"point_estimate":7231.1351106770835,"standard_error":58.266176622532306},"median_abs_dev":{"confidence_interval":{"confidence_level":0.95,"lower_bound":195.86707811553956,"upper_bound":466.846247689759},"point_estimate":316.2679326780909,"standard_error":73.33014502250106},"slope":{"confidence_interval":{"confidence_level":0.95,"lower_bound":7081.859930361768,"upper_bound":7144.401713828785},"point_estimate":7109.743179792559,"standard_error":15.934783935323292},"std_dev":{"confidence_interval":{"confidence_level":0.95,"lower_bound":870.2636489481953,"upper_bound":4350.950362209458},"point_estimate":2752.885752898899,"standard_error":986.4399790974193}}