{"mean":{"confidence_interval":{"confidence_level":0.95,"lower_bound":8003.37407997326,"upper_bound":9135.077734830757},"point_estimate":8477.24728902108,"standard_error":294.5739679698296},"median":{"confidence_interval":{"confidence_level":0.95,"lower_bound":7671.437879127143,"upper_bound":7807.426624196511},"point_estimate":7724.333275151306,"standard_error":41.391561111310565},"median_abs_dev":{"confidence_interval":{"confidence_level":0.95,"lower_bound":280.89099276928107,"upper_bound":483.9737851025201},"point_estimate":370.66455910693253,"standard_error":57.51749605419953},"slope":{"confidence_interval":{"confidence_level":0.95,"lower_bound":7542.4028352669875,"upper_bound":7624.368180340698},"point_estimate":7579.653996338576,"standard_error":21.00090224141235},"std_dev":{"confidence_interval":{"confidence_level":0.95,"lower_bound":943.682467359955,"upper_bound":4675.101639314713},"point_estimate":2957.6623141346154,"standard_error":1058.59942239439}}