{"mean":{"confidence_interval":{"confidence_level":0.95,"lower_bound":7945.3390570259735,"upper_bound":9027.266700390239},"point_estimate":8399.418968940854,"standard_error":281.14557384814213},"median":{"confidence_interval":{"confidence_level":0.95,"lower_bound":7587.466042154567,"upper_bound":7760.615603758497},"point_estimate":7660.674640014384,"standard_error":48.69187657655313},"median_abs_dev":{"confidence_interval":{"confidence_level":0.95,"lower_bound":216.6403930824494,"upper_bound":443.09541713189117},"point_estimate":299.58270283928664,"standard_error":63.59492741544091},"slope":{"confidence_interval":{"confidence_level":0.95,"lower_bound":7504.294517148577,"upper_bound":7563.56737888028},"point_estimate":7530.624841867598,"standard_error":15.13586063704262},"std_dev":{"confidence_interval":{"confidence_level":0.95,"lower_bound":903.3560702623945,"upper_bound":4450.03665085605},"point_estimate":2821.654234945989,"standard_error":1005.0241101984211}}