{"mean":{"confidence_interval":{"confidence_level":0.95,"lower_bound":185353944.84475,"upper_bound":186429264.94625},"point_estimate":185898759.33,"standard_error":276448.2021562903},"median":{"confidence_interval":{"confidence_level":0.95,"lower_bound":185188117.0,"upper_bound":186893362.0},"point_estimate":186148474.0,"standard_error":412537.15832711756},"median_abs_dev":{"confidence_interval":{"confidence_level":0.95,"lower_bound":2212535.8687846367,"upper_bound":3588679.5119407023},"point_estimate":2755426.1357814074,"standard_error":347237.64938758843},"slope":null,"std_dev":{"confidence_interval":{"confidence_level":0.95,"lower_bound":2409427.4344669287,"upper_bound":3108695.270426037},"point_estimate":2775136.0388737046,"standard_error":178292.40405791358}}