{"mean":{"confidence_interval":{"confidence_level":0.95,"lower_bound":158407316.02125,"upper_bound":158858755.903},"point_estimate":158623936.89,"standard_error":114916.78726862336},"median":{"confidence_interval":{"confidence_level":0.95,"lower_bound":158067755.0,"upper_bound":158577661.0},"point_estimate":158238561.0,"standard_error":157628.42194587135},"median_abs_dev":{"confidence_interval":{"confidence_level":0.95,"lower_bound":598871.0551679134,"upper_bound":1025309.8029971123},"point_estimate":795944.1740691662,"standard_error":111191.18518890833},"slope":null,"std_dev":{"confidence_interval":{"confidence_level":0.95,"lower_bound":898212.5268829097,"upper_bound":1384545.6565578051},"point_estimate":1158783.754775085,"standard_error":124416.08523730272}}