{"mean":{"confidence_interval":{"confidence_level":0.95,"lower_bound":169479006.23174998,"upper_bound":170028261.94225},"point_estimate":169751161.73,"standard_error":140628.05972447482},"median":{"confidence_interval":{"confidence_level":0.95,"lower_bound":169401605.5,"upper_bound":170164226.5},"point_estimate":169791171.0,"standard_error":234640.52852392226},"median_abs_dev":{"confidence_interval":{"confidence_level":0.95,"lower_bound":1141026.7309427261,"upper_bound":1944153.4903118731},"point_estimate":1493598.6415833235,"standard_error":198040.8343731526},"slope":null,"std_dev":{"confidence_interval":{"confidence_level":0.95,"lower_bound":1241566.2662859815,"upper_bound":1567730.1029038643},"point_estimate":1414702.0041367165,"standard_error":83125.67630515395}}