{"mean":{"confidence_interval":{"confidence_level":0.95,"lower_bound":176717505.2795,"upper_bound":180162972.38575},"point_estimate":178383251.75,"standard_error":877933.1987782237},"median":{"confidence_interval":{"confidence_level":0.95,"lower_bound":173956710.0,"upper_bound":178069199.0},"point_estimate":175180687.0,"standard_error":1145740.2155963662},"median_abs_dev":{"confidence_interval":{"confidence_level":0.95,"lower_bound":4920860.507637262,"upper_bound":8922242.163598537},"point_estimate":7034993.213903904,"standard_error":980203.1280750562},"slope":null,"std_dev":{"confidence_interval":{"confidence_level":0.95,"lower_bound":7079532.923865345,"upper_bound":10295097.8827877},"point_estimate":8763864.03997963,"standard_error":821850.96134869}}