{"mean":{"confidence_interval":{"confidence_level":0.95,"lower_bound":180190414.664,"upper_bound":180583384.234},"point_estimate":180383672.76,"standard_error":100342.0673911245},"median":{"confidence_interval":{"confidence_level":0.95,"lower_bound":180012067.0,"upper_bound":180451272.0},"point_estimate":180158475.0,"standard_error":108286.76917564614},"median_abs_dev":{"confidence_interval":{"confidence_level":0.95,"lower_bound":711055.6886762381,"upper_bound":1333691.9318622341},"point_estimate":1031828.0537813902,"standard_error":171686.9401477297},"slope":null,"std_dev":{"confidence_interval":{"confidence_level":0.95,"lower_bound":858531.409186623,"upper_bound":1142702.2380336},"point_estimate":1005987.7818142114,"standard_error":72381.89555626629}}