{"mean":{"confidence_interval":{"confidence_level":0.95,"lower_bound":163153701.936,"upper_bound":165471831.64925},"point_estimate":164289213.72,"standard_error":591067.4768560505},"median":{"confidence_interval":{"confidence_level":0.95,"lower_bound":161349713.0,"upper_bound":164442892.5},"point_estimate":163162913.0,"standard_error":1034643.5280525859},"median_abs_dev":{"confidence_interval":{"confidence_level":0.95,"lower_bound":3819576.3515889645,"upper_bound":6771540.387681127},"point_estimate":5289300.685796142,"standard_error":788918.7202201874},"slope":null,"std_dev":{"confidence_interval":{"confidence_level":0.95,"lower_bound":5016621.744790446,"upper_bound":6848592.686862167},"point_estimate":5975862.175269824,"standard_error":467262.6904415694}}