{"mean":{"confidence_interval":{"confidence_level":0.95,"lower_bound":203407120.41475,"upper_bound":207641171.04875},"point_estimate":205481882.51,"standard_error":1080698.2550479348},"median":{"confidence_interval":{"confidence_level":0.95,"lower_bound":201125757.5,"upper_bound":205804540.5},"point_estimate":203518366.0,"standard_error":1234604.1120088864},"median_abs_dev":{"confidence_interval":{"confidence_level":0.95,"lower_bound":7272184.005492926,"upper_bound":11953507.50708282},"point_estimate":10164263.604748249,"standard_error":1273726.2714772818},"slope":null,"std_dev":{"confidence_interval":{"confidence_level":0.95,"lower_bound":9084048.91908051,"upper_bound":12326980.73755482},"point_estimate":10835303.62801934,"standard_error":825621.1516668049}}