{"mean":{"confidence_interval":{"confidence_level":0.95,"lower_bound":194417839.94975,"upper_bound":195388594.21925},"point_estimate":194938538.84,"standard_error":248690.92425995183},"median":{"confidence_interval":{"confidence_level":0.95,"lower_bound":194742018.0,"upper_bound":195854222.0},"point_estimate":195214915.5,"standard_error":247957.30654562262},"median_abs_dev":{"confidence_interval":{"confidence_level":0.95,"lower_bound":1312367.8447008133,"upper_bound":2360832.152786851},"point_estimate":1816683.1213474274,"standard_error":269012.11797717726},"slope":null,"std_dev":{"confidence_interval":{"confidence_level":0.95,"lower_bound":1605758.923000205,"upper_bound":3523610.844865247},"point_estimate":2504383.0994694065,"standard_error":550850.1283492757}}