{"mean":{"confidence_interval":{"confidence_level":0.95,"lower_bound":169828624.5815,"upper_bound":169988179.87574998},"point_estimate":169908513.73,"standard_error":40670.01530765805},"median":{"confidence_interval":{"confidence_level":0.95,"lower_bound":169755188.0,"upper_bound":170037593.0},"point_estimate":169889091.5,"standard_error":69005.16127332483},"median_abs_dev":{"confidence_interval":{"confidence_level":0.95,"lower_bound":355457.7914893627,"upper_bound":530555.0722807646},"point_estimate":466357.010820508,"standard_error":44044.424723398115},"slope":null,"std_dev":{"confidence_interval":{"confidence_level":0.95,"lower_bound":360870.33889862377,"upper_bound":457057.4320177691},"point_estimate":411476.7658809862,"standard_error":24589.368191529567}}