{"mean":{"confidence_interval":{"confidence_level":0.95,"lower_bound":179144034.96025,"upper_bound":179840678.839},"point_estimate":179487713.41,"standard_error":177699.26242003418},"median":{"confidence_interval":{"confidence_level":0.95,"lower_bound":178425051.0,"upper_bound":179437068.0},"point_estimate":178757403.0,"standard_error":257663.92462957936},"median_abs_dev":{"confidence_interval":{"confidence_level":0.95,"lower_bound":1118413.3748441935,"upper_bound":2361096.7968821526},"point_estimate":1656710.5841875076,"standard_error":319699.77365205734},"slope":null,"std_dev":{"confidence_interval":{"confidence_level":0.95,"lower_bound":1584547.7798321736,"upper_bound":1975281.1257904412},"point_estimate":1795254.078414535,"standard_error":99474.94416164546}}