{"mean":{"confidence_interval":{"confidence_level":0.95,"lower_bound":150487484.32625002,"upper_bound":150747587.5995},"point_estimate":150613612.76,"standard_error":66393.86159924685},"median":{"confidence_interval":{"confidence_level":0.95,"lower_bound":150379825.0,"upper_bound":150632879.5},"point_estimate":150538628.0,"standard_error":72909.51167387769},"median_abs_dev":{"confidence_interval":{"confidence_level":0.95,"lower_bound":394322.66719937325,"upper_bound":662880.8264315128},"point_estimate":534560.3161096573,"standard_error":68635.17300847713},"slope":null,"std_dev":{"confidence_interval":{"confidence_level":0.95,"lower_bound":521259.22513133154,"upper_bound":803577.9071165503},"point_estimate":667360.817341299,"standard_error":72480.28847436368}}