{"mean":{"confidence_interval":{"confidence_level":0.95,"lower_bound":175841311.67975,"upper_bound":176028532.51525},"point_estimate":175933712.53,"standard_error":47811.27345427713},"median":{"confidence_interval":{"confidence_level":0.95,"lower_bound":175807982.5,"upper_bound":175997476.0},"point_estimate":175868617.5,"standard_error":49919.33577530556},"median_abs_dev":{"confidence_interval":{"confidence_level":0.95,"lower_bound":298986.2997919321,"upper_bound":580938.2671862841},"point_estimate":408165.70315361023,"standard_error":69842.10803297993},"slope":null,"std_dev":{"confidence_interval":{"confidence_level":0.95,"lower_bound":405579.3498475059,"upper_bound":545874.5350000114},"point_estimate":479692.7425927251,"standard_error":35654.4220735338}}