{"mean":{"confidence_interval":{"confidence_level":0.95,"lower_bound":195129605.703,"upper_bound":195659767.05549997},"point_estimate":195387781.99,"standard_error":135656.90229708637},"median":{"confidence_interval":{"confidence_level":0.95,"lower_bound":195103855.0,"upper_bound":195627497.5},"point_estimate":195465835.5,"standard_error":142837.58453288453},"median_abs_dev":{"confidence_interval":{"confidence_level":0.95,"lower_bound":878604.3117016554,"upper_bound":1411173.8666966544},"point_estimate":1161133.7517857552,"standard_error":139099.59859550325},"slope":null,"std_dev":{"confidence_interval":{"confidence_level":0.95,"lower_bound":1071784.4354711312,"upper_bound":1688514.3130757809},"point_estimate":1365372.295746723,"standard_error":161607.4276894936}}