{"mean":{"confidence_interval":{"confidence_level":0.95,"lower_bound":226413392.69175002,"upper_bound":229598900.29},"point_estimate":227995996.6,"standard_error":813779.1219169853},"median":{"confidence_interval":{"confidence_level":0.95,"lower_bound":225840928.0,"upper_bound":230273384.5},"point_estimate":228490435.0,"standard_error":1194830.0660197823},"median_abs_dev":{"confidence_interval":{"confidence_level":0.95,"lower_bound":6291721.369099617,"upper_bound":10833667.871063948},"point_estimate":8489159.885287285,"standard_error":1138191.915460238},"slope":null,"std_dev":{"confidence_interval":{"confidence_level":0.95,"lower_bound":7111031.686138918,"upper_bound":9137593.933751475},"point_estimate":8174375.779146155,"standard_error":516084.0514530458}}