{"mean":{"confidence_interval":{"confidence_level":0.95,"lower_bound":594511.8146357689,"upper_bound":600204.0472008442},"point_estimate":596961.6802275925,"standard_error":1471.3896739901193},"median":{"confidence_interval":{"confidence_level":0.95,"lower_bound":592505.2290862291,"upper_bound":594082.275510204},"point_estimate":593049.0250632912,"standard_error":411.2408946299976},"median_abs_dev":{"confidence_interval":{"confidence_level":0.95,"lower_bound":2148.046717074246,"upper_bound":4401.931169972948},"point_estimate":3254.26173439415,"standard_error":625.5998412778359},"slope":{"confidence_interval":{"confidence_level":0.95,"lower_bound":592259.6976533155,"upper_bound":593382.9597171732},"point_estimate":592781.0107477464,"standard_error":287.5240349572713},"std_dev":{"confidence_interval":{"confidence_level":0.95,"lower_bound":4881.329593283622,"upper_bound":22477.305370878727},"point_estimate":14783.373513825405,"standard_error":4595.87283317907}}