{"mean":{"confidence_interval":{"confidence_level":0.95,"lower_bound":675341.1835389477,"upper_bound":680850.4538056877},"point_estimate":677787.0837835344,"standard_error":1408.0203509651105},"median":{"confidence_interval":{"confidence_level":0.95,"lower_bound":672497.3909090909,"upper_bound":675799.6366071429},"point_estimate":674093.5630904183,"standard_error":749.9831752945981},"median_abs_dev":{"confidence_interval":{"confidence_level":0.95,"lower_bound":4256.49628216897,"upper_bound":7151.3642155379175},"point_estimate":5690.7670429393,"standard_error":780.2630087611651},"slope":{"confidence_interval":{"confidence_level":0.95,"lower_bound":675942.1319637338,"upper_bound":679898.2828154563},"point_estimate":677857.2649785725,"standard_error":1007.6007699568419},"std_dev":{"confidence_interval":{"confidence_level":0.95,"lower_bound":6942.077402107474,"upper_bound":20789.713384397048},"point_estimate":14154.141194511347,"standard_error":3697.0575622097267}}