{"mean":{"confidence_interval":{"confidence_level":0.95,"lower_bound":583839.3936901254,"upper_bound":588382.6897991537},"point_estimate":585729.8619712606,"standard_error":1181.3338325619366},"median":{"confidence_interval":{"confidence_level":0.95,"lower_bound":583944.339732528,"upper_bound":584703.9659090909},"point_estimate":584258.4583985393,"standard_error":199.2787200160657},"median_abs_dev":{"confidence_interval":{"confidence_level":0.95,"lower_bound":1217.280765888971,"upper_bound":2143.009892053775},"point_estimate":1671.610757528799,"standard_error":230.20913050867344},"slope":{"confidence_interval":{"confidence_level":0.95,"lower_bound":584412.515253936,"upper_bound":584925.7038023998},"point_estimate":584675.2975853406,"standard_error":130.90329482837137},"std_dev":{"confidence_interval":{"confidence_level":0.95,"lower_bound":2357.8313104248095,"upper_bound":18895.1220944715},"point_estimate":11850.986521416251,"standard_error":4330.608321824664}}