{"mean":{"confidence_interval":{"confidence_level":0.95,"lower_bound":583088.7824844666,"upper_bound":588847.6007793195},"point_estimate":585643.0790748294,"standard_error":1471.8999700544641},"median":{"confidence_interval":{"confidence_level":0.95,"lower_bound":580631.8983105912,"upper_bound":582175.8164556962},"point_estimate":581404.5779885057,"standard_error":382.41434338151737},"median_abs_dev":{"confidence_interval":{"confidence_level":0.95,"lower_bound":2502.643465596746,"upper_bound":4732.9680280729035},"point_estimate":3514.8978012412185,"standard_error":581.6688324428462},"slope":{"confidence_interval":{"confidence_level":0.95,"lower_bound":580689.9883737966,"upper_bound":582256.5416129067},"point_estimate":581415.3243697354,"standard_error":400.67093238883825},"std_dev":{"confidence_interval":{"confidence_level":0.95,"lower_bound":7227.997164914464,"upper_bound":21587.794917442647},"point_estimate":14748.250195146955,"standard_error":3757.8902013820593}}