{"mean":{"confidence_interval":{"confidence_level":0.95,"lower_bound":3497484.1097499984,"upper_bound":3521970.3299499974},"point_estimate":3509593.669999998,"standard_error":6226.943203419881},"median":{"confidence_interval":{"confidence_level":0.95,"lower_bound":3487188.7333333334,"upper_bound":3523682.1333333333},"point_estimate":3498922.066666667,"standard_error":7910.174615096052},"median_abs_dev":{"confidence_interval":{"confidence_level":0.95,"lower_bound":47339.36773955806,"upper_bound":82160.92027585267},"point_estimate":67023.45223009614,"standard_error":8807.00487409432},"slope":null,"std_dev":{"confidence_interval":{"confidence_level":0.95,"lower_bound":53318.91173198351,"upper_bound":70672.03812707972},"point_estimate":62438.24493971907,"standard_error":4425.363817390785}}