{"mean":{"confidence_interval":{"confidence_level":0.95,"lower_bound":3539282.382549999,"upper_bound":3614825.364366666},"point_estimate":3575897.564666669,"standard_error":19271.70520065137},"median":{"confidence_interval":{"confidence_level":0.95,"lower_bound":3497722.8666666667,"upper_bound":3583547.0},"point_estimate":3542403.0666666664,"standard_error":23034.466214715023},"median_abs_dev":{"confidence_interval":{"confidence_level":0.95,"lower_bound":123635.00020503975,"upper_bound":206918.4747574629},"point_estimate":160492.43555068946,"standard_error":21536.75722940928},"slope":null,"std_dev":{"confidence_interval":{"confidence_level":0.95,"lower_bound":155205.18105529805,"upper_bound":227928.4202367777},"point_estimate":193253.2524699269,"standard_error":18666.291905610386}}