{"mean":{"confidence_interval":{"confidence_level":0.95,"lower_bound":3341208.037049998,"upper_bound":3390517.8222166686},"point_estimate":3365847.984666665,"standard_error":12588.456821013666},"median":{"confidence_interval":{"confidence_level":0.95,"lower_bound":3325590.033333333,"upper_bound":3410005.1},"point_estimate":3358930.7,"standard_error":21659.342803473344},"median_abs_dev":{"confidence_interval":{"confidence_level":0.95,"lower_bound":107085.2803188564,"upper_bound":160460.11487126356},"point_estimate":134632.63028979284,"standard_error":13426.948520403479},"slope":null,"std_dev":{"confidence_interval":{"confidence_level":0.95,"lower_bound":109725.07033507877,"upper_bound":141978.93668652492},"point_estimate":126563.74284152206,"standard_error":8244.282040407883}}