{"mean":{"confidence_interval":{"confidence_level":0.95,"lower_bound":3315873.6717999987,"upper_bound":3343075.806916666},"point_estimate":3329285.5353333335,"standard_error":6917.515745036487},"median":{"confidence_interval":{"confidence_level":0.95,"lower_bound":3317206.933333333,"upper_bound":3350909.066666667},"point_estimate":3332494.2666666666,"standard_error":9020.053918966043},"median_abs_dev":{"confidence_interval":{"confidence_level":0.95,"lower_bound":51637.67216324802,"upper_bound":87765.24454535532},"point_estimate":74575.12461602697,"standard_error":9384.544600074694},"slope":null,"std_dev":{"confidence_interval":{"confidence_level":0.95,"lower_bound":59138.82459510807,"upper_bound":79010.29915397387},"point_estimate":69391.29335330996,"standard_error":5081.886191596159}}