{"mean":{"confidence_interval":{"confidence_level":0.95,"lower_bound":3284537.174015625,"upper_bound":3293390.033453125},"point_estimate":3288983.003125,"standard_error":2255.3779838061782},"median":{"confidence_interval":{"confidence_level":0.95,"lower_bound":3285999.375,"upper_bound":3292949.625},"point_estimate":3288378.6875,"standard_error":1915.1264905946962},"median_abs_dev":{"confidence_interval":{"confidence_level":0.95,"lower_bound":12310.50016019494,"upper_bound":22290.61261676252},"point_estimate":17611.063787341118,"standard_error":2475.399687579595},"slope":null,"std_dev":{"confidence_interval":{"confidence_level":0.95,"lower_bound":18443.825293298873,"upper_bound":26512.29320145432},"point_estimate":22644.100172384427,"standard_error":2064.1641398283796}}