{"mean":{"confidence_interval":{"confidence_level":0.95,"lower_bound":2863669.0288823526,"upper_bound":2867830.781573529},"point_estimate":2865707.36882353,"standard_error":1059.9029661845768},"median":{"confidence_interval":{"confidence_level":0.95,"lower_bound":2862063.294117647,"upper_bound":2867442.529411765},"point_estimate":2863748.529411765,"standard_error":1363.69223019997},"median_abs_dev":{"confidence_interval":{"confidence_level":0.95,"lower_bound":7762.893462181091,"upper_bound":12339.766792690032},"point_estimate":9955.528005607192,"standard_error":1213.8273095088991},"slope":null,"std_dev":{"confidence_interval":{"confidence_level":0.95,"lower_bound":8850.56955950806,"upper_bound":12437.251169494293},"point_estimate":10727.528823738468,"standard_error":920.4533034098588}}