{"mean":{"confidence_interval":{"confidence_level":0.95,"lower_bound":3119412.6052656253,"upper_bound":3147120.46703125},"point_estimate":3133384.158125,"standard_error":7072.700581072005},"median":{"confidence_interval":{"confidence_level":0.95,"lower_bound":3122421.5,"upper_bound":3154396.625},"point_estimate":3143928.03125,"standard_error":8282.77901237904},"median_abs_dev":{"confidence_interval":{"confidence_level":0.95,"lower_bound":51349.24778211862,"upper_bound":85407.99768995494},"point_estimate":68830.44507801533,"standard_error":8538.747939910058},"slope":null,"std_dev":{"confidence_interval":{"confidence_level":0.95,"lower_bound":61168.88999506408,"upper_bound":80665.38889405438},"point_estimate":71367.30761082038,"standard_error":4966.614784984484}}