{"mean":{"confidence_interval":{"confidence_level":0.95,"lower_bound":2959392.4425294115,"upper_bound":2966930.975014707},"point_estimate":2962969.8247058825,"standard_error":1927.7323856590735},"median":{"confidence_interval":{"confidence_level":0.95,"lower_bound":2954630.0,"upper_bound":2959791.7647058824},"point_estimate":2957183.294117647,"standard_error":1147.2543596658152},"median_abs_dev":{"confidence_interval":{"confidence_level":0.95,"lower_bound":7230.160406933395,"upper_bound":13417.704185317503},"point_estimate":10025.079386725207,"standard_error":1599.2091407091807},"slope":null,"std_dev":{"confidence_interval":{"confidence_level":0.95,"lower_bound":13686.159512224987,"upper_bound":24247.32676773895},"point_estimate":19349.013533112044,"standard_error":2695.7442844395055}}