{"mean":{"confidence_interval":{"confidence_level":0.95,"lower_bound":3529032.1057857145,"upper_bound":3556027.723178572},"point_estimate":3542447.347857143,"standard_error":6882.7180174477835},"median":{"confidence_interval":{"confidence_level":0.95,"lower_bound":3532394.0,"upper_bound":3562355.5},"point_estimate":3544843.1785714286,"standard_error":7681.889800032652},"median_abs_dev":{"confidence_interval":{"confidence_level":0.95,"lower_bound":50955.107845366,"upper_bound":80570.51886958725},"point_estimate":65474.156437601414,"standard_error":7485.653664076339},"slope":null,"std_dev":{"confidence_interval":{"confidence_level":0.95,"lower_bound":57388.80499017978,"upper_bound":79804.60113472726},"point_estimate":68742.20541377188,"standard_error":5721.334887253847}}