{"mean":{"confidence_interval":{"confidence_level":0.95,"lower_bound":3100040.5215625,"upper_bound":3124908.323015625},"point_estimate":3112580.066875,"standard_error":6322.283777433055},"median":{"confidence_interval":{"confidence_level":0.95,"lower_bound":3102896.90625,"upper_bound":3131287.875},"point_estimate":3116212.84375,"standard_error":6929.687619560248},"median_abs_dev":{"confidence_interval":{"confidence_level":0.95,"lower_bound":51784.80785563588,"upper_bound":78009.05819740609},"point_estimate":66717.78644677252,"standard_error":6534.52351115038},"slope":null,"std_dev":{"confidence_interval":{"confidence_level":0.95,"lower_bound":55369.52153898905,"upper_bound":70485.1364724031},"point_estimate":63403.55832938458,"standard_error":3871.4414484286976}}