{"mean":{"confidence_interval":{"confidence_level":0.95,"lower_bound":3283385.733099999,"upper_bound":3293060.6705666664},"point_estimate":3288200.996666667,"standard_error":2471.4414607538483},"median":{"confidence_interval":{"confidence_level":0.95,"lower_bound":3282218.8666666667,"upper_bound":3291295.533333333},"point_estimate":3286458.8,"standard_error":2616.8272857865963},"median_abs_dev":{"confidence_interval":{"confidence_level":0.95,"lower_bound":14781.818257570198,"upper_bound":25886.546422422005},"point_estimate":19871.78164720489,"standard_error":2838.1322545491416},"slope":null,"std_dev":{"confidence_interval":{"confidence_level":0.95,"lower_bound":19756.905605765918,"upper_bound":29793.19867284766},"point_estimate":24914.824898320552,"standard_error":2556.9087218588734}}