{"mean":{"confidence_interval":{"confidence_level":0.95,"lower_bound":2943202.3865588238,"upper_bound":2997118.86589706},"point_estimate":2969886.9517647056,"standard_error":13798.800502497443},"median":{"confidence_interval":{"confidence_level":0.95,"lower_bound":2919532.294117647,"upper_bound":2986929.6470588236},"point_estimate":2958050.588235294,"standard_error":17356.172181005648},"median_abs_dev":{"confidence_interval":{"confidence_level":0.95,"lower_bound":96028.91601867531,"upper_bound":152792.04385210492},"point_estimate":124794.40791975043,"standard_error":14667.170308310604},"slope":null,"std_dev":{"confidence_interval":{"confidence_level":0.95,"lower_bound":117435.62115984058,"upper_bound":157967.32240765024},"point_estimate":138891.57444644204,"standard_error":10361.958822976607}}