{"mean":{"confidence_interval":{"confidence_level":0.95,"lower_bound":3169456.5779375,"upper_bound":3181613.275671875},"point_estimate":3175342.638125,"standard_error":3099.073447994756},"median":{"confidence_interval":{"confidence_level":0.95,"lower_bound":3163297.125,"upper_bound":3170031.65625},"point_estimate":3167262.84375,"standard_error":1955.7134103967805},"median_abs_dev":{"confidence_interval":{"confidence_level":0.95,"lower_bound":12806.420585140586,"upper_bound":21711.544973761745},"point_estimate":16716.63902197033,"standard_error":2200.945656471253},"slope":null,"std_dev":{"confidence_interval":{"confidence_level":0.95,"lower_bound":24799.867157106364,"upper_bound":36273.964873949335},"point_estimate":31115.437420073504,"standard_error":2934.292451367743}}