{"mean":{"confidence_interval":{"confidence_level":0.95,"lower_bound":4814167.869149999,"upper_bound":4937259.119125},"point_estimate":4874762.521999998,"standard_error":31320.89867650124},"median":{"confidence_interval":{"confidence_level":0.95,"lower_bound":4755695.4,"upper_bound":4918805.2},"point_estimate":4814220.4,"standard_error":38643.3387492629},"median_abs_dev":{"confidence_interval":{"confidence_level":0.95,"lower_bound":230847.45238988794,"upper_bound":366698.41970980127},"point_estimate":289892.47633337945,"standard_error":33865.795652199464},"slope":null,"std_dev":{"confidence_interval":{"confidence_level":0.95,"lower_bound":261863.76222667893,"upper_bound":367964.2437507432},"point_estimate":315987.0545955509,"standard_error":27267.455308530756}}