{"mean":{"confidence_interval":{"confidence_level":0.95,"lower_bound":3239171.688333334,"upper_bound":3244678.5494999997},"point_estimate":3241877.198333334,"standard_error":1400.7367882645037},"median":{"confidence_interval":{"confidence_level":0.95,"lower_bound":3237370.6666666665,"upper_bound":3243987.5},"point_estimate":3240953.9166666665,"standard_error":1442.6380125913095},"median_abs_dev":{"confidence_interval":{"confidence_level":0.95,"lower_bound":9822.348375618689,"upper_bound":16135.506163537502},"point_estimate":12861.554771661758,"standard_error":1611.976825051963},"slope":null,"std_dev":{"confidence_interval":{"confidence_level":0.95,"lower_bound":11587.908074007833,"upper_bound":16788.030957761173},"point_estimate":14087.01002650746,"standard_error":1352.347175493453}}