{"mean":{"confidence_interval":{"confidence_level":0.95,"lower_bound":4107574.0036500017,"upper_bound":4149289.3789499993},"point_estimate":4128956.836,"standard_error":10644.253662385987},"median":{"confidence_interval":{"confidence_level":0.95,"lower_bound":4118761.4,"upper_bound":4180563.8},"point_estimate":4139162.8,"standard_error":16913.31205352285},"median_abs_dev":{"confidence_interval":{"confidence_level":0.95,"lower_bound":71224.69577550875,"upper_bound":116090.09835898835},"point_estimate":92143.88488411931,"standard_error":11291.265966067127},"slope":null,"std_dev":{"confidence_interval":{"confidence_level":0.95,"lower_bound":86060.91712620278,"upper_bound":126879.56445372496},"point_estimate":106793.07004334846,"standard_error":10485.50340247536}}