{"mean":{"confidence_interval":{"confidence_level":0.95,"lower_bound":3814602.1232499992,"upper_bound":3884975.5010500005},"point_estimate":3850702.3200000008,"standard_error":17996.113068211176},"median":{"confidence_interval":{"confidence_level":0.95,"lower_bound":3840955.4000000004,"upper_bound":3911646.8},"point_estimate":3869296.0,"standard_error":17665.8454981309},"median_abs_dev":{"confidence_interval":{"confidence_level":0.95,"lower_bound":104154.57553088706,"upper_bound":200391.62612883784},"point_estimate":168975.3289800883,"standard_error":25494.921929061707},"slope":null,"std_dev":{"confidence_interval":{"confidence_level":0.95,"lower_bound":146591.89057616555,"upper_bound":213528.96880625692},"point_estimate":181373.6021220889,"standard_error":17192.6348823112}}