{"mean":{"confidence_interval":{"confidence_level":0.95,"lower_bound":3796334.6170000024,"upper_bound":3890852.8612000025},"point_estimate":3844636.3119999985,"standard_error":24148.119025668828},"median":{"confidence_interval":{"confidence_level":0.95,"lower_bound":3808458.4,"upper_bound":3935168.4},"point_estimate":3911146.6,"standard_error":33570.385606581855},"median_abs_dev":{"confidence_interval":{"confidence_level":0.95,"lower_bound":175168.29733014092,"upper_bound":280516.6623598329},"point_estimate":216788.8816112278,"standard_error":27241.514520087847},"slope":null,"std_dev":{"confidence_interval":{"confidence_level":0.95,"lower_bound":201667.0462218789,"upper_bound":281280.4602114161},"point_estimate":243831.08319231085,"standard_error":20317.95090795452}}