{"mean":{"confidence_interval":{"confidence_level":0.95,"lower_bound":622378.8748,"upper_bound":623684.0059300005},"point_estimate":623024.5900000003,"standard_error":333.0715988752064},"median":{"confidence_interval":{"confidence_level":0.95,"lower_bound":622710.44,"upper_bound":624042.52},"point_estimate":623334.52,"standard_error":343.8133814339525},"median_abs_dev":{"confidence_interval":{"confidence_level":0.95,"lower_bound":2093.2829028366614,"upper_bound":3861.1128724515142},"point_estimate":2680.6593604088935,"standard_error":433.1830852684336},"slope":null,"std_dev":{"confidence_interval":{"confidence_level":0.95,"lower_bound":2688.4650136909117,"upper_bound":4123.706031840657},"point_estimate":3348.561787680073,"standard_error":380.1062129750263}}