{"mean":{"confidence_interval":{"confidence_level":0.95,"lower_bound":1920248.155714285,"upper_bound":2098019.702232143},"point_estimate":1992888.6378571438,"standard_error":46515.42076553576},"median":{"confidence_interval":{"confidence_level":0.95,"lower_bound":1873886.0357142857,"upper_bound":1951730.0714285714},"point_estimate":1908593.75,"standard_error":18947.590520883587},"median_abs_dev":{"confidence_interval":{"confidence_level":0.95,"lower_bound":108596.58272202524,"upper_bound":197516.41629338247},"point_estimate":142151.3677763087,"standard_error":22687.00711242533},"slope":null,"std_dev":{"confidence_interval":{"confidence_level":0.95,"lower_bound":153979.88211835938,"upper_bound":754175.2142654771},"point_estimate":466690.0105902849,"standard_error":186043.795359957}}