{"mean":{"confidence_interval":{"confidence_level":0.95,"lower_bound":741247.555868421,"upper_bound":757887.7537368416},"point_estimate":749498.0942105261,"standard_error":4241.061858190738},"median":{"confidence_interval":{"confidence_level":0.95,"lower_bound":741721.0,"upper_bound":754589.4210526316},"point_estimate":749368.3157894737,"standard_error":3045.148726909193},"median_abs_dev":{"confidence_interval":{"confidence_level":0.95,"lower_bound":29012.1015217743,"upper_bound":47217.23824159485},"point_estimate":36811.27966752179,"standard_error":4554.489633581494},"slope":null,"std_dev":{"confidence_interval":{"confidence_level":0.95,"lower_bound":35661.22220744595,"upper_bound":49266.07627082328},"point_estimate":42778.741983583306,"standard_error":3460.302993534645}}