{"mean":{"confidence_interval":{"confidence_level":0.95,"lower_bound":670643.1129558823,"upper_bound":696274.1302794119},"point_estimate":682467.1882352941,"standard_error":6536.753312543305},"median":{"confidence_interval":{"confidence_level":0.95,"lower_bound":656753.7058823529,"upper_bound":675324.2941176471},"point_estimate":668165.5294117647,"standard_error":4601.958489978513},"median_abs_dev":{"confidence_interval":{"confidence_level":0.95,"lower_bound":25875.6418269391,"upper_bound":44338.54760106874},"point_estimate":37470.66485829209,"standard_error":4865.731146682273},"slope":null,"std_dev":{"confidence_interval":{"confidence_level":0.95,"lower_bound":40610.03623286279,"upper_bound":88775.97420539754},"point_estimate":65274.4522426109,"standard_error":12573.517347234521}}