{"mean":{"confidence_interval":{"confidence_level":0.95,"lower_bound":679255.7721136364,"upper_bound":680371.2500227274},"point_estimate":679801.8586363636,"standard_error":283.70541322142856},"median":{"confidence_interval":{"confidence_level":0.95,"lower_bound":678603.2727272727,"upper_bound":680194.2272727273},"point_estimate":679455.0454545454,"standard_error":372.48755701783915},"median_abs_dev":{"confidence_interval":{"confidence_level":0.95,"lower_bound":2055.4226907816956,"upper_bound":3100.7904540409368},"point_estimate":2479.850628701108,"standard_error":261.04062540219917},"slope":null,"std_dev":{"confidence_interval":{"confidence_level":0.95,"lower_bound":2321.786611170908,"upper_bound":3350.57832521168},"point_estimate":2855.666308760152,"standard_error":264.01322211373014}}