{"mean":{"confidence_interval":{"confidence_level":0.95,"lower_bound":673544.1688295455,"upper_bound":675154.8536818181},"point_estimate":674328.9259090908,"standard_error":409.5718129570273},"median":{"confidence_interval":{"confidence_level":0.95,"lower_bound":672594.8636363636,"upper_bound":674342.2727272727},"point_estimate":673505.8863636364,"standard_error":446.3849980801883},"median_abs_dev":{"confidence_interval":{"confidence_level":0.95,"lower_bound":2308.138595385977,"upper_bound":4404.063221812248},"point_estimate":3325.741304592574,"standard_error":530.7687379061107},"slope":null,"std_dev":{"confidence_interval":{"confidence_level":0.95,"lower_bound":3308.407792751512,"upper_bound":4874.020239257602},"point_estimate":4108.677953712739,"standard_error":401.47512472994816}}