{"mean":{"confidence_interval":{"confidence_level":0.95,"lower_bound":627805.5026250001,"upper_bound":629000.9723194446},"point_estimate":628347.8938888889,"standard_error":304.3424915923965},"median":{"confidence_interval":{"confidence_level":0.95,"lower_bound":627181.2777777778,"upper_bound":628567.2777777778},"point_estimate":627792.3055555555,"standard_error":312.83576685908133},"median_abs_dev":{"confidence_interval":{"confidence_level":0.95,"lower_bound":1762.8937353689698,"upper_bound":2701.6266187031583},"point_estimate":2228.141843775841,"standard_error":229.1550301184625},"slope":null,"std_dev":{"confidence_interval":{"confidence_level":0.95,"lower_bound":1935.460259326694,"upper_bound":4401.192137989971},"point_estimate":3069.7556435434954,"standard_error":753.4023799346126}}