{"mean":{"confidence_interval":{"confidence_level":0.95,"lower_bound":1481375.4962499999,"upper_bound":1532925.1353382356},"point_estimate":1506960.452352941,"standard_error":13173.656565079824},"median":{"confidence_interval":{"confidence_level":0.95,"lower_bound":1474885.7941176472,"upper_bound":1522412.8235294118},"point_estimate":1497456.705882353,"standard_error":12855.26617713139},"median_abs_dev":{"confidence_interval":{"confidence_level":0.95,"lower_bound":85752.01266583276,"upper_bound":150665.33377059668},"point_estimate":114602.14358305227,"standard_error":16093.636527379831},"slope":null,"std_dev":{"confidence_interval":{"confidence_level":0.95,"lower_bound":112971.45538288535,"upper_bound":150441.08143483163},"point_estimate":132658.93597919197,"standard_error":9556.094223138434}}