{"mean":{"confidence_interval":{"confidence_level":0.95,"lower_bound":1748791.3897499999,"upper_bound":1798478.7994642868},"point_estimate":1772684.1,"standard_error":12645.331699727181},"median":{"confidence_interval":{"confidence_level":0.95,"lower_bound":1718991.8214285714,"upper_bound":1753195.6785714286},"point_estimate":1735599.0714285714,"standard_error":9034.125785702598},"median_abs_dev":{"confidence_interval":{"confidence_level":0.95,"lower_bound":54432.877021123255,"upper_bound":103518.80224467399},"point_estimate":78197.88236171007,"standard_error":11611.589537615446},"slope":null,"std_dev":{"confidence_interval":{"confidence_level":0.95,"lower_bound":100244.55499929382,"upper_bound":151473.4981330242},"point_estimate":127398.7122929853,"standard_error":13046.025731161351}}