{"mean":{"confidence_interval":{"confidence_level":0.95,"lower_bound":88151.91330430047,"upper_bound":90468.53362760067},"point_estimate":89195.31588748313,"standard_error":588.9517561893484},"median":{"confidence_interval":{"confidence_level":0.95,"lower_bound":87900.57023239919,"upper_bound":89202.64308950238},"point_estimate":88592.32908308436,"standard_error":333.09654405594443},"median_abs_dev":{"confidence_interval":{"confidence_level":0.95,"lower_bound":2575.8547330147685,"upper_bound":4747.420043402396},"point_estimate":3570.0014993969685,"standard_error":543.8722536027283},"slope":{"confidence_interval":{"confidence_level":0.95,"lower_bound":86976.01897437485,"upper_bound":88375.49271188094},"point_estimate":87707.64623265312,"standard_error":357.5158655636552},"std_dev":{"confidence_interval":{"confidence_level":0.95,"lower_bound":3453.842565546086,"upper_bound":8553.679317005857},"point_estimate":5899.183373538502,"standard_error":1466.635155023711}}