{"mean":{"confidence_interval":{"confidence_level":0.95,"lower_bound":108980.2509215791,"upper_bound":111236.22315991031},"point_estimate":110080.07404297851,"standard_error":576.2899442402354},"median":{"confidence_interval":{"confidence_level":0.95,"lower_bound":107883.11975308642,"upper_bound":110116.04384164223},"point_estimate":109425.2763768116,"standard_error":546.1962427779742},"median_abs_dev":{"confidence_interval":{"confidence_level":0.95,"lower_bound":3364.5211107335017,"upper_bound":6082.181440203797},"point_estimate":4756.392091904239,"standard_error":702.1590910776287},"slope":{"confidence_interval":{"confidence_level":0.95,"lower_bound":109389.02512830024,"upper_bound":111850.0643803257},"point_estimate":110594.96954071228,"standard_error":626.7185477813443},"std_dev":{"confidence_interval":{"confidence_level":0.95,"lower_bound":4805.9081759369965,"upper_bound":6680.532261582237},"point_estimate":5810.194016372503,"standard_error":479.2598326264457}}