{"mean":{"confidence_interval":{"confidence_level":0.95,"lower_bound":109588.68692969401,"upper_bound":112375.39505136583},"point_estimate":110878.82502231086,"standard_error":712.867172555277},"median":{"confidence_interval":{"confidence_level":0.95,"lower_bound":108485.0825471698,"upper_bound":110035.53849085365},"point_estimate":109292.20758952794,"standard_error":401.26537793904924},"median_abs_dev":{"confidence_interval":{"confidence_level":0.95,"lower_bound":2824.241868416667,"upper_bound":5365.220630316482},"point_estimate":3746.6749819335228,"standard_error":656.1745386077016},"slope":{"confidence_interval":{"confidence_level":0.95,"lower_bound":108719.39181893128,"upper_bound":110764.2332836714},"point_estimate":109671.88927589775,"standard_error":521.5797828477248},"std_dev":{"confidence_interval":{"confidence_level":0.95,"lower_bound":4524.38099030978,"upper_bound":9974.948814553503},"point_estimate":7156.443626903293,"standard_error":1488.3256103421759}}