{"mean":{"confidence_interval":{"confidence_level":0.95,"lower_bound":64445.04665703182,"upper_bound":65264.86824201812},"point_estimate":64809.57304373819,"standard_error":210.35293670681514},"median":{"confidence_interval":{"confidence_level":0.95,"lower_bound":64283.74702380953,"upper_bound":64990.009625319486},"point_estimate":64616.98083090379,"standard_error":190.658542474652},"median_abs_dev":{"confidence_interval":{"confidence_level":0.95,"lower_bound":1115.9295764387605,"upper_bound":1732.7341017594995},"point_estimate":1414.793035954659,"standard_error":156.67645505794545},"slope":{"confidence_interval":{"confidence_level":0.95,"lower_bound":64046.488060174444,"upper_bound":64612.30756595964},"point_estimate":64322.71557875404,"standard_error":144.20503467413596},"std_dev":{"confidence_interval":{"confidence_level":0.95,"lower_bound":1168.0449285383809,"upper_bound":3152.6534363838828},"point_estimate":2114.8063082844337,"standard_error":603.959047461196}}