{"mean":{"confidence_interval":{"confidence_level":0.95,"lower_bound":65925.59169890133,"upper_bound":66937.75135980158},"point_estimate":66355.56407603563,"standard_error":262.29798166661857},"median":{"confidence_interval":{"confidence_level":0.95,"lower_bound":65714.98338870432,"upper_bound":66045.21145958384},"point_estimate":65852.25173992674,"standard_error":89.73261994453472},"median_abs_dev":{"confidence_interval":{"confidence_level":0.95,"lower_bound":577.0410798715499,"upper_bound":1181.0215884751015},"point_estimate":855.9486251739391,"standard_error":154.21789292892905},"slope":{"confidence_interval":{"confidence_level":0.95,"lower_bound":65293.296769486326,"upper_bound":65617.17045894031},"point_estimate":65460.14309801769,"standard_error":82.47490340232316},"std_dev":{"confidence_interval":{"confidence_level":0.95,"lower_bound":1083.5966432453079,"upper_bound":4105.8506225466},"point_estimate":2628.3172279829582,"standard_error":899.4381146344458}}