{"mean":{"confidence_interval":{"confidence_level":0.95,"lower_bound":56966.39594725184,"upper_bound":57684.66873473094},"point_estimate":57264.74484087815,"standard_error":186.76499499984348},"median":{"confidence_interval":{"confidence_level":0.95,"lower_bound":56737.949966692046,"upper_bound":56942.54435483871},"point_estimate":56830.98531205165,"standard_error":50.77040147245941},"median_abs_dev":{"confidence_interval":{"confidence_level":0.95,"lower_bound":304.44526166693527,"upper_bound":583.4526428817705},"point_estimate":456.4274320894248,"standard_error":76.11213783947744},"slope":{"confidence_interval":{"confidence_level":0.95,"lower_bound":56596.04201482776,"upper_bound":56700.91814051726},"point_estimate":56645.88547787055,"standard_error":26.775060053940493},"std_dev":{"confidence_interval":{"confidence_level":0.95,"lower_bound":620.5221760275472,"upper_bound":2980.068398559748},"point_estimate":1873.5259609990135,"standard_error":688.6428572186906}}