{"mean":{"confidence_interval":{"confidence_level":0.95,"lower_bound":65999.96850556479,"upper_bound":66837.50397451111},"point_estimate":66345.16807435635,"standard_error":218.4246995862076},"median":{"confidence_interval":{"confidence_level":0.95,"lower_bound":65697.170936853,"upper_bound":65957.96530612245},"point_estimate":65791.07835978836,"standard_error":76.79155648846897},"median_abs_dev":{"confidence_interval":{"confidence_level":0.95,"lower_bound":297.58534835307944,"upper_bound":582.3383630708834},"point_estimate":394.412540997776,"standard_error":81.71968798807382},"slope":{"confidence_interval":{"confidence_level":0.95,"lower_bound":65601.15827703336,"upper_bound":65702.43905866651},"point_estimate":65649.06078933479,"standard_error":25.814702901781537},"std_dev":{"confidence_interval":{"confidence_level":0.95,"lower_bound":747.2949958801942,"upper_bound":3503.083846475773},"point_estimate":2191.92863545629,"standard_error":835.6587443415991}}