{"mean":{"confidence_interval":{"confidence_level":0.95,"lower_bound":739047.3313181818,"upper_bound":740649.282272727},"point_estimate":739746.6427272729,"standard_error":413.1389526520511},"median":{"confidence_interval":{"confidence_level":0.95,"lower_bound":738678.4090909091,"upper_bound":739705.5909090909},"point_estimate":739132.8636363636,"standard_error":289.9271637006392},"median_abs_dev":{"confidence_interval":{"confidence_level":0.95,"lower_bound":1708.0899514935704,"upper_bound":2823.5442589630406},"point_estimate":2251.0584963993515,"standard_error":294.0250592138683},"slope":null,"std_dev":{"confidence_interval":{"confidence_level":0.95,"lower_bound":1958.172851118109,"upper_bound":6380.94856521313},"point_estimate":4161.361054364014,"standard_error":1303.2407174983412}}