{"mean":{"confidence_interval":{"confidence_level":0.95,"lower_bound":889628.25365,"upper_bound":908606.3593333334},"point_estimate":899063.8646666667,"standard_error":4855.732535835513},"median":{"confidence_interval":{"confidence_level":0.95,"lower_bound":884885.7333333334,"upper_bound":907238.9333333333},"point_estimate":892402.3666666667,"standard_error":6966.687065355052},"median_abs_dev":{"confidence_interval":{"confidence_level":0.95,"lower_bound":36560.618830919164,"upper_bound":61547.07386732095},"point_estimate":54213.145997524254,"standard_error":6473.40532257434},"slope":null,"std_dev":{"confidence_interval":{"confidence_level":0.95,"lower_bound":41481.29524368242,"upper_bound":55552.82522631116},"point_estimate":48758.41896156832,"standard_error":3583.73142927113}}