{"mean":{"confidence_interval":{"confidence_level":0.95,"lower_bound":881404.5691029406,"upper_bound":901873.3517058822},"point_estimate":891288.5805882354,"standard_error":5225.015603601845},"median":{"confidence_interval":{"confidence_level":0.95,"lower_bound":873070.1764705882,"upper_bound":896517.3529411765},"point_estimate":882552.4117647059,"standard_error":5532.573281769538},"median_abs_dev":{"confidence_interval":{"confidence_level":0.95,"lower_bound":39467.988658126735,"upper_bound":58689.504863935435},"point_estimate":50469.53455104548,"standard_error":4960.647159276942},"slope":null,"std_dev":{"confidence_interval":{"confidence_level":0.95,"lower_bound":40431.69499619028,"upper_bound":64172.408143912515},"point_estimate":52708.80970200461,"standard_error":6064.2294296053}}