{"mean":{"confidence_interval":{"confidence_level":0.95,"lower_bound":823137.9389999995,"upper_bound":834491.4693823527},"point_estimate":828857.3694117646,"standard_error":2902.054053937999},"median":{"confidence_interval":{"confidence_level":0.95,"lower_bound":822375.5882352941,"upper_bound":837908.1764705882},"point_estimate":833487.3823529412,"standard_error":4573.155625358816},"median_abs_dev":{"confidence_interval":{"confidence_level":0.95,"lower_bound":23669.621368015534,"upper_bound":38169.01305177636},"point_estimate":30629.250885633897,"standard_error":3628.3606610673},"slope":null,"std_dev":{"confidence_interval":{"confidence_level":0.95,"lower_bound":25362.275363967427,"upper_bound":32384.01915326681},"point_estimate":29092.010642465986,"standard_error":1791.0000049834819}}