{"mean":{"confidence_interval":{"confidence_level":0.95,"lower_bound":831040.6237105265,"upper_bound":864193.7524210521},"point_estimate":846984.811578947,"standard_error":8468.483376242693},"median":{"confidence_interval":{"confidence_level":0.95,"lower_bound":798735.8947368421,"upper_bound":830246.3157894737},"point_estimate":809749.052631579,"standard_error":7293.036390723495},"median_abs_dev":{"confidence_interval":{"confidence_level":0.95,"lower_bound":29335.971584445535,"upper_bound":68991.50225410334},"point_estimate":45738.20918798447,"standard_error":9671.414479691432},"slope":null,"std_dev":{"confidence_interval":{"confidence_level":0.95,"lower_bound":66723.43373938976,"upper_bound":101492.01707367969},"point_estimate":85018.01685395223,"standard_error":8887.401554703996}}