{"mean":{"confidence_interval":{"confidence_level":0.95,"lower_bound":1231895.926,"upper_bound":1233998.9124117645},"point_estimate":1232900.4229411765,"standard_error":537.3824898832414},"median":{"confidence_interval":{"confidence_level":0.95,"lower_bound":1231278.794117647,"upper_bound":1233028.8823529412},"point_estimate":1231872.9411764706,"standard_error":428.6569871411347},"median_abs_dev":{"confidence_interval":{"confidence_level":0.95,"lower_bound":3257.4029598165657,"upper_bound":5110.696532796371},"point_estimate":4491.4930143777165,"standard_error":500.2591513460236},"slope":null,"std_dev":{"confidence_interval":{"confidence_level":0.95,"lower_bound":3832.3197380680663,"upper_bound":6781.457853567725},"point_estimate":5397.214762018849,"standard_error":752.6017029254646}}