{"mean":{"confidence_interval":{"confidence_level":0.95,"lower_bound":1318501.9405625,"upper_bound":1338093.359109375},"point_estimate":1327989.036875,"standard_error":5021.779713056079},"median":{"confidence_interval":{"confidence_level":0.95,"lower_bound":1314149.6875,"upper_bound":1334362.375},"point_estimate":1322671.65625,"standard_error":5057.6032610455},"median_abs_dev":{"confidence_interval":{"confidence_level":0.95,"lower_bound":25468.750985339284,"upper_bound":44723.97181224078},"point_estimate":35744.975721649826,"standard_error":4783.953931485034},"slope":null,"std_dev":{"confidence_interval":{"confidence_level":0.95,"lower_bound":37277.85307826638,"upper_bound":63508.01388966845},"point_estimate":50508.33841447711,"standard_error":6810.836190875523}}