{"mean":{"confidence_interval":{"confidence_level":0.95,"lower_bound":2085919.842596155,"upper_bound":2170003.2344230767},"point_estimate":2126810.975384615,"standard_error":21482.78590457136},"median":{"confidence_interval":{"confidence_level":0.95,"lower_bound":2056733.1153846155,"upper_bound":2124253.0},"point_estimate":2084360.423076923,"standard_error":17132.64170681554},"median_abs_dev":{"confidence_interval":{"confidence_level":0.95,"lower_bound":107102.0527062509,"upper_bound":190836.2826989019},"point_estimate":153639.32625697218,"standard_error":21023.76160271837},"slope":null,"std_dev":{"confidence_interval":{"confidence_level":0.95,"lower_bound":169895.38211424393,"upper_bound":259517.54464364916},"point_estimate":215805.43275663207,"standard_error":22969.97294072049}}