{"mean":{"confidence_interval":{"confidence_level":0.95,"lower_bound":1032211.9184558828,"upper_bound":1060344.1800294123},"point_estimate":1045368.8047058826,"standard_error":7176.208155825335},"median":{"confidence_interval":{"confidence_level":0.95,"lower_bound":1015637.8823529412,"upper_bound":1033018.7058823529},"point_estimate":1025576.0882352941,"standard_error":4340.079631889566},"median_abs_dev":{"confidence_interval":{"confidence_level":0.95,"lower_bound":25684.125885192014,"upper_bound":46384.24013489756},"point_estimate":35924.05145045582,"standard_error":5165.738716538898},"slope":null,"std_dev":{"confidence_interval":{"confidence_level":0.95,"lower_bound":49215.95391357678,"upper_bound":94191.39266511005},"point_estimate":72191.64116109912,"standard_error":11674.392634039747}}