{"mean":{"confidence_interval":{"confidence_level":0.95,"lower_bound":2043398.573946428,"upper_bound":2087368.0864821433},"point_estimate":2064277.1842857143,"standard_error":11235.096821236762},"median":{"confidence_interval":{"confidence_level":0.95,"lower_bound":2014513.0714285714,"upper_bound":2058756.2142857143},"point_estimate":2033588.1785714286,"standard_error":11769.20157476177},"median_abs_dev":{"confidence_interval":{"confidence_level":0.95,"lower_bound":60665.18457297753,"upper_bound":112117.06930952423},"point_estimate":85154.77093820063,"standard_error":13605.87429678832},"slope":null,"std_dev":{"confidence_interval":{"confidence_level":0.95,"lower_bound":82670.86302670819,"upper_bound":142684.19848880632},"point_estimate":113268.71790057504,"standard_error":15451.031840917007}}