{"mean":{"confidence_interval":{"confidence_level":0.95,"lower_bound":799718.5340875,"upper_bound":803404.8617374997},"point_estimate":801256.5135000002,"standard_error":957.6767768285388},"median":{"confidence_interval":{"confidence_level":0.95,"lower_bound":799295.6,"upper_bound":800578.2},"point_estimate":799853.1499999999,"standard_error":335.94285018853157},"median_abs_dev":{"confidence_interval":{"confidence_level":0.95,"lower_bound":2135.1617189681683,"upper_bound":3328.5852009058517},"point_estimate":2772.5731457770044,"standard_error":309.1303189087886},"slope":null,"std_dev":{"confidence_interval":{"confidence_level":0.95,"lower_bound":2381.590484533438,"upper_bound":15186.06744885695},"point_estimate":9632.306295063083,"standard_error":3449.7218544404236}}