{"mean":{"confidence_interval":{"confidence_level":0.95,"lower_bound":806590.5213874999,"upper_bound":823209.7466499999},"point_estimate":814910.5119999998,"standard_error":4244.102512177373},"median":{"confidence_interval":{"confidence_level":0.95,"lower_bound":806301.3500000001,"upper_bound":826743.0},"point_estimate":815679.7250000001,"standard_error":5978.403036869668},"median_abs_dev":{"confidence_interval":{"confidence_level":0.95,"lower_bound":39084.74528610696,"upper_bound":57611.47393669183},"point_estimate":49463.76053184285,"standard_error":4867.430418837938},"slope":null,"std_dev":{"confidence_interval":{"confidence_level":0.95,"lower_bound":37900.71362126496,"upper_bound":46912.42640471553},"point_estimate":42741.688202931,"standard_error":2298.697821472544}}