{"mean":{"confidence_interval":{"confidence_level":0.95,"lower_bound":254983.63176529994,"upper_bound":261945.26725619828},"point_estimate":258281.55888103027,"standard_error":1777.7878810643235},"median":{"confidence_interval":{"confidence_level":0.95,"lower_bound":252998.12162162163,"upper_bound":259351.45520833333},"point_estimate":255278.93891402715,"standard_error":1585.2971709584745},"median_abs_dev":{"confidence_interval":{"confidence_level":0.95,"lower_bound":10076.589483400388,"upper_bound":16812.595992292532},"point_estimate":13691.239338181906,"standard_error":1755.14010683322},"slope":{"confidence_interval":{"confidence_level":0.95,"lower_bound":256596.66346424917,"upper_bound":261728.83276422884},"point_estimate":259148.60472587557,"standard_error":1307.0789470720138},"std_dev":{"confidence_interval":{"confidence_level":0.95,"lower_bound":12959.070281400813,"upper_bound":22609.789229109843},"point_estimate":17820.69460974713,"standard_error":2498.4952824236416}}