{"mean":{"confidence_interval":{"confidence_level":0.95,"lower_bound":236367.6765421945,"upper_bound":240638.8340651533},"point_estimate":238301.15877467298,"standard_error":1098.6110927973527},"median":{"confidence_interval":{"confidence_level":0.95,"lower_bound":237817.5388888889,"upper_bound":239891.2380637217},"point_estimate":239348.72136082474,"standard_error":589.288905056016},"median_abs_dev":{"confidence_interval":{"confidence_level":0.95,"lower_bound":2125.72440685154,"upper_bound":4742.436580690958},"point_estimate":3149.1343552736676,"standard_error":695.4433344638505},"slope":{"confidence_interval":{"confidence_level":0.95,"lower_bound":239038.5237239749,"upper_bound":240040.5843582929},"point_estimate":239533.62729776857,"standard_error":253.95716185101574},"std_dev":{"confidence_interval":{"confidence_level":0.95,"lower_bound":5641.796720219483,"upper_bound":15806.472045793518},"point_estimate":11000.156782608075,"standard_error":2676.293063236956}}