{"mean":{"confidence_interval":{"confidence_level":0.95,"lower_bound":236107.3603383933,"upper_bound":240484.29307668057},"point_estimate":238111.43072287456,"standard_error":1120.60340616023},"median":{"confidence_interval":{"confidence_level":0.95,"lower_bound":236813.12916666668,"upper_bound":239182.0847826087},"point_estimate":237898.99006568146,"standard_error":625.6117803280257},"median_abs_dev":{"confidence_interval":{"confidence_level":0.95,"lower_bound":4280.770305380472,"upper_bound":7528.490693736178},"point_estimate":6007.274484250468,"standard_error":804.1844068479945},"slope":{"confidence_interval":{"confidence_level":0.95,"lower_bound":238624.4917573987,"upper_bound":240295.56626296442},"point_estimate":239438.11577892714,"standard_error":426.6664660771713},"std_dev":{"confidence_interval":{"confidence_level":0.95,"lower_bound":6165.435262826923,"upper_bound":15821.292737439353},"point_estimate":11248.434146254976,"standard_error":2525.2273911124}}