{"mean":{"confidence_interval":{"confidence_level":0.95,"lower_bound":240452.41326456045,"upper_bound":244766.47667373976},"point_estimate":242374.5578582911,"standard_error":1109.4610841016306},"median":{"confidence_interval":{"confidence_level":0.95,"lower_bound":241406.3840909091,"upper_bound":243767.75066983578},"point_estimate":242875.60285714286,"standard_error":568.8544112218065},"median_abs_dev":{"confidence_interval":{"confidence_level":0.95,"lower_bound":2572.684492507527,"upper_bound":5201.447640008781},"point_estimate":3679.970468864153,"standard_error":642.2948736209731},"slope":{"confidence_interval":{"confidence_level":0.95,"lower_bound":243106.75020340752,"upper_bound":244187.8344155273},"point_estimate":243667.54183301315,"standard_error":274.76916894617455},"std_dev":{"confidence_interval":{"confidence_level":0.95,"lower_bound":5293.209554760129,"upper_bound":16257.466073306203},"point_estimate":11100.458318994646,"standard_error":2925.5276699202623}}