{"mean":{"confidence_interval":{"confidence_level":0.95,"lower_bound":244271.76538730576,"upper_bound":248946.82892359007},"point_estimate":246409.36045125328,"standard_error":1203.8230810938899},"median":{"confidence_interval":{"confidence_level":0.95,"lower_bound":244824.89395758306,"upper_bound":247791.41032608695},"point_estimate":246675.64811827958,"standard_error":752.5208337503466},"median_abs_dev":{"confidence_interval":{"confidence_level":0.95,"lower_bound":3668.1562730044407,"upper_bound":6758.665552813127},"point_estimate":5161.946163632075,"standard_error":867.9627440734546},"slope":{"confidence_interval":{"confidence_level":0.95,"lower_bound":247359.07669213074,"upper_bound":248618.34275823727},"point_estimate":248007.89524900253,"standard_error":321.2487503596935},"std_dev":{"confidence_interval":{"confidence_level":0.95,"lower_bound":6243.069922189637,"upper_bound":17429.76625481617},"point_estimate":12166.997717486784,"standard_error":2939.6396909639175}}