{"mean":{"confidence_interval":{"confidence_level":0.95,"lower_bound":273355.70430742303,"upper_bound":278886.07295996073},"point_estimate":275809.0900893293,"standard_error":1415.6455082842767},"median":{"confidence_interval":{"confidence_level":0.95,"lower_bound":273416.51719445817,"upper_bound":277243.93563988095},"point_estimate":274910.9954896907,"standard_error":1071.436742101968},"median_abs_dev":{"confidence_interval":{"confidence_level":0.95,"lower_bound":5114.035045665161,"upper_bound":8803.798075367964},"point_estimate":6941.52783326191,"standard_error":945.9500885274064},"slope":{"confidence_interval":{"confidence_level":0.95,"lower_bound":276136.905919466,"upper_bound":277823.9657838361},"point_estimate":277015.88107654796,"standard_error":430.31024842266066},"std_dev":{"confidence_interval":{"confidence_level":0.95,"lower_bound":6954.287044457059,"upper_bound":20910.308134764236},"point_estimate":14174.309352946904,"standard_error":3689.75443128598}}