{"mean":{"confidence_interval":{"confidence_level":0.95,"lower_bound":250160.10123046674,"upper_bound":255151.47154868912},"point_estimate":252458.2937105817,"standard_error":1266.9275768800276},"median":{"confidence_interval":{"confidence_level":0.95,"lower_bound":251341.17465753423,"upper_bound":253679.09375},"point_estimate":252743.07185612596,"standard_error":626.771013715221},"median_abs_dev":{"confidence_interval":{"confidence_level":0.95,"lower_bound":4404.63420942992,"upper_bound":7353.059467774872},"point_estimate":5626.225400135139,"standard_error":722.4722660655098},"slope":{"confidence_interval":{"confidence_level":0.95,"lower_bound":253339.52364154425,"upper_bound":255815.13073609938},"point_estimate":254568.42414881042,"standard_error":630.5110349253926},"std_dev":{"confidence_interval":{"confidence_level":0.95,"lower_bound":7464.2639601772225,"upper_bound":17989.29041244226},"point_estimate":12722.184666990202,"standard_error":2806.3279121964124}}