{"mean":{"confidence_interval":{"confidence_level":0.95,"lower_bound":19757.458083526308,"upper_bound":20090.40801452022},"point_estimate":19912.220952235908,"standard_error":85.11394110765204},"median":{"confidence_interval":{"confidence_level":0.95,"lower_bound":19638.433829611247,"upper_bound":19813.80769230769},"point_estimate":19713.458874458876,"standard_error":44.09321728265791},"median_abs_dev":{"confidence_interval":{"confidence_level":0.95,"lower_bound":294.6367618316541,"upper_bound":491.83161573648664},"point_estimate":370.6762629788964,"standard_error":50.03529941419393},"slope":{"confidence_interval":{"confidence_level":0.95,"lower_bound":19488.511944818445,"upper_bound":19633.859332462696},"point_estimate":19559.711952518443,"standard_error":36.929562696623044},"std_dev":{"confidence_interval":{"confidence_level":0.95,"lower_bound":569.9401320243403,"upper_bound":1118.9894113917178},"point_estimate":853.1556217333289,"standard_error":141.67220219021792}}