{"mean":{"confidence_interval":{"confidence_level":0.95,"lower_bound":16313.151813448303,"upper_bound":16572.247017277445},"point_estimate":16432.256092266234,"standard_error":66.09747747844568},"median":{"confidence_interval":{"confidence_level":0.95,"lower_bound":16208.180958385876,"upper_bound":16308.205364649013},"point_estimate":16245.80480272049,"standard_error":24.471507634032285},"median_abs_dev":{"confidence_interval":{"confidence_level":0.95,"lower_bound":208.59975859763543,"upper_bound":384.018737455385},"point_estimate":310.7466530395742,"standard_error":44.86375072280952},"slope":{"confidence_interval":{"confidence_level":0.95,"lower_bound":16074.439667578938,"upper_bound":16149.022651966703},"point_estimate":16109.827333564284,"standard_error":19.00735170355117},"std_dev":{"confidence_interval":{"confidence_level":0.95,"lower_bound":397.5188410724449,"upper_bound":915.7817778784892},"point_estimate":663.7132566720676,"standard_error":134.35837237412372}}