{"mean":{"confidence_interval":{"confidence_level":0.95,"lower_bound":25343.719865609524,"upper_bound":26181.070305876474},"point_estimate":25739.551050979015,"standard_error":213.06947080535704},"median":{"confidence_interval":{"confidence_level":0.95,"lower_bound":24896.757894736842,"upper_bound":25402.693518518518},"point_estimate":25197.156845238096,"standard_error":131.02585927307018},"median_abs_dev":{"confidence_interval":{"confidence_level":0.95,"lower_bound":786.7792324239214,"upper_bound":1431.0312364402705},"point_estimate":1146.4130748409393,"standard_error":171.01317806634282},"slope":{"confidence_interval":{"confidence_level":0.95,"lower_bound":24906.026991839386,"upper_bound":25717.152737768887},"point_estimate":25264.850782990987,"standard_error":208.53876250874086},"std_dev":{"confidence_interval":{"confidence_level":0.95,"lower_bound":1529.220486885273,"upper_bound":2657.473092819593},"point_estimate":2140.600012457387,"standard_error":288.0751306729651}}