{"mean":{"confidence_interval":{"confidence_level":0.95,"lower_bound":17599.44293387578,"upper_bound":17854.518532006583},"point_estimate":17715.896051807587,"standard_error":65.49930826076437},"median":{"confidence_interval":{"confidence_level":0.95,"lower_bound":17475.30081300813,"upper_bound":17560.169835344863},"point_estimate":17490.211120034044,"standard_error":23.577426057089962},"median_abs_dev":{"confidence_interval":{"confidence_level":0.95,"lower_bound":150.95609447617147,"upper_bound":278.10175756178813},"point_estimate":203.01963315470195,"standard_error":34.14595188473241},"slope":{"confidence_interval":{"confidence_level":0.95,"lower_bound":17380.66925834493,"upper_bound":17436.21392907645},"point_estimate":17407.059106188703,"standard_error":14.22074132303672},"std_dev":{"confidence_interval":{"confidence_level":0.95,"lower_bound":389.62181990097486,"upper_bound":911.3132048360847},"point_estimate":657.1515261814818,"standard_error":136.599279239133}}