{"mean":{"confidence_interval":{"confidence_level":0.95,"lower_bound":20422.74153410552,"upper_bound":21173.395045605153},"point_estimate":20789.265268253297,"standard_error":191.69564075883665},"median":{"confidence_interval":{"confidence_level":0.95,"lower_bound":20013.599580712787,"upper_bound":21325.717413090053},"point_estimate":20966.990843507214,"standard_error":321.65395417458274},"median_abs_dev":{"confidence_interval":{"confidence_level":0.95,"lower_bound":1349.02386589692,"upper_bound":2345.2315674252504},"point_estimate":1938.7081235386236,"standard_error":246.6549218063838},"slope":{"confidence_interval":{"confidence_level":0.95,"lower_bound":20997.017001501154,"upper_bound":21567.587884040364},"point_estimate":21290.130361381955,"standard_error":145.60907070170688},"std_dev":{"confidence_interval":{"confidence_level":0.95,"lower_bound":1561.2781384395564,"upper_bound":2291.5259011547473},"point_estimate":1930.8290960573506,"standard_error":187.12520669902884}}