{"mean":{"confidence_interval":{"confidence_level":0.95,"lower_bound":17809.953843501753,"upper_bound":18098.15985603392},"point_estimate":17942.988954771303,"standard_error":73.96597380906778},"median":{"confidence_interval":{"confidence_level":0.95,"lower_bound":17651.903364969803,"upper_bound":17767.25716169795},"point_estimate":17697.118382459466,"standard_error":32.8997373065481},"median_abs_dev":{"confidence_interval":{"confidence_level":0.95,"lower_bound":160.05509815663802,"upper_bound":306.03023716660005},"point_estimate":228.51684825110317,"standard_error":39.04553060226752},"slope":{"confidence_interval":{"confidence_level":0.95,"lower_bound":17574.628920631203,"upper_bound":17648.46514257663},"point_estimate":17610.067223237642,"standard_error":18.863372969542684},"std_dev":{"confidence_interval":{"confidence_level":0.95,"lower_bound":467.27804646871596,"upper_bound":993.1910522356221},"point_estimate":743.2944819446743,"standard_error":135.83308990119448}}