{"mean":{"confidence_interval":{"confidence_level":0.95,"lower_bound":19654.046758775232,"upper_bound":20235.375150530443},"point_estimate":19935.727884726588,"standard_error":148.4741689019838},"median":{"confidence_interval":{"confidence_level":0.95,"lower_bound":19461.022952853597,"upper_bound":19784.73758689176},"point_estimate":19666.264947122145,"standard_error":76.71969756773616},"median_abs_dev":{"confidence_interval":{"confidence_level":0.95,"lower_bound":640.6140635391796,"upper_bound":1064.0504725307344},"point_estimate":856.4892731356204,"standard_error":107.40644149599517},"slope":{"confidence_interval":{"confidence_level":0.95,"lower_bound":18930.668091252355,"upper_bound":19527.22327221183},"point_estimate":19212.424962999172,"standard_error":151.9133265252917},"std_dev":{"confidence_interval":{"confidence_level":0.95,"lower_bound":1161.6339181071212,"upper_bound":1773.0764528826962},"point_estimate":1492.593473024277,"standard_error":155.9384627091555}}