{"mean":{"confidence_interval":{"confidence_level":0.95,"lower_bound":1574730.3560566807,"upper_bound":1618250.0349820328},"point_estimate":1595559.1050059444,"standard_error":11145.39056683329},"median":{"confidence_interval":{"confidence_level":0.95,"lower_bound":1558675.447337963,"upper_bound":1575544.7454545454},"point_estimate":1563965.8075980393,"standard_error":4149.636848284576},"median_abs_dev":{"confidence_interval":{"confidence_level":0.95,"lower_bound":31941.103904364434,"upper_bound":61851.0481254568},"point_estimate":44552.61631931786,"standard_error":8195.810019138418},"slope":{"confidence_interval":{"confidence_level":0.95,"lower_bound":1560980.4052217107,"upper_bound":1574386.685671894},"point_estimate":1567841.297877937,"standard_error":3420.1917540059476},"std_dev":{"confidence_interval":{"confidence_level":0.95,"lower_bound":84949.66607085224,"upper_bound":133915.71427062745},"point_estimate":111853.80332035833,"standard_error":12434.718002144025}}