{"mean":{"confidence_interval":{"confidence_level":0.95,"lower_bound":2051547.4441562505,"upper_bound":2061914.918427083},"point_estimate":2056501.3083333338,"standard_error":2654.693614281808},"median":{"confidence_interval":{"confidence_level":0.95,"lower_bound":2045717.2916666667,"upper_bound":2055845.4791666667},"point_estimate":2051374.0625,"standard_error":2441.5018407899297},"median_abs_dev":{"confidence_interval":{"confidence_level":0.95,"lower_bound":14431.689918786056,"upper_bound":24020.405248552677},"point_estimate":20362.985550984624,"standard_error":2517.417222152324},"slope":null,"std_dev":{"confidence_interval":{"confidence_level":0.95,"lower_bound":19738.511157144483,"upper_bound":33700.16399345819},"point_estimate":26760.87670313287,"standard_error":3622.299770731042}}