{"mean":{"confidence_interval":{"confidence_level":0.95,"lower_bound":1685423.4427462472,"upper_bound":1736579.7351270136},"point_estimate":1709845.8779501677,"standard_error":13052.645820486856},"median":{"confidence_interval":{"confidence_level":0.95,"lower_bound":1650444.7142857143,"upper_bound":1697676.1134020619},"point_estimate":1661391.0043478261,"standard_error":12160.043732526834},"median_abs_dev":{"confidence_interval":{"confidence_level":0.95,"lower_bound":64614.77558092173,"upper_bound":115263.38905691935},"point_estimate":88391.05161084463,"standard_error":12087.401070185468},"slope":{"confidence_interval":{"confidence_level":0.95,"lower_bound":1668132.4902208955,"upper_bound":1700818.1824503322},"point_estimate":1684161.0598492685,"standard_error":8332.362483308194},"std_dev":{"confidence_interval":{"confidence_level":0.95,"lower_bound":99842.00563832367,"upper_bound":160182.3394528406},"point_estimate":130269.59176709366,"standard_error":15500.34326421655}}