{"mean":{"confidence_interval":{"confidence_level":0.95,"lower_bound":1733913.904587456,"upper_bound":1790582.8211476465},"point_estimate":1761305.5397744316,"standard_error":14439.890807489317},"median":{"confidence_interval":{"confidence_level":0.95,"lower_bound":1686962.8016666668,"upper_bound":1750396.4545454546},"point_estimate":1714167.7563369544,"standard_error":14896.961679717886},"median_abs_dev":{"confidence_interval":{"confidence_level":0.95,"lower_bound":76031.68998897585,"upper_bound":138124.96540647576},"point_estimate":103489.77452852325,"standard_error":14943.155272174989},"slope":{"confidence_interval":{"confidence_level":0.95,"lower_bound":1684002.5487704896,"upper_bound":1713259.8266623367},"point_estimate":1697579.6805674597,"standard_error":7471.334541541999},"std_dev":{"confidence_interval":{"confidence_level":0.95,"lower_bound":120315.26650577034,"upper_bound":166435.22673570117},"point_estimate":145294.54968344394,"standard_error":11797.572663006475}}