{"mean":{"confidence_interval":{"confidence_level":0.95,"lower_bound":1471909.0586120277,"upper_bound":1510713.1583069682},"point_estimate":1490292.195910438,"standard_error":9900.605009663337},"median":{"confidence_interval":{"confidence_level":0.95,"lower_bound":1458435.2655163854,"upper_bound":1470596.6857585139},"point_estimate":1464003.497881356,"standard_error":3434.9560982801754},"median_abs_dev":{"confidence_interval":{"confidence_level":0.95,"lower_bound":21811.451894339578,"upper_bound":47063.74366531266},"point_estimate":34110.63035126069,"standard_error":6195.745228387437},"slope":{"confidence_interval":{"confidence_level":0.95,"lower_bound":1455626.1924062502,"upper_bound":1464586.1913346595},"point_estimate":1460361.9396098715,"standard_error":2285.6044984330733},"std_dev":{"confidence_interval":{"confidence_level":0.95,"lower_bound":76550.87242418027,"upper_bound":117043.7482773681},"point_estimate":99106.51524278804,"standard_error":10321.400064441317}}