{"mean":{"confidence_interval":{"confidence_level":0.95,"lower_bound":5449355.671299999,"upper_bound":5478569.604000001},"point_estimate":5463961.446,"standard_error":7445.102174403735},"median":{"confidence_interval":{"confidence_level":0.95,"lower_bound":5435631.9,"upper_bound":5477653.0},"point_estimate":5467273.0,"standard_error":12414.270346804597},"median_abs_dev":{"confidence_interval":{"confidence_level":0.95,"lower_bound":56428.64455819075,"upper_bound":91953.2225275041},"point_estimate":76518.76376152066,"standard_error":9292.48736824672},"slope":null,"std_dev":{"confidence_interval":{"confidence_level":0.95,"lower_bound":61727.06638384205,"upper_bound":86899.5093439704},"point_estimate":74421.7374283076,"standard_error":6435.061035866941}}