{"mean":{"confidence_interval":{"confidence_level":0.95,"lower_bound":5481523.1375,"upper_bound":5638557.399375},"point_estimate":5557325.5175,"standard_error":40145.05209555991},"median":{"confidence_interval":{"confidence_level":0.95,"lower_bound":5449307.5,"upper_bound":5565331.25},"point_estimate":5505142.5,"standard_error":31057.35765157087},"median_abs_dev":{"confidence_interval":{"confidence_level":0.95,"lower_bound":251221.74708992243,"upper_bound":425240.2510754764},"point_estimate":331004.7141484916,"standard_error":44107.980094362945},"slope":null,"std_dev":{"confidence_interval":{"confidence_level":0.95,"lower_bound":303226.3737206671,"upper_bound":514719.348978753},"point_estimate":401913.2297343456,"standard_error":56503.54093537479}}