{"mean":{"confidence_interval":{"confidence_level":0.95,"lower_bound":8455139.63141667,"upper_bound":8667671.235833332},"point_estimate":8555247.74333333,"standard_error":54629.25526449242},"median":{"confidence_interval":{"confidence_level":0.95,"lower_bound":8368906.0,"upper_bound":8524037.666666666},"point_estimate":8441321.833333332,"standard_error":33652.28807532739},"median_abs_dev":{"confidence_interval":{"confidence_level":0.95,"lower_bound":251149.4703412063,"upper_bound":419842.9076462961},"point_estimate":349963.7701869006,"standard_error":44702.200445531234},"slope":null,"std_dev":{"confidence_interval":{"confidence_level":0.95,"lower_bound":385226.71585309017,"upper_bound":699258.530686708},"point_estimate":548968.7312887508,"standard_error":80961.55299767057}}