{"mean":{"confidence_interval":{"confidence_level":0.95,"lower_bound":4678779.533549998,"upper_bound":4687638.0965},"point_estimate":4683126.018000001,"standard_error":2266.502042051996},"median":{"confidence_interval":{"confidence_level":0.95,"lower_bound":4676204.8,"upper_bound":4686784.8},"point_estimate":4680624.4,"standard_error":2462.1607395894985},"median_abs_dev":{"confidence_interval":{"confidence_level":0.95,"lower_bound":17094.970736503463,"upper_bound":27784.51654672678},"point_estimate":21779.690133333483,"standard_error":2724.366191382055},"slope":null,"std_dev":{"confidence_interval":{"confidence_level":0.95,"lower_bound":18999.558206058173,"upper_bound":26084.74354795322},"point_estimate":22656.087630321443,"standard_error":1815.1060553212299}}