{"mean":{"confidence_interval":{"confidence_level":0.95,"lower_bound":5249095.27675,"upper_bound":5362567.234937499},"point_estimate":5302138.825,"standard_error":29026.682492074335},"median":{"confidence_interval":{"confidence_level":0.95,"lower_bound":5223918.75,"upper_bound":5326357.125},"point_estimate":5282031.625,"standard_error":24901.916677179597},"median_abs_dev":{"confidence_interval":{"confidence_level":0.95,"lower_bound":133083.1774123013,"upper_bound":208417.7885748446},"point_estimate":165181.65216743946,"standard_error":19177.253286577623},"slope":null,"std_dev":{"confidence_interval":{"confidence_level":0.95,"lower_bound":180883.0410336952,"upper_bound":401745.2652692548},"point_estimate":291973.54226542875,"standard_error":58263.10578458267}}