{"mean":{"confidence_interval":{"confidence_level":0.95,"lower_bound":10399141.169200001,"upper_bound":10559467.665849993},"point_estimate":10480065.198,"standard_error":40867.76324578813},"median":{"confidence_interval":{"confidence_level":0.95,"lower_bound":10364574.0,"upper_bound":10654452.4},"point_estimate":10504823.0,"standard_error":77153.83217988792},"median_abs_dev":{"confidence_interval":{"confidence_level":0.95,"lower_bound":366047.4100613589,"upper_bound":541138.6121928692},"point_estimate":477961.0242944953,"standard_error":44522.722333477584},"slope":null,"std_dev":{"confidence_interval":{"confidence_level":0.95,"lower_bound":359952.3040055016,"upper_bound":460185.480263692},"point_estimate":412160.5627942072,"standard_error":25634.832618794}}