{"mean":{"confidence_interval":{"confidence_level":0.95,"lower_bound":12257606.020399995,"upper_bound":12281259.83095},"point_estimate":12269260.745999997,"standard_error":6031.6240636237135},"median":{"confidence_interval":{"confidence_level":0.95,"lower_bound":12240662.5,"upper_bound":12284510.6},"point_estimate":12249738.600000001,"standard_error":10729.430941299579},"median_abs_dev":{"confidence_interval":{"confidence_level":0.95,"lower_bound":50427.67290472708,"upper_bound":81758.2720685008},"point_estimate":63817.47804701577,"standard_error":7641.590735423273},"slope":null,"std_dev":{"confidence_interval":{"confidence_level":0.95,"lower_bound":52228.90876835003,"upper_bound":69010.65621726023},"point_estimate":60684.99025649918,"standard_error":4310.273397616998}}