{"mean":{"confidence_interval":{"confidence_level":0.95,"lower_bound":11656596.194050005,"upper_bound":11762259.500000007},"point_estimate":11709837.922,"standard_error":26915.923438067948},"median":{"confidence_interval":{"confidence_level":0.95,"lower_bound":11651061.2,"upper_bound":11816564.399999999},"point_estimate":11752593.2,"standard_error":35216.9644568936},"median_abs_dev":{"confidence_interval":{"confidence_level":0.95,"lower_bound":231452.98143088736,"upper_bound":364415.21575033694},"point_estimate":304250.27099847794,"standard_error":34457.77019036325},"slope":null,"std_dev":{"confidence_interval":{"confidence_level":0.95,"lower_bound":234713.5654608777,"upper_bound":301736.80632335483},"point_estimate":270124.7185106789,"standard_error":17093.248163040196}}