{"mean":{"confidence_interval":{"confidence_level":0.95,"lower_bound":4733615.420549998,"upper_bound":4746021.532150002},"point_estimate":4739521.110000002,"standard_error":3165.7615881419392},"median":{"confidence_interval":{"confidence_level":0.95,"lower_bound":4728009.5,"upper_bound":4741339.699999999},"point_estimate":4733869.699999999,"standard_error":3338.403236401747},"median_abs_dev":{"confidence_interval":{"confidence_level":0.95,"lower_bound":17243.219614370835,"upper_bound":31031.113969087877},"point_estimate":21186.798403858862,"standard_error":3484.3489240310237},"slope":null,"std_dev":{"confidence_interval":{"confidence_level":0.95,"lower_bound":22761.085144268087,"upper_bound":40548.9169086179},"point_estimate":31735.99107569617,"standard_error":4616.282216392068}}