{"mean":{"confidence_interval":{"confidence_level":0.95,"lower_bound":5657546.418,"upper_bound":5754662.284000001},"point_estimate":5705126.84,"standard_error":24751.58721822638},"median":{"confidence_interval":{"confidence_level":0.95,"lower_bound":5653425.9,"upper_bound":5749866.6},"point_estimate":5685196.1,"standard_error":25400.377722312463},"median_abs_dev":{"confidence_interval":{"confidence_level":0.95,"lower_bound":179558.42411220074,"upper_bound":287640.5552333592},"point_estimate":235645.47763645675,"standard_error":25993.570474244996},"slope":null,"std_dev":{"confidence_interval":{"confidence_level":0.95,"lower_bound":200377.96599582527,"upper_bound":293587.986557169},"point_estimate":248506.75537597228,"standard_error":23912.570852908742}}