{"mean":{"confidence_interval":{"confidence_level":0.95,"lower_bound":4648417.197149999,"upper_bound":4662837.945199999},"point_estimate":4655525.525999999,"standard_error":3679.879928402441},"median":{"confidence_interval":{"confidence_level":0.95,"lower_bound":4648172.8,"upper_bound":4661423.0},"point_estimate":4656673.0,"standard_error":4217.784689433181},"median_abs_dev":{"confidence_interval":{"confidence_level":0.95,"lower_bound":24833.846079111376,"upper_bound":42092.19933271519},"point_estimate":35123.23815643829,"standard_error":4234.802700574925},"slope":null,"std_dev":{"confidence_interval":{"confidence_level":0.95,"lower_bound":30269.517823551203,"upper_bound":43497.09880645813},"point_estimate":37027.90905755646,"standard_error":3388.722121956019}}