{"mean":{"confidence_interval":{"confidence_level":0.95,"lower_bound":5506040.130400001,"upper_bound":5537951.5913},"point_estimate":5522169.446000001,"standard_error":8137.557826786587},"median":{"confidence_interval":{"confidence_level":0.95,"lower_bound":5511068.0,"upper_bound":5540859.9},"point_estimate":5522208.6,"standard_error":6970.5219692902465},"median_abs_dev":{"confidence_interval":{"confidence_level":0.95,"lower_bound":52517.397567630505,"upper_bound":105746.16142863143},"point_estimate":79220.9504735467,"standard_error":13993.165246634704},"slope":null,"std_dev":{"confidence_interval":{"confidence_level":0.95,"lower_bound":69397.99487381785,"upper_bound":92078.72214556034},"point_estimate":81665.90979942094,"standard_error":5809.946770765987}}