{"mean":{"confidence_interval":{"confidence_level":0.95,"lower_bound":13791.45824058341,"upper_bound":13953.472526714984},"point_estimate":13860.61878380141,"standard_error":41.75404552803873},"median":{"confidence_interval":{"confidence_level":0.95,"lower_bound":13744.99622770919,"upper_bound":13788.495519713262},"point_estimate":13763.35782554001,"standard_error":10.514584929852628},"median_abs_dev":{"confidence_interval":{"confidence_level":0.95,"lower_bound":65.3460116533389,"upper_bound":120.71853321343073},"point_estimate":96.29358499730154,"standard_error":14.216564727810951},"slope":{"confidence_interval":{"confidence_level":0.95,"lower_bound":13713.774313079248,"upper_bound":13747.803557996664},"point_estimate":13730.559053741195,"standard_error":8.702029282278193},"std_dev":{"confidence_interval":{"confidence_level":0.95,"lower_bound":156.35376634906925,"upper_bound":645.2524257077738},"point_estimate":417.0516504908345,"standard_error":134.11864772797043}}