{"mean":{"confidence_interval":{"confidence_level":0.95,"lower_bound":16024.939668452795,"upper_bound":16629.59189490235},"point_estimate":16311.339373887968,"standard_error":154.65306878367653},"median":{"confidence_interval":{"confidence_level":0.95,"lower_bound":15596.171857923497,"upper_bound":16298.298783712322},"point_estimate":15959.260307998013,"standard_error":182.5054352856679},"median_abs_dev":{"confidence_interval":{"confidence_level":0.95,"lower_bound":865.7572157491983,"upper_bound":1561.5114018704942},"point_estimate":1243.9344258529084,"standard_error":189.0346281235661},"slope":{"confidence_interval":{"confidence_level":0.95,"lower_bound":15977.57807654578,"upper_bound":16657.025392138024},"point_estimate":16313.429155520886,"standard_error":173.77704788251657},"std_dev":{"confidence_interval":{"confidence_level":0.95,"lower_bound":1106.3868962374288,"upper_bound":2082.1833934200145},"point_estimate":1552.9000385612972,"standard_error":279.65891651634985}}