{"mean":{"confidence_interval":{"confidence_level":0.95,"lower_bound":15761.39649695239,"upper_bound":15906.028299882906},"point_estimate":15827.178476452827,"standard_error":37.076732998715144},"median":{"confidence_interval":{"confidence_level":0.95,"lower_bound":15750.408180443894,"upper_bound":15862.250717154331},"point_estimate":15792.926857864357,"standard_error":29.10365452429851},"median_abs_dev":{"confidence_interval":{"confidence_level":0.95,"lower_bound":146.63296156341195,"upper_bound":245.10276651460325},"point_estimate":192.93876018187987,"standard_error":25.18107515149969},"slope":{"confidence_interval":{"confidence_level":0.95,"lower_bound":15720.234679857158,"upper_bound":15797.729404870406},"point_estimate":15758.44447606381,"standard_error":19.748018777407072},"std_dev":{"confidence_interval":{"confidence_level":0.95,"lower_bound":197.5078514806275,"upper_bound":523.733329952918},"point_estimate":371.57885820326453,"standard_error":86.10775660545251}}