{"mean":{"confidence_interval":{"confidence_level":0.95,"lower_bound":13890.527915041454,"upper_bound":14041.33132088526},"point_estimate":13955.174819805408,"standard_error":38.81654296232984},"median":{"confidence_interval":{"confidence_level":0.95,"lower_bound":13853.110226576853,"upper_bound":13891.408450704226},"point_estimate":13872.934183521596,"standard_error":9.652919145520547},"median_abs_dev":{"confidence_interval":{"confidence_level":0.95,"lower_bound":55.50273036770017,"upper_bound":101.09308868077942},"point_estimate":77.17994200163656,"standard_error":11.66473182678302},"slope":{"confidence_interval":{"confidence_level":0.95,"lower_bound":13812.302868406541,"upper_bound":13854.566462112552},"point_estimate":13833.585106263412,"standard_error":10.758967177083585},"std_dev":{"confidence_interval":{"confidence_level":0.95,"lower_bound":151.04816526593495,"upper_bound":596.5539457227989},"point_estimate":389.50049849304924,"standard_error":119.45806210376071}}