{"mean":{"confidence_interval":{"confidence_level":0.95,"lower_bound":17493.263768522927,"upper_bound":17941.338312768497},"point_estimate":17693.153316413052,"standard_error":114.99270337247019},"median":{"confidence_interval":{"confidence_level":0.95,"lower_bound":17292.650311122634,"upper_bound":17565.379972875227},"point_estimate":17424.922996175872,"standard_error":62.03458678355799},"median_abs_dev":{"confidence_interval":{"confidence_level":0.95,"lower_bound":403.2464338396529,"upper_bound":680.4020088825145},"point_estimate":571.6628647562594,"standard_error":71.9886034957821},"slope":{"confidence_interval":{"confidence_level":0.95,"lower_bound":17383.792520310035,"upper_bound":17646.008091440624},"point_estimate":17513.69403676455,"standard_error":66.71794213834622},"std_dev":{"confidence_interval":{"confidence_level":0.95,"lower_bound":574.5441590196684,"upper_bound":1705.673538118025},"point_estimate":1157.5346415707136,"standard_error":303.1843470300464}}