{"mean":{"confidence_interval":{"confidence_level":0.95,"lower_bound":30916.90602874747,"upper_bound":32339.569517349046},"point_estimate":31523.836486327917,"standard_error":366.90749446862935},"median":{"confidence_interval":{"confidence_level":0.95,"lower_bound":30329.377514367818,"upper_bound":31178.263136289},"point_estimate":30727.5707984878,"standard_error":227.0684169846692},"median_abs_dev":{"confidence_interval":{"confidence_level":0.95,"lower_bound":1223.7492757722325,"upper_bound":2207.9061809193836},"point_estimate":1725.30267248365,"standard_error":237.02740169968448},"slope":{"confidence_interval":{"confidence_level":0.95,"lower_bound":30183.572952051938,"upper_bound":30880.346588613957},"point_estimate":30521.915408345776,"standard_error":178.3195636156664},"std_dev":{"confidence_interval":{"confidence_level":0.95,"lower_bound":1747.079742832016,"upper_bound":5689.811068919874},"point_estimate":3693.464406444899,"standard_error":1221.0863175711386}}