{"mean":{"confidence_interval":{"confidence_level":0.95,"lower_bound":18892.395450388107,"upper_bound":19616.722509255032},"point_estimate":19191.73056378127,"standard_error":187.9151873512533},"median":{"confidence_interval":{"confidence_level":0.95,"lower_bound":18653.02354037267,"upper_bound":18763.947490132276},"point_estimate":18689.44514066496,"standard_error":31.049350738648993},"median_abs_dev":{"confidence_interval":{"confidence_level":0.95,"lower_bound":121.68478128803632,"upper_bound":260.65653767007365},"point_estimate":165.7209341267392,"standard_error":37.71124298563855},"slope":{"confidence_interval":{"confidence_level":0.95,"lower_bound":18605.197683468497,"upper_bound":18645.991976789137},"point_estimate":18623.974537429083,"standard_error":10.323366355421285},"std_dev":{"confidence_interval":{"confidence_level":0.95,"lower_bound":611.6447630701975,"upper_bound":3004.8473231283438},"point_estimate":1890.74253443213,"standard_error":681.1258625589589}}