{"mean":{"confidence_interval":{"confidence_level":0.95,"lower_bound":23340.453997926536,"upper_bound":24287.570543293998},"point_estimate":23730.168868545963,"standard_error":247.12691899643866},"median":{"confidence_interval":{"confidence_level":0.95,"lower_bound":23151.687027027026,"upper_bound":23420.30289039039},"point_estimate":23285.147794772794,"standard_error":58.5729665521954},"median_abs_dev":{"confidence_interval":{"confidence_level":0.95,"lower_bound":382.88951135177814,"upper_bound":663.258245151958},"point_estimate":537.1687034756774,"standard_error":68.95680353188314},"slope":{"confidence_interval":{"confidence_level":0.95,"lower_bound":22938.60039146135,"upper_bound":23132.564429094335},"point_estimate":23034.70377667456,"standard_error":49.48524150592029},"std_dev":{"confidence_interval":{"confidence_level":0.95,"lower_bound":746.7628975316909,"upper_bound":3958.275201882137},"point_estimate":2482.1360014549045,"standard_error":926.7236792607871}}