{"mean":{"confidence_interval":{"confidence_level":0.95,"lower_bound":16794.57112097504,"upper_bound":17302.553587305665},"point_estimate":17008.321143243604,"standard_error":131.25866075324734},"median":{"confidence_interval":{"confidence_level":0.95,"lower_bound":16632.793199452943,"upper_bound":16729.26655982906},"point_estimate":16673.3009836146,"standard_error":25.890185872234618},"median_abs_dev":{"confidence_interval":{"confidence_level":0.95,"lower_bound":130.92092875668985,"upper_bound":267.4070068920324},"point_estimate":193.29187772863773,"standard_error":34.71637018794953},"slope":{"confidence_interval":{"confidence_level":0.95,"lower_bound":16574.51797749953,"upper_bound":16617.318768064884},"point_estimate":16594.884310966114,"standard_error":10.937612551902557},"std_dev":{"confidence_interval":{"confidence_level":0.95,"lower_bound":425.84593353821424,"upper_bound":2063.798473412859},"point_estimate":1313.4922636216224,"standard_error":449.77879067554306}}