{"mean":{"confidence_interval":{"confidence_level":0.95,"lower_bound":26120.095950569543,"upper_bound":27040.459983221754},"point_estimate":26502.64484084374,"standard_error":240.56971668707035},"median":{"confidence_interval":{"confidence_level":0.95,"lower_bound":25864.82383050739,"upper_bound":25999.639388979813},"point_estimate":25919.38564102564,"standard_error":32.84110152701107},"median_abs_dev":{"confidence_interval":{"confidence_level":0.95,"lower_bound":202.3305310175893,"upper_bound":374.9032153839224},"point_estimate":286.5076589914643,"standard_error":45.48925413228005},"slope":{"confidence_interval":{"confidence_level":0.95,"lower_bound":25764.11808601343,"upper_bound":25831.70392551493},"point_estimate":25796.38312868256,"standard_error":17.213417533375683},"std_dev":{"confidence_interval":{"confidence_level":0.95,"lower_bound":711.0986749993824,"upper_bound":3872.3898096322046},"point_estimate":2428.5012226102403,"standard_error":919.2967351870986}}