{"mean":{"confidence_interval":{"confidence_level":0.95,"lower_bound":19412.6901932515,"upper_bound":20084.385818433184},"point_estimate":19692.903400110226,"standard_error":174.81482928994868},"median":{"confidence_interval":{"confidence_level":0.95,"lower_bound":19224.142386831274,"upper_bound":19315.832391713746},"point_estimate":19252.63494179894,"standard_error":27.83409749696132},"median_abs_dev":{"confidence_interval":{"confidence_level":0.95,"lower_bound":148.69966222260555,"upper_bound":289.8724454127488},"point_estimate":184.6395883886579,"standard_error":35.553812066225326},"slope":{"confidence_interval":{"confidence_level":0.95,"lower_bound":19143.67667108517,"upper_bound":19192.947868585277},"point_estimate":19166.424294107022,"standard_error":12.603180221393455},"std_dev":{"confidence_interval":{"confidence_level":0.95,"lower_bound":556.7856917075264,"upper_bound":2802.9867101919353},"point_estimate":1769.921290782724,"standard_error":640.347439880857}}