{"mean":{"confidence_interval":{"confidence_level":0.95,"lower_bound":10497834.296600003,"upper_bound":10710969.71355},"point_estimate":10601964.860000003,"standard_error":54217.55126954741},"median":{"confidence_interval":{"confidence_level":0.95,"lower_bound":10352369.2,"upper_bound":10683292.4},"point_estimate":10457836.5,"standard_error":81647.28589512667},"median_abs_dev":{"confidence_interval":{"confidence_level":0.95,"lower_bound":385206.30822122045,"upper_bound":635842.9472315314},"point_estimate":479907.0850199466,"standard_error":64945.12645137255},"slope":null,"std_dev":{"confidence_interval":{"confidence_level":0.95,"lower_bound":433683.2115834254,"upper_bound":655038.5756538204},"point_estimate":544548.3855500097,"standard_error":57208.7602770819}}