{"mean":{"confidence_interval":{"confidence_level":0.95,"lower_bound":4171158.8521500016,"upper_bound":4280618.661049998},"point_estimate":4225612.6,"standard_error":27907.058052177137},"median":{"confidence_interval":{"confidence_level":0.95,"lower_bound":4133200.5,"upper_bound":4288783.699999999},"point_estimate":4213661.6,"standard_error":38692.86220039755},"median_abs_dev":{"confidence_interval":{"confidence_level":0.95,"lower_bound":204556.69052839224,"upper_bound":366248.65818178625},"point_estimate":269703.31945180846,"standard_error":42887.43915447747},"slope":null,"std_dev":{"confidence_interval":{"confidence_level":0.95,"lower_bound":242143.97383759063,"upper_bound":314761.38533130405},"point_estimate":280409.46512970654,"standard_error":18502.499620353286}}