{"mean":{"confidence_interval":{"confidence_level":0.95,"lower_bound":7483367.812178572,"upper_bound":7564954.057392855},"point_estimate":7522020.6428571455,"standard_error":20770.88741006817},"median":{"confidence_interval":{"confidence_level":0.95,"lower_bound":7436955.5,"upper_bound":7521534.714285715},"point_estimate":7469728.142857143,"standard_error":18858.304521420574},"median_abs_dev":{"confidence_interval":{"confidence_level":0.95,"lower_bound":107006.01770026403,"upper_bound":195611.38122720298},"point_estimate":147638.3643788948,"standard_error":22615.511696365826},"slope":null,"std_dev":{"confidence_interval":{"confidence_level":0.95,"lower_bound":151856.1054097207,"upper_bound":270633.8898281635},"point_estimate":209464.43003792252,"standard_error":31366.20235008252}}