{"mean":{"confidence_interval":{"confidence_level":0.95,"lower_bound":3541547.4900000007,"upper_bound":3624611.098571429},"point_estimate":3582179.9900000007,"standard_error":21210.48030889932},"median":{"confidence_interval":{"confidence_level":0.95,"lower_bound":3484823.285714286,"upper_bound":3593025.4285714286},"point_estimate":3538881.5,"standard_error":22782.032866936002},"median_abs_dev":{"confidence_interval":{"confidence_level":0.95,"lower_bound":119701.09767488066,"upper_bound":210681.90670714882},"point_estimate":154977.12834860611,"standard_error":23002.695494730302},"slope":null,"std_dev":{"confidence_interval":{"confidence_level":0.95,"lower_bound":173965.3492875986,"upper_bound":252321.04566431473},"point_estimate":214641.43194960555,"standard_error":20080.67416871665}}