{"mean":{"confidence_interval":{"confidence_level":0.95,"lower_bound":5709879.498000001,"upper_bound":6054714.2535},"point_estimate":5874659.135,"standard_error":88308.0963437302},"median":{"confidence_interval":{"confidence_level":0.95,"lower_bound":5398212.75,"upper_bound":5766040.5},"point_estimate":5579064.0,"standard_error":86818.69556109214},"median_abs_dev":{"confidence_interval":{"confidence_level":0.95,"lower_bound":377176.39850378036,"upper_bound":807188.0547432974},"point_estimate":595638.8019002974,"standard_error":102774.7309418709},"slope":null,"std_dev":{"confidence_interval":{"confidence_level":0.95,"lower_bound":665897.2852530571,"upper_bound":1089649.6405332184},"point_estimate":887951.5722363364,"standard_error":108294.56510074211}}