{"mean":{"confidence_interval":{"confidence_level":0.95,"lower_bound":7907524.730464282,"upper_bound":8026594.432285708},"point_estimate":7964984.955714285,"standard_error":30518.051324946387},"median":{"confidence_interval":{"confidence_level":0.95,"lower_bound":7886568.571428572,"upper_bound":7990941.714285715},"point_estimate":7950948.142857143,"standard_error":31974.163440975728},"median_abs_dev":{"confidence_interval":{"confidence_level":0.95,"lower_bound":159487.93876852287,"upper_bound":280957.2487120117},"point_estimate":202145.0934112072,"standard_error":30950.123855072576},"slope":null,"std_dev":{"confidence_interval":{"confidence_level":0.95,"lower_bound":224110.627339214,"upper_bound":397714.68031622877},"point_estimate":306501.9137918796,"standard_error":46654.1652803872}}