{"mean":{"confidence_interval":{"confidence_level":0.95,"lower_bound":4202037.503699999,"upper_bound":4319247.163399998},"point_estimate":4258120.962,"standard_error":29993.139537050025},"median":{"confidence_interval":{"confidence_level":0.95,"lower_bound":4166926.0,"upper_bound":4250191.0},"point_estimate":4223079.4,"standard_error":18835.65018696626},"median_abs_dev":{"confidence_interval":{"confidence_level":0.95,"lower_bound":123834.16280150482,"upper_bound":266306.6829121118},"point_estimate":188598.7257117031,"standard_error":33768.60306013719},"slope":null,"std_dev":{"confidence_interval":{"confidence_level":0.95,"lower_bound":225356.8573709129,"upper_bound":370690.9436971581},"point_estimate":302845.7901770486,"standard_error":37138.93762041497}}