{"mean":{"confidence_interval":{"confidence_level":0.95,"lower_bound":9850190.649500001,"upper_bound":10089920.504150003},"point_estimate":9960843.646000003,"standard_error":61316.00516419697},"median":{"confidence_interval":{"confidence_level":0.95,"lower_bound":9744267.8,"upper_bound":9929751.2},"point_estimate":9854979.7,"standard_error":50668.254788476974},"median_abs_dev":{"confidence_interval":{"confidence_level":0.95,"lower_bound":318616.66474342346,"upper_bound":505754.13992107054},"point_estimate":388107.75636970944,"standard_error":47647.12144287565},"slope":null,"std_dev":{"confidence_interval":{"confidence_level":0.95,"lower_bound":380547.1601758585,"upper_bound":840015.9962898702},"point_estimate":613996.6913670724,"standard_error":121282.77538321211}}