{"mean":{"confidence_interval":{"confidence_level":0.95,"lower_bound":4126921.0530500007,"upper_bound":4319743.227550002},"point_estimate":4219450.630000002,"standard_error":49149.183514652235},"median":{"confidence_interval":{"confidence_level":0.95,"lower_bound":4023381.6,"upper_bound":4253302.6},"point_estimate":4175081.8,"standard_error":58260.05154174805},"median_abs_dev":{"confidence_interval":{"confidence_level":0.95,"lower_bound":323356.2403392789,"upper_bound":484116.91281920706},"point_estimate":393439.18587505794,"standard_error":41085.16001471803},"slope":null,"std_dev":{"confidence_interval":{"confidence_level":0.95,"lower_bound":370497.8531405173,"upper_bound":621668.4180002133},"point_estimate":496705.51508124324,"standard_error":64963.0503304156}}