{"mean":{"confidence_interval":{"confidence_level":0.95,"lower_bound":3986462.1365416674,"upper_bound":4037794.759666666},"point_estimate":4012384.4133333312,"standard_error":13133.215363631667},"median":{"confidence_interval":{"confidence_level":0.95,"lower_bound":3985806.3333333335,"upper_bound":4054591.0},"point_estimate":4013823.666666667,"standard_error":17554.313158512337},"median_abs_dev":{"confidence_interval":{"confidence_level":0.95,"lower_bound":116842.96262562275,"upper_bound":177086.43575608672},"point_estimate":158183.03899168968,"standard_error":15212.658437916509},"slope":null,"std_dev":{"confidence_interval":{"confidence_level":0.95,"lower_bound":114563.13013967485,"upper_bound":147360.03961328883},"point_estimate":131822.65789919643,"standard_error":8361.751974049732}}