{"mean":{"confidence_interval":{"confidence_level":0.95,"lower_bound":5140315.313949999,"upper_bound":5397880.006849998},"point_estimate":5267327.866,"standard_error":65799.0783541974},"median":{"confidence_interval":{"confidence_level":0.95,"lower_bound":5009446.5,"upper_bound":5377154.2},"point_estimate":5109461.0,"standard_error":91273.08368303887},"median_abs_dev":{"confidence_interval":{"confidence_level":0.95,"lower_bound":471994.59722042084,"upper_bound":810621.6172885878},"point_estimate":646847.8420561558,"standard_error":85056.13770642756},"slope":null,"std_dev":{"confidence_interval":{"confidence_level":0.95,"lower_bound":565427.9154799522,"upper_bound":747328.0218332985},"point_estimate":661354.8827024265,"standard_error":46610.287537006545}}