{"mean":{"confidence_interval":{"confidence_level":0.95,"lower_bound":4220536.4432,"upper_bound":4303792.3549999995},"point_estimate":4261968.313999998,"standard_error":21298.599615243988},"median":{"confidence_interval":{"confidence_level":0.95,"lower_bound":4206263.2,"upper_bound":4299504.0},"point_estimate":4260903.8,"standard_error":25678.019046662463},"median_abs_dev":{"confidence_interval":{"confidence_level":0.95,"lower_bound":156385.23826360758,"upper_bound":259975.8327645064},"point_estimate":216786.95423126195,"standard_error":27022.91684093724},"slope":null,"std_dev":{"confidence_interval":{"confidence_level":0.95,"lower_bound":182217.2324377082,"upper_bound":242636.1024886637},"point_estimate":213696.6931693973,"standard_error":15475.514683195697}}