{"mean":{"confidence_interval":{"confidence_level":0.95,"lower_bound":1034.5609640036405,"upper_bound":1075.4359230498071},"point_estimate":1051.596437017475,"standard_error":10.673513854428807},"median":{"confidence_interval":{"confidence_level":0.95,"lower_bound":1021.3080865027923,"upper_bound":1027.8147270927602},"point_estimate":1024.9716475260673,"standard_error":1.8086373452652496},"median_abs_dev":{"confidence_interval":{"confidence_level":0.95,"lower_bound":7.745014940858384,"upper_bound":16.31274339758339},"point_estimate":11.697715805448585,"standard_error":2.1900243888680873},"slope":{"confidence_interval":{"confidence_level":0.95,"lower_bound":1018.3954004024038,"upper_bound":1020.9202417878319},"point_estimate":1019.5838137467762,"standard_error":0.6416260898691263},"std_dev":{"confidence_interval":{"confidence_level":0.95,"lower_bound":34.194041439491215,"upper_bound":169.36511386740744},"point_estimate":106.88871548206583,"standard_error":38.80058539146589}}