{"mean":{"confidence_interval":{"confidence_level":0.95,"lower_bound":1007.6691820483676,"upper_bound":1042.775142599913},"point_estimate":1022.3595764288954,"standard_error":9.076287237683582},"median":{"confidence_interval":{"confidence_level":0.95,"lower_bound":995.3251146950379,"upper_bound":1000.1198643724936},"point_estimate":996.529950980492,"standard_error":1.163188421730265},"median_abs_dev":{"confidence_interval":{"confidence_level":0.95,"lower_bound":8.003188033359075,"upper_bound":14.719011310320226},"point_estimate":10.448000817803964,"standard_error":1.7410159280275284},"slope":{"confidence_interval":{"confidence_level":0.95,"lower_bound":992.3124389800956,"upper_bound":1003.5569924267429},"point_estimate":996.6067559832642,"standard_error":3.0185106427281467},"std_dev":{"confidence_interval":{"confidence_level":0.95,"lower_bound":31.38900128614383,"upper_bound":143.12392766640838},"point_estimate":90.94949882242523,"standard_error":31.78545976608569}}