{"mean":{"confidence_interval":{"confidence_level":0.95,"lower_bound":1557.8959495230795,"upper_bound":1628.232715552461},"point_estimate":1589.0411435547214,"standard_error":17.996840435455294},"median":{"confidence_interval":{"confidence_level":0.95,"lower_bound":1534.1361088611482,"upper_bound":1575.2496850792304},"point_estimate":1557.8290289881384,"standard_error":10.251220854165448},"median_abs_dev":{"confidence_interval":{"confidence_level":0.95,"lower_bound":61.86286520542237,"upper_bound":104.4371256714236},"point_estimate":76.73459423223063,"standard_error":10.518463129398985},"slope":{"confidence_interval":{"confidence_level":0.95,"lower_bound":1509.8609265316518,"upper_bound":1558.309357522993},"point_estimate":1533.2872149802045,"standard_error":12.401293807391385},"std_dev":{"confidence_interval":{"confidence_level":0.95,"lower_bound":93.6214460712756,"upper_bound":271.1008652477502},"point_estimate":181.2943015650466,"standard_error":51.7331155125911}}