{"mean":{"confidence_interval":{"confidence_level":0.95,"lower_bound":1184.785888491288,"upper_bound":1236.384132470639},"point_estimate":1207.1738143202106,"standard_error":13.34964976106191},"median":{"confidence_interval":{"confidence_level":0.95,"lower_bound":1169.8457133440447,"upper_bound":1190.2380268199233},"point_estimate":1183.547314251371,"standard_error":4.721824075125373},"median_abs_dev":{"confidence_interval":{"confidence_level":0.95,"lower_bound":31.206899933605644,"upper_bound":61.477622249219245},"point_estimate":44.03784414571988,"standard_error":7.6557571909936515},"slope":{"confidence_interval":{"confidence_level":0.95,"lower_bound":1160.7791405579417,"upper_bound":1176.8961875277125},"point_estimate":1169.0648988848104,"standard_error":4.113989604168125},"std_dev":{"confidence_interval":{"confidence_level":0.95,"lower_bound":56.3785408383718,"upper_bound":206.33345652610268},"point_estimate":134.4588560361142,"standard_error":42.63224889989459}}