{"mean":{"confidence_interval":{"confidence_level":0.95,"lower_bound":913.7048627759934,"upper_bound":950.0081021788816},"point_estimate":928.8267518865979,"standard_error":9.46632933865748},"median":{"confidence_interval":{"confidence_level":0.95,"lower_bound":901.8717458266881,"upper_bound":907.8469765528589},"point_estimate":904.1391245082103,"standard_error":1.4562470588615912},"median_abs_dev":{"confidence_interval":{"confidence_level":0.95,"lower_bound":6.8063912217564075,"upper_bound":14.685749289018354},"point_estimate":10.018016783601507,"standard_error":1.8908007684907018},"slope":{"confidence_interval":{"confidence_level":0.95,"lower_bound":898.7850149128466,"upper_bound":901.1397815821974},"point_estimate":899.8874205859162,"standard_error":0.5986439773270551},"std_dev":{"confidence_interval":{"confidence_level":0.95,"lower_bound":29.865289225086904,"upper_bound":151.10676356437745},"point_estimate":95.41595268457806,"standard_error":34.517385318303944}}