{"mean":{"confidence_interval":{"confidence_level":0.95,"lower_bound":1380.4068173978876,"upper_bound":1438.1293108282125},"point_estimate":1406.440197844586,"standard_error":14.785199890946087},"median":{"confidence_interval":{"confidence_level":0.95,"lower_bound":1363.3101077666295,"upper_bound":1393.9373073644174},"point_estimate":1380.0012779004376,"standard_error":7.822304196127429},"median_abs_dev":{"confidence_interval":{"confidence_level":0.95,"lower_bound":52.28369570131831,"upper_bound":92.64407487807573},"point_estimate":76.86514594192822,"standard_error":9.820398986718674},"slope":{"confidence_interval":{"confidence_level":0.95,"lower_bound":1337.0356175180698,"upper_bound":1369.2270567299204},"point_estimate":1352.4123478748902,"standard_error":8.223212414568938},"std_dev":{"confidence_interval":{"confidence_level":0.95,"lower_bound":79.28539456828497,"upper_bound":218.54483988951094},"point_estimate":149.2025441404868,"standard_error":38.30309334144787}}