{"mean":{"confidence_interval":{"confidence_level":0.95,"lower_bound":513945625.80525005,"upper_bound":517889850.265},"point_estimate":515989132.98,"standard_error":1008080.5016448083},"median":{"confidence_interval":{"confidence_level":0.95,"lower_bound":515108386.0,"upper_bound":519320425.5},"point_estimate":517335630.0,"standard_error":984291.8267335539},"median_abs_dev":{"confidence_interval":{"confidence_level":0.95,"lower_bound":6127370.714217424,"upper_bound":9494569.490137696},"point_estimate":8049265.801396966,"standard_error":885514.2056678928},"slope":null,"std_dev":{"confidence_interval":{"confidence_level":0.95,"lower_bound":7585339.311573288,"upper_bound":12450488.377489269},"point_estimate":10120993.26608515,"standard_error":1248180.350022911}}