{"mean":{"confidence_interval":{"confidence_level":0.95,"lower_bound":455699717.4,"upper_bound":456485433.92},"point_estimate":456086204.55,"standard_error":199610.6435015199},"median":{"confidence_interval":{"confidence_level":0.95,"lower_bound":455264554.5,"upper_bound":456296427.0},"point_estimate":455837471.0,"standard_error":284768.4285089641},"median_abs_dev":{"confidence_interval":{"confidence_level":0.95,"lower_bound":1599847.9084870224,"upper_bound":2554089.800655842},"point_estimate":1911837.8702580929,"standard_error":252886.7882353621},"slope":null,"std_dev":{"confidence_interval":{"confidence_level":0.95,"lower_bound":1719382.824015141,"upper_bound":2258852.941535134},"point_estimate":2003607.103826937,"standard_error":137529.1449624828}}