{"mean":{"confidence_interval":{"confidence_level":0.95,"lower_bound":297029963.70525,"upper_bound":297509883.461},"point_estimate":297268950.81,"standard_error":122335.53097256304},"median":{"confidence_interval":{"confidence_level":0.95,"lower_bound":297238572.0,"upper_bound":297723526.0},"point_estimate":297440728.5,"standard_error":109062.46672498228},"median_abs_dev":{"confidence_interval":{"confidence_level":0.95,"lower_bound":827980.9356004,"upper_bound":1482634.8703754684},"point_estimate":1211974.3287831545,"standard_error":169316.25488413934},"slope":null,"std_dev":{"confidence_interval":{"confidence_level":0.95,"lower_bound":1053930.7477077213,"upper_bound":1399760.1517469028},"point_estimate":1232159.7250065743,"standard_error":88506.07525223878}}