{"mean":{"confidence_interval":{"confidence_level":0.95,"lower_bound":493609476.21099997,"upper_bound":497431435.1115},"point_estimate":495562557.84,"standard_error":975080.8267736498},"median":{"confidence_interval":{"confidence_level":0.95,"lower_bound":495274974.0,"upper_bound":499198590.0},"point_estimate":497373162.5,"standard_error":1295533.7689802784},"median_abs_dev":{"confidence_interval":{"confidence_level":0.95,"lower_bound":7648810.359406471,"upper_bound":12036049.036717415},"point_estimate":10418960.19552648,"standard_error":1089602.2057170286},"slope":null,"std_dev":{"confidence_interval":{"confidence_level":0.95,"lower_bound":8457040.283497222,"upper_bound":10964180.532905404},"point_estimate":9798501.662350945,"standard_error":640293.9969285196}}