{"mean":{"confidence_interval":{"confidence_level":0.95,"lower_bound":545817315.98475,"upper_bound":553472315.54},"point_estimate":549511903.46,"standard_error":1952149.1489208657},"median":{"confidence_interval":{"confidence_level":0.95,"lower_bound":542881671.0,"upper_bound":548977572.0},"point_estimate":545130303.0,"standard_error":1603135.594004253},"median_abs_dev":{"confidence_interval":{"confidence_level":0.95,"lower_bound":10857411.70964241,"upper_bound":18967036.379867792},"point_estimate":14869522.941613197,"standard_error":2031081.9816430174},"slope":null,"std_dev":{"confidence_interval":{"confidence_level":0.95,"lower_bound":15557391.798621928,"upper_bound":23097382.544064943},"point_estimate":19597841.761552762,"standard_error":1923970.90819654}}