{"mean":{"confidence_interval":{"confidence_level":0.95,"lower_bound":473027452.558,"upper_bound":473496118.56},"point_estimate":473260874.81,"standard_error":119455.1513106219},"median":{"confidence_interval":{"confidence_level":0.95,"lower_bound":472893971.0,"upper_bound":473535299.0},"point_estimate":473293302.5,"standard_error":133983.5614937066},"median_abs_dev":{"confidence_interval":{"confidence_level":0.95,"lower_bound":936805.2562683821,"upper_bound":1582304.821908474},"point_estimate":1323497.7227032185,"standard_error":173155.86960743266},"slope":null,"std_dev":{"confidence_interval":{"confidence_level":0.95,"lower_bound":1043110.605484886,"upper_bound":1343145.939025159},"point_estimate":1200545.993152886,"standard_error":76639.6092120638}}