{"mean":{"confidence_interval":{"confidence_level":0.95,"lower_bound":696962.3744461159,"upper_bound":712486.2950806639},"point_estimate":704529.1936424386,"standard_error":3971.120269743758},"median":{"confidence_interval":{"confidence_level":0.95,"lower_bound":692351.3486842106,"upper_bound":701550.16015625},"point_estimate":697764.7585978836,"standard_error":2144.8759398325938},"median_abs_dev":{"confidence_interval":{"confidence_level":0.95,"lower_bound":17805.321053195872,"upper_bound":39374.4666157601},"point_estimate":28834.43006177669,"standard_error":5716.378064334632},"slope":{"confidence_interval":{"confidence_level":0.95,"lower_bound":710263.5648604349,"upper_bound":734649.0035039493},"point_estimate":721838.6785207625,"standard_error":6252.157525033287},"std_dev":{"confidence_interval":{"confidence_level":0.95,"lower_bound":31656.823196147518,"upper_bound":47265.857436050996},"point_estimate":39693.81385203308,"standard_error":3992.5752727582294}}