{"mean":{"confidence_interval":{"confidence_level":0.95,"lower_bound":542177.7923654238,"upper_bound":546409.1499930944},"point_estimate":544095.8810338,"standard_error":1078.1076578395134},"median":{"confidence_interval":{"confidence_level":0.95,"lower_bound":540393.6078976641,"upper_bound":542272.4202516234},"point_estimate":540962.8084086799,"standard_error":481.7105501417389},"median_abs_dev":{"confidence_interval":{"confidence_level":0.95,"lower_bound":3103.111734516373,"upper_bound":6647.918547591432},"point_estimate":4828.95877632298,"standard_error":935.5661568133355},"slope":{"confidence_interval":{"confidence_level":0.95,"lower_bound":540368.7279644642,"upper_bound":542053.8562177677},"point_estimate":541207.173732821,"standard_error":430.7884253194065},"std_dev":{"confidence_interval":{"confidence_level":0.95,"lower_bound":6512.557492481413,"upper_bound":15347.467833940726},"point_estimate":10864.486094729447,"standard_error":2381.306941235346}}