{"mean":{"confidence_interval":{"confidence_level":0.95,"lower_bound":693494.2077254546,"upper_bound":711849.439946455},"point_estimate":701710.6889010683,"standard_error":4712.578980204936},"median":{"confidence_interval":{"confidence_level":0.95,"lower_bound":687485.0751247702,"upper_bound":699992.6296296297},"point_estimate":694853.7213968579,"standard_error":3457.6970385547606},"median_abs_dev":{"confidence_interval":{"confidence_level":0.95,"lower_bound":22269.49171021189,"upper_bound":33722.87559588902},"point_estimate":29932.572797414137,"standard_error":3113.242412818072},"slope":{"confidence_interval":{"confidence_level":0.95,"lower_bound":682240.0071213624,"upper_bound":694931.9021713783},"point_estimate":688099.945812029,"standard_error":3253.977704905475},"std_dev":{"confidence_interval":{"confidence_level":0.95,"lower_bound":23815.086972682653,"upper_bound":69411.48391590867},"point_estimate":47387.984449616284,"standard_error":12364.341557021013}}