{"mean":{"confidence_interval":{"confidence_level":0.95,"lower_bound":589334.4591706867,"upper_bound":593608.9629914527},"point_estimate":591115.0369337825,"standard_error":1110.4035617570034},"median":{"confidence_interval":{"confidence_level":0.95,"lower_bound":588757.0328364222,"upper_bound":589405.8205128205},"point_estimate":589146.3902637577,"standard_error":158.69444898700533},"median_abs_dev":{"confidence_interval":{"confidence_level":0.95,"lower_bound":1144.2946429200235,"upper_bound":1838.826430970665},"point_estimate":1503.8484933485347,"standard_error":165.64857100173754},"slope":{"confidence_interval":{"confidence_level":0.95,"lower_bound":588927.7256289118,"upper_bound":589355.9105079711},"point_estimate":589138.7617511452,"standard_error":109.57508564435261},"std_dev":{"confidence_interval":{"confidence_level":0.95,"lower_bound":2133.778277034678,"upper_bound":17775.90602094904},"point_estimate":11173.021448594516,"standard_error":4094.031907255408}}