{"mean":{"confidence_interval":{"confidence_level":0.95,"lower_bound":677904.3799702672,"upper_bound":691826.6393463918},"point_estimate":684149.4784989388,"standard_error":3558.147248719821},"median":{"confidence_interval":{"confidence_level":0.95,"lower_bound":669791.8979591837,"upper_bound":678053.5357142857},"point_estimate":673803.3258037694,"standard_error":2238.1078041190317},"median_abs_dev":{"confidence_interval":{"confidence_level":0.95,"lower_bound":11122.41366000578,"upper_bound":21832.26953964301},"point_estimate":15182.783194487729,"standard_error":2946.9296650842507},"slope":{"confidence_interval":{"confidence_level":0.95,"lower_bound":675830.4443731087,"upper_bound":686651.3824942176},"point_estimate":680986.6441185164,"standard_error":2757.2373335576713},"std_dev":{"confidence_interval":{"confidence_level":0.95,"lower_bound":20610.61187295705,"upper_bound":52133.15889264144},"point_estimate":35749.54523107229,"standard_error":9417.310860257829}}