{"mean":{"confidence_interval":{"confidence_level":0.95,"lower_bound":36444.83144971587,"upper_bound":37276.42791600684},"point_estimate":36879.009784328744,"standard_error":211.69704098486974},"median":{"confidence_interval":{"confidence_level":0.95,"lower_bound":37115.07342171717,"upper_bound":37905.27955393487},"point_estimate":37733.72505173398,"standard_error":189.27136660936722},"median_abs_dev":{"confidence_interval":{"confidence_level":0.95,"lower_bound":994.9919437109717,"upper_bound":1664.4575023254192},"point_estimate":1354.5718883327395,"standard_error":164.58055576695935},"slope":{"confidence_interval":{"confidence_level":0.95,"lower_bound":38103.592911993896,"upper_bound":38354.75360770582},"point_estimate":38242.70648293188,"standard_error":64.2438740460445},"std_dev":{"confidence_interval":{"confidence_level":0.95,"lower_bound":1649.277488110886,"upper_bound":2516.5930918316003},"point_estimate":2126.306731490281,"standard_error":222.3359290675731}}