{"mean":{"confidence_interval":{"confidence_level":0.95,"lower_bound":25235.098538557926,"upper_bound":27624.8068499259},"point_estimate":26437.631592149868,"standard_error":612.7018572965417},"median":{"confidence_interval":{"confidence_level":0.95,"lower_bound":24915.274379283226,"upper_bound":28819.83907299112},"point_estimate":26676.168892450143,"standard_error":1018.9814197481485},"median_abs_dev":{"confidence_interval":{"confidence_level":0.95,"lower_bound":5514.628080392276,"upper_bound":8277.044381555788},"point_estimate":6755.440631409163,"standard_error":718.1807980190299},"slope":{"confidence_interval":{"confidence_level":0.95,"lower_bound":30587.388825359736,"upper_bound":32396.76348376946},"point_estimate":31563.189549940067,"standard_error":460.50041694277485},"std_dev":{"confidence_interval":{"confidence_level":0.95,"lower_bound":5458.17350753521,"upper_bound":6735.548435886506},"point_estimate":6145.8057095275,"standard_error":325.12744226751437}}