{"mean":{"confidence_interval":{"confidence_level":0.95,"lower_bound":19481.666262908366,"upper_bound":21118.424919768433},"point_estimate":20306.29810683711,"standard_error":417.47924128230096},"median":{"confidence_interval":{"confidence_level":0.95,"lower_bound":19433.826219512193,"upper_bound":22129.270833333332},"point_estimate":20906.438235294117,"standard_error":629.0036687124285},"median_abs_dev":{"confidence_interval":{"confidence_level":0.95,"lower_bound":3840.2061615483217,"upper_bound":5967.198500801269},"point_estimate":4858.387451246381,"standard_error":532.4748631482987},"slope":{"confidence_interval":{"confidence_level":0.95,"lower_bound":23204.48559729922,"upper_bound":24220.869786424675},"point_estimate":23764.267687306045,"standard_error":258.63124905219354},"std_dev":{"confidence_interval":{"confidence_level":0.95,"lower_bound":3767.346347003124,"upper_bound":4597.102199540441},"point_estimate":4217.862576440712,"standard_error":211.84202211484558}}