{"mean":{"confidence_interval":{"confidence_level":0.95,"lower_bound":37224.12392445995,"upper_bound":38439.539829709116},"point_estimate":37847.714878398314,"standard_error":311.0224305285584},"median":{"confidence_interval":{"confidence_level":0.95,"lower_bound":38000.43877551021,"upper_bound":39270.769865429684},"point_estimate":38862.23164628798,"standard_error":368.20836989488976},"median_abs_dev":{"confidence_interval":{"confidence_level":0.95,"lower_bound":1501.0521873986518,"upper_bound":2727.2123894588453},"point_estimate":2101.352693596561,"standard_error":347.3696069537131},"slope":{"confidence_interval":{"confidence_level":0.95,"lower_bound":39437.900444424995,"upper_bound":39980.57850542032},"point_estimate":39717.653108995335,"standard_error":138.2816881289726},"std_dev":{"confidence_interval":{"confidence_level":0.95,"lower_bound":2502.251771954343,"upper_bound":3670.53158647602},"point_estimate":3129.4473531328636,"standard_error":299.0008380709105}}