{"mean":{"confidence_interval":{"confidence_level":0.95,"lower_bound":21211.69227618813,"upper_bound":23215.424849125866},"point_estimate":22225.47940108208,"standard_error":512.1214557715556},"median":{"confidence_interval":{"confidence_level":0.95,"lower_bound":21389.621645021645,"upper_bound":24613.490957966766},"point_estimate":23128.93989708405,"standard_error":718.0532678455476},"median_abs_dev":{"confidence_interval":{"confidence_level":0.95,"lower_bound":4597.031979417411,"upper_bound":7097.407875438049},"point_estimate":6048.35330951245,"standard_error":636.4955716062276},"slope":{"confidence_interval":{"confidence_level":0.95,"lower_bound":25746.244963488545,"upper_bound":26917.976996588346},"point_estimate":26392.466336633664,"standard_error":299.9320048382247},"std_dev":{"confidence_interval":{"confidence_level":0.95,"lower_bound":4552.933009486271,"upper_bound":5630.381454154319},"point_estimate":5140.927939252868,"standard_error":274.60140578274314}}