{"mean":{"confidence_interval":{"confidence_level":0.95,"lower_bound":4203107.629,"upper_bound":4277280.256113636},"point_estimate":4237912.680000002,"standard_error":18957.969455663722},"median":{"confidence_interval":{"confidence_level":0.95,"lower_bound":4178899.150000002,"upper_bound":4204400.181818182},"point_estimate":4192363.2727272725,"standard_error":6677.546528452255},"median_abs_dev":{"confidence_interval":{"confidence_level":0.95,"lower_bound":63707.38825987714,"upper_bound":118937.74160661493},"point_estimate":98246.77854668004,"standard_error":16101.998548030417},"slope":null,"std_dev":{"confidence_interval":{"confidence_level":0.95,"lower_bound":130653.25716387112,"upper_bound":243384.3342617314},"point_estimate":190532.37341292744,"standard_error":28804.504795564524}}