{"mean":{"confidence_interval":{"confidence_level":0.95,"lower_bound":4066220.623354168,"upper_bound":4133666.2982500005},"point_estimate":4097648.6066666674,"standard_error":17283.48959211009},"median":{"confidence_interval":{"confidence_level":0.95,"lower_bound":4044582.6666666665,"upper_bound":4090576.3333333335},"point_estimate":4069462.8333333335,"standard_error":13462.0697307025},"median_abs_dev":{"confidence_interval":{"confidence_level":0.95,"lower_bound":74375.86317956471,"upper_bound":117113.16647082567},"point_estimate":90849.95811209071,"standard_error":10975.286178551776},"slope":null,"std_dev":{"confidence_interval":{"confidence_level":0.95,"lower_bound":109916.24324885568,"upper_bound":233873.91097185848},"point_estimate":173801.8823180629,"standard_error":32177.073418909487}}