{"mean":{"confidence_interval":{"confidence_level":0.95,"lower_bound":3604126.854267856,"upper_bound":3611142.7036785716},"point_estimate":3607573.4214285715,"standard_error":1792.1460493235245},"median":{"confidence_interval":{"confidence_level":0.95,"lower_bound":3602288.714285714,"upper_bound":3608195.9285714286},"point_estimate":3605132.4642857146,"standard_error":1606.0191360819347},"median_abs_dev":{"confidence_interval":{"confidence_level":0.95,"lower_bound":11108.909802777278,"upper_bound":21337.206847438396},"point_estimate":15043.941932916987,"standard_error":2596.545836529584},"slope":null,"std_dev":{"confidence_interval":{"confidence_level":0.95,"lower_bound":15042.50934828303,"upper_bound":20795.325423101545},"point_estimate":18088.38498182242,"standard_error":1472.094780875966}}