{"mean":{"confidence_interval":{"confidence_level":0.95,"lower_bound":3786977.7030769237,"upper_bound":3814460.524634616},"point_estimate":3801037.501538462,"standard_error":7018.248151808767},"median":{"confidence_interval":{"confidence_level":0.95,"lower_bound":3788584.0384615385,"upper_bound":3835053.6923076925},"point_estimate":3812730.5384615385,"standard_error":10757.370133347651},"median_abs_dev":{"confidence_interval":{"confidence_level":0.95,"lower_bound":51424.379248572564,"upper_bound":82354.43692253194},"point_estimate":67037.69659445844,"standard_error":7640.693425789392},"slope":null,"std_dev":{"confidence_interval":{"confidence_level":0.95,"lower_bound":57280.62325641808,"upper_bound":82281.01969987065},"point_estimate":70402.00988070172,"standard_error":6403.473431407662}}