{"mean":{"confidence_interval":{"confidence_level":0.95,"lower_bound":40433686.17425,"upper_bound":40667396.72},"point_estimate":40552313.75,"standard_error":59457.686606458345},"median":{"confidence_interval":{"confidence_level":0.95,"lower_bound":40451839.0,"upper_bound":40840767.0},"point_estimate":40664304.0,"standard_error":103787.61358373638},"median_abs_dev":{"confidence_interval":{"confidence_level":0.95,"lower_bound":502932.7521711588,"upper_bound":783538.5187894106},"point_estimate":685153.9258360863,"standard_error":73675.85246286956},"slope":null,"std_dev":{"confidence_interval":{"confidence_level":0.95,"lower_bound":506258.23078511335,"upper_bound":680724.1504262857},"point_estimate":596485.6994902656,"standard_error":44834.470016384716}}