{"mean":{"confidence_interval":{"confidence_level":0.95,"lower_bound":36533322.21525,"upper_bound":36594855.0175},"point_estimate":36563759.89,"standard_error":15722.124502916633},"median":{"confidence_interval":{"confidence_level":0.95,"lower_bound":36513129.0,"upper_bound":36613982.0},"point_estimate":36567229.5,"standard_error":22836.385618320965},"median_abs_dev":{"confidence_interval":{"confidence_level":0.95,"lower_bound":122688.85432183743,"upper_bound":182734.8945558071},"point_estimate":155305.31244277954,"standard_error":15478.314681344094},"slope":null,"std_dev":{"confidence_interval":{"confidence_level":0.95,"lower_bound":129068.78431858924,"upper_bound":187677.66469788188},"point_estimate":157896.97080166332,"standard_error":15066.03806245047}}