{"mean":{"confidence_interval":{"confidence_level":0.95,"lower_bound":31546822.026499998,"upper_bound":31598065.24},"point_estimate":31572200.35,"standard_error":13055.116389605473},"median":{"confidence_interval":{"confidence_level":0.95,"lower_bound":31532927.0,"upper_bound":31600416.0},"point_estimate":31557777.5,"standard_error":19515.30244615998},"median_abs_dev":{"confidence_interval":{"confidence_level":0.95,"lower_bound":96961.81588858367,"upper_bound":159435.09466946125},"point_estimate":121433.8334441185,"standard_error":15571.518878087765},"slope":null,"std_dev":{"confidence_interval":{"confidence_level":0.95,"lower_bound":112625.22625036204,"upper_bound":148881.22804517535},"point_estimate":131646.2006140268,"standard_error":9279.557392775687}}