{"mean":{"confidence_interval":{"confidence_level":0.95,"lower_bound":43555613.026999995,"upper_bound":43879028.581499994},"point_estimate":43712729.41,"standard_error":82724.4827721033},"median":{"confidence_interval":{"confidence_level":0.95,"lower_bound":43407628.0,"upper_bound":43774580.0},"point_estimate":43588629.0,"standard_error":89373.05366926081},"median_abs_dev":{"confidence_interval":{"confidence_level":0.95,"lower_bound":635076.1465251446,"upper_bound":1072890.5688998844},"point_estimate":863470.6724703312,"standard_error":118995.64018077144},"slope":null,"std_dev":{"confidence_interval":{"confidence_level":0.95,"lower_bound":683264.1731607541,"upper_bound":984720.9757024832},"point_estimate":833010.858764141,"standard_error":77856.49157984348}}