{"mean":{"confidence_interval":{"confidence_level":0.95,"lower_bound":96409623.46499999,"upper_bound":98039697.14425},"point_estimate":97186880.61,"standard_error":416240.25246211217},"median":{"confidence_interval":{"confidence_level":0.95,"lower_bound":95771795.5,"upper_bound":97162608.0},"point_estimate":96287998.5,"standard_error":410050.4909373577},"median_abs_dev":{"confidence_interval":{"confidence_level":0.95,"lower_bound":2576502.264457941,"upper_bound":4198839.509555697},"point_estimate":3103636.978599429,"standard_error":386605.93120308255},"slope":null,"std_dev":{"confidence_interval":{"confidence_level":0.95,"lower_bound":3083911.83367366,"upper_bound":5381516.848112211},"point_estimate":4200854.66991617,"standard_error":606088.7956730096}}