{"mean":{"confidence_interval":{"confidence_level":0.95,"lower_bound":43934281.07775,"upper_bound":44405171.7285},"point_estimate":44138972.25,"standard_error":121081.67070077197},"median":{"confidence_interval":{"confidence_level":0.95,"lower_bound":43739709.0,"upper_bound":44080665.0},"point_estimate":43899111.5,"standard_error":83307.61818563832},"median_abs_dev":{"confidence_interval":{"confidence_level":0.95,"lower_bound":446863.0450665951,"upper_bound":778599.2369771004},"point_estimate":612249.2960304022,"standard_error":86589.39933465837},"slope":null,"std_dev":{"confidence_interval":{"confidence_level":0.95,"lower_bound":603102.2592102179,"upper_bound":1840404.8038946236},"point_estimate":1213930.5735103383,"standard_error":369511.8040831783}}