{"mean":{"confidence_interval":{"confidence_level":0.95,"lower_bound":38808560.338750005,"upper_bound":39111648.69725},"point_estimate":38959341.17,"standard_error":77636.32744375471},"median":{"confidence_interval":{"confidence_level":0.95,"lower_bound":38719428.5,"upper_bound":39120797.5},"point_estimate":38962392.0,"standard_error":102726.58253716362},"median_abs_dev":{"confidence_interval":{"confidence_level":0.95,"lower_bound":544816.9427275658,"upper_bound":922450.723323226},"point_estimate":725920.9773123264,"standard_error":99943.96879390751},"slope":null,"std_dev":{"confidence_interval":{"confidence_level":0.95,"lower_bound":673941.7404247717,"upper_bound":876648.181511871},"point_estimate":782320.7827029981,"standard_error":51984.09002786715}}