{"mean":{"confidence_interval":{"confidence_level":0.95,"lower_bound":52572233.04925001,"upper_bound":53222666.05225},"point_estimate":52892880.43,"standard_error":165783.09083276943},"median":{"confidence_interval":{"confidence_level":0.95,"lower_bound":52261082.5,"upper_bound":52941017.5},"point_estimate":52482213.0,"standard_error":179506.25438017148},"median_abs_dev":{"confidence_interval":{"confidence_level":0.95,"lower_bound":1051721.8396832063,"upper_bound":1853532.4023932219},"point_estimate":1581860.7832163572,"standard_error":189429.71651712796},"slope":null,"std_dev":{"confidence_interval":{"confidence_level":0.95,"lower_bound":1409472.2044352535,"upper_bound":1879455.4178296025},"point_estimate":1661539.6811538304,"standard_error":119198.15362358517}}