{"mean":{"confidence_interval":{"confidence_level":0.95,"lower_bound":41507539.50875,"upper_bound":42574254.540249996},"point_estimate":42008275.7,"standard_error":272718.2645459746},"median":{"confidence_interval":{"confidence_level":0.95,"lower_bound":40907742.0,"upper_bound":41317911.0},"point_estimate":41157953.5,"standard_error":110575.82686990083},"median_abs_dev":{"confidence_interval":{"confidence_level":0.95,"lower_bound":608480.5268973112,"upper_bound":1185898.3604460955},"point_estimate":883886.0741078854,"standard_error":160798.57253871177},"slope":null,"std_dev":{"confidence_interval":{"confidence_level":0.95,"lower_bound":1968737.170780007,"upper_bound":3377855.4436728847},"point_estimate":2749231.9019733844,"standard_error":359794.3375572358}}