{"mean":{"confidence_interval":{"confidence_level":0.95,"lower_bound":30220464.42575,"upper_bound":30263566.94225},"point_estimate":30242164.27,"standard_error":11037.762723358672},"median":{"confidence_interval":{"confidence_level":0.95,"lower_bound":30218558.0,"upper_bound":30276959.0},"point_estimate":30258009.0,"standard_error":17135.46073291066},"median_abs_dev":{"confidence_interval":{"confidence_level":0.95,"lower_bound":76651.90123915672,"upper_bound":128691.16031527519},"point_estimate":98965.77214300632,"standard_error":13063.664708896427},"slope":null,"std_dev":{"confidence_interval":{"confidence_level":0.95,"lower_bound":94712.32382068814,"upper_bound":125511.15747544839},"point_estimate":110939.67047630444,"standard_error":7894.262323235452}}