{"mean":{"confidence_interval":{"confidence_level":0.95,"lower_bound":34499783.740499996,"upper_bound":35769025.496},"point_estimate":35113772.46,"standard_error":325522.41931632714},"median":{"confidence_interval":{"confidence_level":0.95,"lower_bound":33412144.5,"upper_bound":35108328.0},"point_estimate":34134141.0,"standard_error":366923.74051151966},"median_abs_dev":{"confidence_interval":{"confidence_level":0.95,"lower_bound":2032255.3814202547,"upper_bound":3638414.4956052303},"point_estimate":2912109.524899721,"standard_error":372714.88033126964},"slope":null,"std_dev":{"confidence_interval":{"confidence_level":0.95,"lower_bound":2630317.0208892496,"upper_bound":3911232.6072070464},"point_estimate":3272203.3832232687,"standard_error":331232.2071084525}}