{"mean":{"confidence_interval":{"confidence_level":0.95,"lower_bound":404469.486228744,"upper_bound":501825.77712192334},"point_estimate":445137.8411666222,"standard_error":25248.24935953751},"median":{"confidence_interval":{"confidence_level":0.95,"lower_bound":370377.8095238095,"upper_bound":389656.52845528454},"point_estimate":378957.7938286164,"standard_error":4561.51822903657},"median_abs_dev":{"confidence_interval":{"confidence_level":0.95,"lower_bound":21213.857132993387,"upper_bound":42593.60876047896},"point_estimate":29215.18505996054,"standard_error":5377.534629733673},"slope":{"confidence_interval":{"confidence_level":0.95,"lower_bound":362592.07414517103,"upper_bound":368653.27923972724},"point_estimate":365296.65339441405,"standard_error":1543.450431715629},"std_dev":{"confidence_interval":{"confidence_level":0.95,"lower_bound":87248.50042673037,"upper_bound":400522.13126783475},"point_estimate":253955.5531352553,"standard_error":90722.22032362859}}