{"mean":{"confidence_interval":{"confidence_level":0.95,"lower_bound":2418622.8661136366,"upper_bound":2452567.0272954544},"point_estimate":2434411.3913636375,"standard_error":8650.310473192467},"median":{"confidence_interval":{"confidence_level":0.95,"lower_bound":2404892.727272727,"upper_bound":2422030.590909091},"point_estimate":2413176.8863636367,"standard_error":4931.930992437382},"median_abs_dev":{"confidence_interval":{"confidence_level":0.95,"lower_bound":37352.6911277662,"upper_bound":73588.49757604305},"point_estimate":56496.527419713224,"standard_error":8777.763522624535},"slope":null,"std_dev":{"confidence_interval":{"confidence_level":0.95,"lower_bound":57259.64551281844,"upper_bound":118345.59419668851},"point_estimate":86707.26153812016,"standard_error":16618.026686132358}}