{"mean":{"confidence_interval":{"confidence_level":0.95,"lower_bound":236122.57383401121,"upper_bound":279175.7368638891},"point_estimate":254191.9217931673,"standard_error":11156.01114723056},"median":{"confidence_interval":{"confidence_level":0.95,"lower_bound":220966.2847457627,"upper_bound":229177.31040391675},"point_estimate":223738.3203125,"standard_error":2289.965758557077},"median_abs_dev":{"confidence_interval":{"confidence_level":0.95,"lower_bound":8025.083170612184,"upper_bound":17951.115699857037},"point_estimate":11988.564238875746,"standard_error":2700.9319411637825},"slope":{"confidence_interval":{"confidence_level":0.95,"lower_bound":218154.0720620936,"upper_bound":220410.47492715126},"point_estimate":219139.18076370622,"standard_error":574.9157153720195},"std_dev":{"confidence_interval":{"confidence_level":0.95,"lower_bound":36981.685979328315,"upper_bound":177812.73951314643},"point_estimate":112187.36348608883,"standard_error":39896.07901733513}}