{"mean":{"confidence_interval":{"confidence_level":0.95,"lower_bound":410273.5025823786,"upper_bound":506295.6105730451},"point_estimate":451002.2242872231,"standard_error":24793.670506375856},"median":{"confidence_interval":{"confidence_level":0.95,"lower_bound":377963.19402985077,"upper_bound":397445.68060650525},"point_estimate":384792.8059684684,"standard_error":4834.873681576743},"median_abs_dev":{"confidence_interval":{"confidence_level":0.95,"lower_bound":23499.75828080942,"upper_bound":43744.116995423756},"point_estimate":31668.193448193684,"standard_error":4893.231645137761},"slope":{"confidence_interval":{"confidence_level":0.95,"lower_bound":369813.90289073664,"upper_bound":377976.70510596066},"point_estimate":373590.14450618194,"standard_error":2082.083599364621},"std_dev":{"confidence_interval":{"confidence_level":0.95,"lower_bound":88540.2521110264,"upper_bound":390100.6229077155},"point_estimate":250113.49220512845,"standard_error":83725.39905354164}}