{"mean":{"confidence_interval":{"confidence_level":0.95,"lower_bound":55515.344332217115,"upper_bound":56165.21318920699},"point_estimate":55782.205680555424,"standard_error":169.72382047219054},"median":{"confidence_interval":{"confidence_level":0.95,"lower_bound":55353.83029073699,"upper_bound":55475.6985070624},"point_estimate":55408.808427411364,"standard_error":27.153059159576404},"median_abs_dev":{"confidence_interval":{"confidence_level":0.95,"lower_bound":232.0919091181442,"upper_bound":472.67733201233835},"point_estimate":328.76391944819187,"standard_error":64.56917693855027},"slope":{"confidence_interval":{"confidence_level":0.95,"lower_bound":55196.08534448524,"upper_bound":55302.66042299819},"point_estimate":55247.008467737025,"standard_error":27.15298209121412},"std_dev":{"confidence_interval":{"confidence_level":0.95,"lower_bound":549.4501637856692,"upper_bound":2738.1913842881486},"point_estimate":1709.2780238853722,"standard_error":652.5722644103784}}