{"mean":{"confidence_interval":{"confidence_level":0.95,"lower_bound":62430.785894643384,"upper_bound":63367.69630593564},"point_estimate":62792.532586412206,"standard_error":250.67892063763253},"median":{"confidence_interval":{"confidence_level":0.95,"lower_bound":62211.129010695186,"upper_bound":62397.89950980392},"point_estimate":62275.07296529723,"standard_error":45.546931209249344},"median_abs_dev":{"confidence_interval":{"confidence_level":0.95,"lower_bound":298.0634147129831,"upper_bound":570.3513042124778},"point_estimate":422.99920284121504,"standard_error":67.80427469542033},"slope":{"confidence_interval":{"confidence_level":0.95,"lower_bound":62026.65839132984,"upper_bound":62151.9590665495},"point_estimate":62086.85254148593,"standard_error":31.92281062547545},"std_dev":{"confidence_interval":{"confidence_level":0.95,"lower_bound":601.2731036236775,"upper_bound":4166.122676157381},"point_estimate":2514.2374708146494,"standard_error":1158.3675988416235}}