{"mean":{"confidence_interval":{"confidence_level":0.95,"lower_bound":583023.9277972566,"upper_bound":588225.5458202491},"point_estimate":585270.0682684097,"standard_error":1346.9007550746783},"median":{"confidence_interval":{"confidence_level":0.95,"lower_bound":582204.40625,"upper_bound":583836.6436507937},"point_estimate":583077.4396875,"standard_error":415.98433964286835},"median_abs_dev":{"confidence_interval":{"confidence_level":0.95,"lower_bound":2014.8521209933808,"upper_bound":3533.629705340623},"point_estimate":3050.2069905848734,"standard_error":395.69633570200114},"slope":{"confidence_interval":{"confidence_level":0.95,"lower_bound":583027.2021110806,"upper_bound":583903.8672475221},"point_estimate":583476.2411644746,"standard_error":223.07330683227724},"std_dev":{"confidence_interval":{"confidence_level":0.95,"lower_bound":4821.908709782382,"upper_bound":20850.50736501467},"point_estimate":13517.987633353558,"standard_error":4295.356506513222}}