{"mean":{"confidence_interval":{"confidence_level":0.95,"lower_bound":648752.0771545371,"upper_bound":654252.3769050693},"point_estimate":651265.2304372904,"standard_error":1400.7222485930006},"median":{"confidence_interval":{"confidence_level":0.95,"lower_bound":648953.2525797373,"upper_bound":651793.7043010753},"point_estimate":650574.7630208333,"standard_error":813.9145130437972},"median_abs_dev":{"confidence_interval":{"confidence_level":0.95,"lower_bound":6003.750197873659,"upper_bound":9805.843944665463},"point_estimate":8030.149594161648,"standard_error":966.5768935712604},"slope":{"confidence_interval":{"confidence_level":0.95,"lower_bound":646773.74053574,"upper_bound":649846.2172633869},"point_estimate":648377.6412398404,"standard_error":789.1728750194458},"std_dev":{"confidence_interval":{"confidence_level":0.95,"lower_bound":8225.032511136276,"upper_bound":19372.97009145076},"point_estimate":14079.402209507614,"standard_error":2896.1650925952504}}