{"mean":{"confidence_interval":{"confidence_level":0.95,"lower_bound":668420.0419084145,"upper_bound":674124.216007385},"point_estimate":670866.0418172677,"standard_error":1475.7687835784625},"median":{"confidence_interval":{"confidence_level":0.95,"lower_bound":665929.1488095238,"upper_bound":668726.75},"point_estimate":667183.5295138889,"standard_error":657.77932913544},"median_abs_dev":{"confidence_interval":{"confidence_level":0.95,"lower_bound":3721.8321026980016,"upper_bound":7168.495510321801},"point_estimate":5278.976931606745,"standard_error":870.3448211064912},"slope":{"confidence_interval":{"confidence_level":0.95,"lower_bound":664831.700904975,"upper_bound":666495.2279112493},"point_estimate":665625.9111881189,"standard_error":423.4572420072623},"std_dev":{"confidence_interval":{"confidence_level":0.95,"lower_bound":5835.674392059027,"upper_bound":22929.28543856475},"point_estimate":14869.623757044623,"standard_error":4777.240650420204}}