{"mean":{"confidence_interval":{"confidence_level":0.95,"lower_bound":657681.0188858615,"upper_bound":663725.243387255},"point_estimate":660271.9112424945,"standard_error":1560.4939147989883},"median":{"confidence_interval":{"confidence_level":0.95,"lower_bound":656965.9523809524,"upper_bound":659336.5743243244},"point_estimate":658150.5676456984,"standard_error":591.781555403409},"median_abs_dev":{"confidence_interval":{"confidence_level":0.95,"lower_bound":3191.810939198293,"upper_bound":5278.864819217093},"point_estimate":4501.051844923988,"standard_error":553.918066981371},"slope":{"confidence_interval":{"confidence_level":0.95,"lower_bound":656419.183938387,"upper_bound":658349.6117936495},"point_estimate":657393.2381941776,"standard_error":491.90634755388004},"std_dev":{"confidence_interval":{"confidence_level":0.95,"lower_bound":5099.527527942532,"upper_bound":24188.787988270215},"point_estimate":15617.275755092174,"standard_error":5021.444649508201}}