{"mean":{"confidence_interval":{"confidence_level":0.95,"lower_bound":630356.494597497,"upper_bound":636300.119840966},"point_estimate":632868.0329678287,"standard_error":1535.9952873890504},"median":{"confidence_interval":{"confidence_level":0.95,"lower_bound":629225.7303370787,"upper_bound":632382.5625},"point_estimate":630813.5084876544,"standard_error":849.8889473995397},"median_abs_dev":{"confidence_interval":{"confidence_level":0.95,"lower_bound":4066.845364535513,"upper_bound":6875.0307385101405},"point_estimate":5533.10792633926,"standard_error":743.8996063268542},"slope":{"confidence_interval":{"confidence_level":0.95,"lower_bound":627864.0678963494,"upper_bound":630309.0563276443},"point_estimate":629117.9636382444,"standard_error":623.5110665818761},"std_dev":{"confidence_interval":{"confidence_level":0.95,"lower_bound":6321.159526736839,"upper_bound":24268.976791832585},"point_estimate":15470.236226743078,"standard_error":5406.07621712391}}