{"mean":{"confidence_interval":{"confidence_level":0.95,"lower_bound":8780.716736330714,"upper_bound":10057.205564718943},"point_estimate":9328.451925877302,"standard_error":329.48731836970956},"median":{"confidence_interval":{"confidence_level":0.95,"lower_bound":8268.0352,"upper_bound":8530.97545220339},"point_estimate":8370.178901098901,"standard_error":66.1793485254816},"median_abs_dev":{"confidence_interval":{"confidence_level":0.95,"lower_bound":382.56424409546617,"upper_bound":735.4415128298633},"point_estimate":532.6883858675515,"standard_error":89.91829453285268},"slope":{"confidence_interval":{"confidence_level":0.95,"lower_bound":8170.857817034994,"upper_bound":8341.824723407257},"point_estimate":8248.52540245308,"standard_error":43.835809966608},"std_dev":{"confidence_interval":{"confidence_level":0.95,"lower_bound":1280.5505244129529,"upper_bound":5117.992647603962},"point_estimate":3313.0315418417536,"standard_error":1065.5546136504765}}