{"mean":{"confidence_interval":{"confidence_level":0.95,"lower_bound":5897.608591592717,"upper_bound":6695.141149939208},"point_estimate":6232.427399849355,"standard_error":207.82639718557078},"median":{"confidence_interval":{"confidence_level":0.95,"lower_bound":5663.90772804054,"upper_bound":5845.265607463524},"point_estimate":5734.262879542061,"standard_error":50.11144312946271},"median_abs_dev":{"confidence_interval":{"confidence_level":0.95,"lower_bound":311.21415283730323,"upper_bound":552.609065525588},"point_estimate":416.13241579642715,"standard_error":67.01262521370009},"slope":{"confidence_interval":{"confidence_level":0.95,"lower_bound":5609.600998423299,"upper_bound":5759.61683094413},"point_estimate":5682.055050789194,"standard_error":38.439187869776234},"std_dev":{"confidence_interval":{"confidence_level":0.95,"lower_bound":682.1734714338255,"upper_bound":3294.639389144317},"point_estimate":2089.5735105714007,"standard_error":738.3635868573407}}