{"mean":{"confidence_interval":{"confidence_level":0.95,"lower_bound":9131.96417085573,"upper_bound":10458.725070900164},"point_estimate":9700.468859081175,"standard_error":343.5615241534556},"median":{"confidence_interval":{"confidence_level":0.95,"lower_bound":8471.973807554452,"upper_bound":9049.295617962285},"point_estimate":8788.154579443115,"standard_error":142.0659883432328},"median_abs_dev":{"confidence_interval":{"confidence_level":0.95,"lower_bound":505.5551364575799,"upper_bound":1125.8153510565844},"point_estimate":779.3911512221138,"standard_error":153.86564035459253},"slope":{"confidence_interval":{"confidence_level":0.95,"lower_bound":8403.455627319512,"upper_bound":8601.078369109253},"point_estimate":8493.294536507612,"standard_error":50.44364838919239},"std_dev":{"confidence_interval":{"confidence_level":0.95,"lower_bound":1340.077971043785,"upper_bound":5363.239094057432},"point_estimate":3443.361255850425,"standard_error":1140.6233732466899}}