{"mean":{"confidence_interval":{"confidence_level":0.95,"lower_bound":5342.794590649227,"upper_bound":6243.227713056687},"point_estimate":5720.633523807874,"standard_error":234.4775020392264},"median":{"confidence_interval":{"confidence_level":0.95,"lower_bound":5078.5070716811315,"upper_bound":5170.71806693989},"point_estimate":5111.84858834244,"standard_error":27.513068393097683},"median_abs_dev":{"confidence_interval":{"confidence_level":0.95,"lower_bound":145.11188477097505,"upper_bound":300.956711203829},"point_estimate":209.73314583009522,"standard_error":40.630883758483435},"slope":{"confidence_interval":{"confidence_level":0.95,"lower_bound":5003.076032280742,"upper_bound":5059.272554053829},"point_estimate":5028.936533321059,"standard_error":14.36251843854768},"std_dev":{"confidence_interval":{"confidence_level":0.95,"lower_bound":766.9109206664377,"upper_bound":3710.0513415647956},"point_estimate":2349.1041802028353,"standard_error":835.8087014229669}}