{"mean":{"confidence_interval":{"confidence_level":0.95,"lower_bound":16754.842395854754,"upper_bound":17322.23032180561},"point_estimate":16992.797039830737,"standard_error":147.31256324654925},"median":{"confidence_interval":{"confidence_level":0.95,"lower_bound":16563.173720930234,"upper_bound":16656.515381604695},"point_estimate":16614.940075187973,"standard_error":22.17696052956539},"median_abs_dev":{"confidence_interval":{"confidence_level":0.95,"lower_bound":161.87053447209718,"upper_bound":305.4706824875002},"point_estimate":216.6842364831373,"standard_error":37.37223979215527},"slope":{"confidence_interval":{"confidence_level":0.95,"lower_bound":16513.309204490008,"upper_bound":16573.753591744266},"point_estimate":16542.21464471701,"standard_error":15.448555064315856},"std_dev":{"confidence_interval":{"confidence_level":0.95,"lower_bound":508.8096188083197,"upper_bound":2336.9509231831917},"point_estimate":1482.2175093662872,"standard_error":527.9988735000884}}