{"mean":{"confidence_interval":{"confidence_level":0.95,"lower_bound":18023.272837520628,"upper_bound":18537.17886311222},"point_estimate":18237.57363491658,"standard_error":133.98566292899525},"median":{"confidence_interval":{"confidence_level":0.95,"lower_bound":17895.809088059414,"upper_bound":18064.154296875},"point_estimate":17996.97580073696,"standard_error":37.46471116085261},"median_abs_dev":{"confidence_interval":{"confidence_level":0.95,"lower_bound":246.63100754329855,"upper_bound":439.5738557466017},"point_estimate":336.7343194330237,"standard_error":50.45666242628151},"slope":{"confidence_interval":{"confidence_level":0.95,"lower_bound":17838.774745507075,"upper_bound":17974.842904277484},"point_estimate":17905.430425964238,"standard_error":34.76096501508029},"std_dev":{"confidence_interval":{"confidence_level":0.95,"lower_bound":426.1530282875199,"upper_bound":2138.842429163355},"point_estimate":1345.1131514820881,"standard_error":492.4954405706906}}