{"mean":{"confidence_interval":{"confidence_level":0.95,"lower_bound":17499.38193187899,"upper_bound":18030.620841339485},"point_estimate":17721.482043046963,"standard_error":138.12424263846427},"median":{"confidence_interval":{"confidence_level":0.95,"lower_bound":17291.789205155746,"upper_bound":17429.5293877551},"point_estimate":17336.887423916934,"standard_error":34.458186896823676},"median_abs_dev":{"confidence_interval":{"confidence_level":0.95,"lower_bound":144.48852787333138,"upper_bound":333.5086525490265},"point_estimate":237.272290775023,"standard_error":49.620778967092164},"slope":{"confidence_interval":{"confidence_level":0.95,"lower_bound":17247.854742161668,"upper_bound":17299.317389766555},"point_estimate":17271.59947379691,"standard_error":13.069877526792492},"std_dev":{"confidence_interval":{"confidence_level":0.95,"lower_bound":464.4522734194037,"upper_bound":2205.1488355852944},"point_estimate":1395.7088644690175,"standard_error":499.49653738015473}}