{"mean":{"confidence_interval":{"confidence_level":0.95,"lower_bound":19484.158600902287,"upper_bound":20370.283578764418},"point_estimate":19887.75030151734,"standard_error":226.8150209097988},"median":{"confidence_interval":{"confidence_level":0.95,"lower_bound":19112.554117651554,"upper_bound":19469.13081395349},"point_estimate":19288.769861215304,"standard_error":96.89046868709625},"median_abs_dev":{"confidence_interval":{"confidence_level":0.95,"lower_bound":525.2624229531061,"upper_bound":1578.2446924296844},"point_estimate":896.1605246324966,"standard_error":282.0497000746972},"slope":{"confidence_interval":{"confidence_level":0.95,"lower_bound":18461.125925211236,"upper_bound":18950.910204347616},"point_estimate":18700.52135472763,"standard_error":125.36128111076079},"std_dev":{"confidence_interval":{"confidence_level":0.95,"lower_bound":1336.2188156821687,"upper_bound":3243.433739252779},"point_estimate":2274.4890213244494,"standard_error":526.5270262065334}}