{"mean":{"confidence_interval":{"confidence_level":0.95,"lower_bound":26366.539392566807,"upper_bound":27901.863077790025},"point_estimate":26991.39148792505,"standard_error":401.8094449704084},"median":{"confidence_interval":{"confidence_level":0.95,"lower_bound":26000.276955602538,"upper_bound":26813.93227022059},"point_estimate":26419.70241815476,"standard_error":227.4783881340658},"median_abs_dev":{"confidence_interval":{"confidence_level":0.95,"lower_bound":1122.3726635895293,"upper_bound":2066.39533456415},"point_estimate":1499.6585590336317,"standard_error":239.9327824633487},"slope":{"confidence_interval":{"confidence_level":0.95,"lower_bound":25852.447792006293,"upper_bound":26465.436133393247},"point_estimate":26154.030744883257,"standard_error":156.51321393314947},"std_dev":{"confidence_interval":{"confidence_level":0.95,"lower_bound":1475.2381180769428,"upper_bound":6479.4314458481895},"point_estimate":4026.4308255877677,"standard_error":1616.1058150398546}}