{"mean":{"confidence_interval":{"confidence_level":0.95,"lower_bound":26811.530962459077,"upper_bound":27757.90363430064},"point_estimate":27205.35235494706,"standard_error":245.05360761142512},"median":{"confidence_interval":{"confidence_level":0.95,"lower_bound":26474.768170426065,"upper_bound":26750.62414187643},"point_estimate":26634.468470126365,"standard_error":69.45525586218858},"median_abs_dev":{"confidence_interval":{"confidence_level":0.95,"lower_bound":261.43995757022185,"upper_bound":569.3771496059301},"point_estimate":431.17008007739935,"standard_error":82.40178823599416},"slope":{"confidence_interval":{"confidence_level":0.95,"lower_bound":26403.774473514943,"upper_bound":26475.979387183474},"point_estimate":26435.653712365736,"standard_error":18.437121020143884},"std_dev":{"confidence_interval":{"confidence_level":0.95,"lower_bound":793.727625655672,"upper_bound":3898.122070159304},"point_estimate":2461.13285946926,"standard_error":884.660273737748}}