{"mean":{"confidence_interval":{"confidence_level":0.95,"lower_bound":33242058.63075,"upper_bound":34086605.44975},"point_estimate":33659350.18,"standard_error":215271.36999503788},"median":{"confidence_interval":{"confidence_level":0.95,"lower_bound":32931274.0,"upper_bound":33676289.0},"point_estimate":33183478.5,"standard_error":216306.44730828368},"median_abs_dev":{"confidence_interval":{"confidence_level":0.95,"lower_bound":1401383.1471204758,"upper_bound":2511571.7986106873},"point_estimate":2015857.8257113695,"standard_error":286826.23606350325},"slope":null,"std_dev":{"confidence_interval":{"confidence_level":0.95,"lower_bound":1863114.5894506322,"upper_bound":2437741.612190931},"point_estimate":2168881.532410933,"standard_error":146895.26974197786}}