{"mean":{"confidence_interval":{"confidence_level":0.95,"lower_bound":81617610.44,"upper_bound":83100782.03500001},"point_estimate":82329921.62,"standard_error":378107.88923028694},"median":{"confidence_interval":{"confidence_level":0.95,"lower_bound":80821597.0,"upper_bound":82221723.5},"point_estimate":81603012.0,"standard_error":389542.77290960663},"median_abs_dev":{"confidence_interval":{"confidence_level":0.95,"lower_bound":1880460.865715146,"upper_bound":3226945.559710264},"point_estimate":2542588.53136003,"standard_error":352139.3197761867},"slope":null,"std_dev":{"confidence_interval":{"confidence_level":0.95,"lower_bound":2893163.8999919975,"upper_bound":4585703.383349314},"point_estimate":3790126.512418115,"standard_error":432707.05662781605}}