{"mean":{"confidence_interval":{"confidence_level":0.95,"lower_bound":31213482.9605,"upper_bound":31943205.912750002},"point_estimate":31574023.89,"standard_error":186065.75207622023},"median":{"confidence_interval":{"confidence_level":0.95,"lower_bound":31062042.5,"upper_bound":31683356.0},"point_estimate":31359029.5,"standard_error":172000.64760629422},"median_abs_dev":{"confidence_interval":{"confidence_level":0.95,"lower_bound":1238664.8348093033,"upper_bound":1971926.3869813085},"point_estimate":1577531.5912932158,"standard_error":184344.96969235098},"slope":null,"std_dev":{"confidence_interval":{"confidence_level":0.95,"lower_bound":1520461.997342017,"upper_bound":2217024.8488299916},"point_estimate":1877270.4246242389,"standard_error":178705.97234221004}}