{"mean":{"confidence_interval":{"confidence_level":0.95,"lower_bound":29586369.322750002,"upper_bound":30131102.441},"point_estimate":29855902.79,"standard_error":139437.84439278243},"median":{"confidence_interval":{"confidence_level":0.95,"lower_bound":29461674.0,"upper_bound":30163282.0},"point_estimate":29735477.0,"standard_error":205400.44440413022},"median_abs_dev":{"confidence_interval":{"confidence_level":0.95,"lower_bound":1057403.6446273327,"upper_bound":1696189.256286621},"point_estimate":1404928.784957528,"standard_error":165678.28554976473},"slope":null,"std_dev":{"confidence_interval":{"confidence_level":0.95,"lower_bound":1187791.5756791472,"upper_bound":1600308.60418266},"point_estimate":1398360.71882875,"standard_error":105828.40360271657}}