{"mean":{"confidence_interval":{"confidence_level":0.95,"lower_bound":29687724.03575,"upper_bound":30134823.68825},"point_estimate":29893038.31,"standard_error":114164.31148783232},"median":{"confidence_interval":{"confidence_level":0.95,"lower_bound":29518582.0,"upper_bound":29845784.5},"point_estimate":29602832.0,"standard_error":81926.34005567057},"median_abs_dev":{"confidence_interval":{"confidence_level":0.95,"lower_bound":476288.94804418087,"upper_bound":804834.5848113298},"point_estimate":609278.9069831371,"standard_error":83266.32080681057},"slope":null,"std_dev":{"confidence_interval":{"confidence_level":0.95,"lower_bound":698545.4830244897,"upper_bound":1611624.7274820702},"point_estimate":1150339.3437178202,"standard_error":246452.2326524545}}