{"mean":{"confidence_interval":{"confidence_level":0.95,"lower_bound":34559177.762,"upper_bound":35282584.942999996},"point_estimate":34912783.52,"standard_error":184413.99960833718},"median":{"confidence_interval":{"confidence_level":0.95,"lower_bound":34012994.5,"upper_bound":34841442.5},"point_estimate":34376716.0,"standard_error":215755.64571103267},"median_abs_dev":{"confidence_interval":{"confidence_level":0.95,"lower_bound":1126100.655707717,"upper_bound":2047601.3845653061},"point_estimate":1494925.5685597658,"standard_error":240238.58768219405},"slope":null,"std_dev":{"confidence_interval":{"confidence_level":0.95,"lower_bound":1533574.4557760283,"upper_bound":2148231.288704486},"point_estimate":1862220.28246069,"standard_error":157052.9214516633}}