{"mean":{"confidence_interval":{"confidence_level":0.95,"lower_bound":15703386.362499999,"upper_bound":15767058.385625},"point_estimate":15735270.8575,"standard_error":16215.152988440906},"median":{"confidence_interval":{"confidence_level":0.95,"lower_bound":15697849.0,"upper_bound":15771498.75},"point_estimate":15732998.875,"standard_error":17477.885380414824},"median_abs_dev":{"confidence_interval":{"confidence_level":0.95,"lower_bound":126854.77492287755,"upper_bound":205159.200625196},"point_estimate":165538.40278610587,"standard_error":19142.25609634239},"slope":null,"std_dev":{"confidence_interval":{"confidence_level":0.95,"lower_bound":141482.42052972433,"upper_bound":181217.7738915642},"point_estimate":162659.58390427122,"standard_error":10137.199134498815}}