{"mean":{"confidence_interval":{"confidence_level":0.95,"lower_bound":17706167.973166667,"upper_bound":17748195.18508334},"point_estimate":17727229.27666666,"standard_error":10701.507233615948},"median":{"confidence_interval":{"confidence_level":0.95,"lower_bound":17701951.333333332,"upper_bound":17745568.5},"point_estimate":17717684.666666664,"standard_error":12352.618486717862},"median_abs_dev":{"confidence_interval":{"confidence_level":0.95,"lower_bound":78010.70411503315,"upper_bound":136601.5724748373},"point_estimate":105463.51362764467,"standard_error":15674.355858327492},"slope":null,"std_dev":{"confidence_interval":{"confidence_level":0.95,"lower_bound":91302.21228207214,"upper_bound":122302.74794648147},"point_estimate":107454.22371458178,"standard_error":7914.732799122554}}