{"mean":{"confidence_interval":{"confidence_level":0.95,"lower_bound":17684002.5791875,"upper_bound":18231536.212750003},"point_estimate":17957058.3975,"standard_error":140010.23143991383},"median":{"confidence_interval":{"confidence_level":0.95,"lower_bound":17664333.375,"upper_bound":18344020.5},"point_estimate":17942345.25,"standard_error":181981.02181087516},"median_abs_dev":{"confidence_interval":{"confidence_level":0.95,"lower_bound":1082316.5132850409,"upper_bound":1744778.5052239895},"point_estimate":1367547.9918211699,"standard_error":168725.04380050968},"slope":null,"std_dev":{"confidence_interval":{"confidence_level":0.95,"lower_bound":1201521.1486480115,"upper_bound":1590582.1028269099},"point_estimate":1402455.0214472082,"standard_error":99356.16504445959}}