{"mean":{"confidence_interval":{"confidence_level":0.95,"lower_bound":17911486.964666672,"upper_bound":17947411.03666667},"point_estimate":17929711.47666667,"standard_error":9150.152004754915},"median":{"confidence_interval":{"confidence_level":0.95,"lower_bound":17912170.833333336,"upper_bound":17961732.666666668},"point_estimate":17935505.0,"standard_error":12210.42688295163},"median_abs_dev":{"confidence_interval":{"confidence_level":0.95,"lower_bound":74933.56786966324,"upper_bound":118851.63848996254},"point_estimate":93546.62213921639,"standard_error":11695.28603882097},"slope":null,"std_dev":{"confidence_interval":{"confidence_level":0.95,"lower_bound":78010.98824024833,"upper_bound":104356.64191731552},"point_estimate":91607.56084865645,"standard_error":6774.310651256302}}