{"mean":{"confidence_interval":{"confidence_level":0.95,"lower_bound":28244530.109,"upper_bound":28755857.214125},"point_estimate":28490800.79,"standard_error":130538.53170198455},"median":{"confidence_interval":{"confidence_level":0.95,"lower_bound":28044678.25,"upper_bound":28652686.25},"point_estimate":28308207.0,"standard_error":160027.17965627942},"median_abs_dev":{"confidence_interval":{"confidence_level":0.95,"lower_bound":831525.6653449686,"upper_bound":1333096.8162328005},"point_estimate":1129941.3309395313,"standard_error":131456.3904974185},"slope":null,"std_dev":{"confidence_interval":{"confidence_level":0.95,"lower_bound":973819.7891564113,"upper_bound":1651006.7724242143},"point_estimate":1312042.190561876,"standard_error":175390.31643009023}}