{"mean":{"confidence_interval":{"confidence_level":0.95,"lower_bound":25699266.7405,"upper_bound":25738793.274749998},"point_estimate":25718666.66,"standard_error":10121.821514090243},"median":{"confidence_interval":{"confidence_level":0.95,"lower_bound":25679579.0,"upper_bound":25739326.5},"point_estimate":25701954.75,"standard_error":12451.676999852936},"median_abs_dev":{"confidence_interval":{"confidence_level":0.95,"lower_bound":79586.33723706007,"upper_bound":122163.64328116179},"point_estimate":101870.18549144268,"standard_error":11004.34872808566},"slope":null,"std_dev":{"confidence_interval":{"confidence_level":0.95,"lower_bound":85427.00754775936,"upper_bound":116102.59005704969},"point_estimate":101266.08030983314,"standard_error":7909.051009742843}}