{"mean":{"confidence_interval":{"confidence_level":0.95,"lower_bound":14058484.1916875,"upper_bound":14103394.2720625},"point_estimate":14080898.815,"standard_error":11454.259555300487},"median":{"confidence_interval":{"confidence_level":0.95,"lower_bound":14047265.25,"upper_bound":14088091.0},"point_estimate":14066603.125,"standard_error":10028.642125537359},"median_abs_dev":{"confidence_interval":{"confidence_level":0.95,"lower_bound":84454.268925637,"upper_bound":133881.0015231371},"point_estimate":110363.25944066048,"standard_error":12974.883939725198},"slope":null,"std_dev":{"confidence_interval":{"confidence_level":0.95,"lower_bound":97411.84359585826,"upper_bound":130333.8053722033},"point_estimate":114664.57574116906,"standard_error":8412.259191005745}}