{"mean":{"confidence_interval":{"confidence_level":0.95,"lower_bound":14594449.822375001,"upper_bound":14635113.228999998},"point_estimate":14614847.485,"standard_error":10352.46407134974},"median":{"confidence_interval":{"confidence_level":0.95,"lower_bound":14602716.5,"upper_bound":14646367.875},"point_estimate":14620467.25,"standard_error":11400.202916486292},"median_abs_dev":{"confidence_interval":{"confidence_level":0.95,"lower_bound":69051.18568159647,"upper_bound":122129.72880676389},"point_estimate":101873.70666638017,"standard_error":14089.340064413871},"slope":null,"std_dev":{"confidence_interval":{"confidence_level":0.95,"lower_bound":89217.56986090424,"upper_bound":118374.16879535143},"point_estimate":104311.73063054761,"standard_error":7462.519630299754}}