{"mean":{"confidence_interval":{"confidence_level":0.95,"lower_bound":24742231.6295,"upper_bound":24777654.309125},"point_estimate":24759788.475,"standard_error":9065.712391649464},"median":{"confidence_interval":{"confidence_level":0.95,"lower_bound":24735727.5,"upper_bound":24784978.25},"point_estimate":24759952.75,"standard_error":13017.015737973321},"median_abs_dev":{"confidence_interval":{"confidence_level":0.95,"lower_bound":75576.64560824633,"upper_bound":111234.28692519665},"point_estimate":94962.75221407413,"standard_error":9171.408910760898},"slope":null,"std_dev":{"confidence_interval":{"confidence_level":0.95,"lower_bound":77709.66053768998,"upper_bound":103917.13867441849},"point_estimate":91124.29835590193,"standard_error":6672.24043694614}}