{"mean":{"confidence_interval":{"confidence_level":0.95,"lower_bound":25287755.248375002,"upper_bound":25451180.8115},"point_estimate":25370033.095,"standard_error":41815.19363468351},"median":{"confidence_interval":{"confidence_level":0.95,"lower_bound":25275255.0,"upper_bound":25461267.75},"point_estimate":25376678.5,"standard_error":41299.08709519385},"median_abs_dev":{"confidence_interval":{"confidence_level":0.95,"lower_bound":322549.7430185974,"upper_bound":511717.52766519785},"point_estimate":418085.40892750025,"standard_error":48637.08131920779},"slope":null,"std_dev":{"confidence_interval":{"confidence_level":0.95,"lower_bound":362059.0357458202,"upper_bound":473015.64633654064},"point_estimate":421098.52994671726,"standard_error":28252.001722754976}}