{"mean":{"confidence_interval":{"confidence_level":0.95,"lower_bound":38039364.32575,"upper_bound":38922657.25975},"point_estimate":38467112.09,"standard_error":226158.57376745992},"median":{"confidence_interval":{"confidence_level":0.95,"lower_bound":37509578.5,"upper_bound":38714835.0},"point_estimate":37990131.0,"standard_error":297140.9446578457},"median_abs_dev":{"confidence_interval":{"confidence_level":0.95,"lower_bound":1439242.8200483322,"upper_bound":2495902.940788864},"point_estimate":2210347.5141584873,"standard_error":275820.58882345475},"slope":null,"std_dev":{"confidence_interval":{"confidence_level":0.95,"lower_bound":1801106.072156878,"upper_bound":2736362.1389263603},"point_estimate":2275476.9034334295,"standard_error":241097.8639100056}}