{"mean":{"confidence_interval":{"confidence_level":0.95,"lower_bound":34315668.368999995,"upper_bound":34527753.01675},"point_estimate":34423460.57,"standard_error":54275.636185254596},"median":{"confidence_interval":{"confidence_level":0.95,"lower_bound":34371429.0,"upper_bound":34660168.0},"point_estimate":34511781.5,"standard_error":77897.90494157163},"median_abs_dev":{"confidence_interval":{"confidence_level":0.95,"lower_bound":414404.1687903553,"upper_bound":707950.3830313683},"point_estimate":516025.5925387144,"standard_error":76392.32457264351},"slope":null,"std_dev":{"confidence_interval":{"confidence_level":0.95,"lower_bound":471353.26440604945,"upper_bound":607248.8806676568},"point_estimate":544280.6636758458,"standard_error":34596.38698514027}}