{"mean":{"confidence_interval":{"confidence_level":0.95,"lower_bound":79232702.1395,"upper_bound":79363616.89025001},"point_estimate":79299390.82,"standard_error":33426.9724564737},"median":{"confidence_interval":{"confidence_level":0.95,"lower_bound":79303681.0,"upper_bound":79409933.0},"point_estimate":79337874.0,"standard_error":31981.266665957188},"median_abs_dev":{"confidence_interval":{"confidence_level":0.95,"lower_bound":165979.73573327067,"upper_bound":288739.31007385254},"point_estimate":229954.96241748333,"standard_error":30066.707480323603},"slope":null,"std_dev":{"confidence_interval":{"confidence_level":0.95,"lower_bound":268605.6253795104,"upper_bound":395078.4710064524},"point_estimate":334791.7285741755,"standard_error":32319.55066508313}}