{"mean":{"confidence_interval":{"confidence_level":0.95,"lower_bound":35558672.557500005,"upper_bound":35606946.68625},"point_estimate":35582826.2,"standard_error":12319.397810578463},"median":{"confidence_interval":{"confidence_level":0.95,"lower_bound":35552542.0,"upper_bound":35599443.0},"point_estimate":35572443.0,"standard_error":12371.98964666523},"median_abs_dev":{"confidence_interval":{"confidence_level":0.95,"lower_bound":85904.02930989869,"upper_bound":140881.43088385437},"point_estimate":110041.53524637222,"standard_error":13608.294834047661},"slope":null,"std_dev":{"confidence_interval":{"confidence_level":0.95,"lower_bound":105234.4884122571,"upper_bound":142350.96848640082},"point_estimate":124503.184451668,"standard_error":9500.69418954178}}