{"mean":{"confidence_interval":{"confidence_level":0.95,"lower_bound":81980174.01225,"upper_bound":82153243.97425},"point_estimate":82067644.88,"standard_error":44163.96201360739},"median":{"confidence_interval":{"confidence_level":0.95,"lower_bound":82004811.0,"upper_bound":82172551.2625},"point_estimate":82103291.5,"standard_error":47311.23327894967},"median_abs_dev":{"confidence_interval":{"confidence_level":0.95,"lower_bound":362905.6324571371,"upper_bound":575589.0464812517},"point_estimate":507609.6137881279,"standard_error":53312.46033188751},"slope":null,"std_dev":{"confidence_interval":{"confidence_level":0.95,"lower_bound":377730.1305099815,"upper_bound":503912.5232023509},"point_estimate":443585.9734639784,"standard_error":32296.29731934938}}