{"mean":{"confidence_interval":{"confidence_level":0.95,"lower_bound":44558782.54,"upper_bound":44851398.515},"point_estimate":44702818.99,"standard_error":74997.47547817772},"median":{"confidence_interval":{"confidence_level":0.95,"lower_bound":44442603.5,"upper_bound":44916912.0},"point_estimate":44706157.5,"standard_error":129569.55413615248},"median_abs_dev":{"confidence_interval":{"confidence_level":0.95,"lower_bound":618402.0859211683,"upper_bound":996397.6209104061},"point_estimate":782379.8669099808,"standard_error":96936.14149819978},"slope":null,"std_dev":{"confidence_interval":{"confidence_level":0.95,"lower_bound":638656.7661976155,"upper_bound":878194.7641017155},"point_estimate":755808.6130537626,"standard_error":61761.51401672801}}