{"mean":{"confidence_interval":{"confidence_level":0.95,"lower_bound":33344921.5755,"upper_bound":33996827.316250004},"point_estimate":33668203.46,"standard_error":165886.07509262912},"median":{"confidence_interval":{"confidence_level":0.95,"lower_bound":33125468.5,"upper_bound":34153555.0},"point_estimate":33495249.0,"standard_error":259166.95366308867},"median_abs_dev":{"confidence_interval":{"confidence_level":0.95,"lower_bound":1343348.253750801,"upper_bound":2087897.3584324121},"point_estimate":1773337.0872169733,"standard_error":193121.64249224996},"slope":null,"std_dev":{"confidence_interval":{"confidence_level":0.95,"lower_bound":1444859.1081464323,"upper_bound":1848090.6509626561},"point_estimate":1661376.5704708258,"standard_error":103164.7589379548}}