{"mean":{"confidence_interval":{"confidence_level":0.95,"lower_bound":1486602.1460390254,"upper_bound":1524656.8237122276},"point_estimate":1504841.59758092,"standard_error":9718.691899472866},"median":{"confidence_interval":{"confidence_level":0.95,"lower_bound":1468339.2631578948,"upper_bound":1480830.2282608696},"point_estimate":1472885.0863787376,"standard_error":3708.487821491476},"median_abs_dev":{"confidence_interval":{"confidence_level":0.95,"lower_bound":21350.48346194419,"upper_bound":41660.16668039771},"point_estimate":30321.29024290164,"standard_error":5048.322595307711},"slope":{"confidence_interval":{"confidence_level":0.95,"lower_bound":1467880.841093963,"upper_bound":1476366.8088967416},"point_estimate":1472326.9627309,"standard_error":2158.9653702205323},"std_dev":{"confidence_interval":{"confidence_level":0.95,"lower_bound":74642.96432214127,"upper_bound":115152.41284144616},"point_estimate":97265.02515882545,"standard_error":10389.517429376112}}