{"mean":{"confidence_interval":{"confidence_level":0.95,"lower_bound":1301868.68580872,"upper_bound":1338368.7225744426},"point_estimate":1319303.0296918317,"standard_error":9351.400403275766},"median":{"confidence_interval":{"confidence_level":0.95,"lower_bound":1287024.1514778323,"upper_bound":1301871.4315789475},"point_estimate":1296731.5147260274,"standard_error":3830.575475674137},"median_abs_dev":{"confidence_interval":{"confidence_level":0.95,"lower_bound":26276.18117612104,"upper_bound":62596.348056874616},"point_estimate":38629.541286281594,"standard_error":9272.113700759592},"slope":{"confidence_interval":{"confidence_level":0.95,"lower_bound":1290678.325764002,"upper_bound":1304716.4941716194},"point_estimate":1297747.293757943,"standard_error":3578.5420982780993},"std_dev":{"confidence_interval":{"confidence_level":0.95,"lower_bound":73921.95999688805,"upper_bound":110914.82677894285},"point_estimate":94473.53602006962,"standard_error":9447.845931164728}}