{"mean":{"confidence_interval":{"confidence_level":0.95,"lower_bound":1496294.012487855,"upper_bound":1536884.9227781864},"point_estimate":1515608.0354774422,"standard_error":10365.948812683017},"median":{"confidence_interval":{"confidence_level":0.95,"lower_bound":1487060.9901806754,"upper_bound":1501042.6169354839},"point_estimate":1494909.4492378049,"standard_error":4305.156907915077},"median_abs_dev":{"confidence_interval":{"confidence_level":0.95,"lower_bound":25784.829920122516,"upper_bound":67671.91393748505},"point_estimate":38181.98621591699,"standard_error":10684.282583008257},"slope":{"confidence_interval":{"confidence_level":0.95,"lower_bound":1485006.401980793,"upper_bound":1495930.379079158},"point_estimate":1490947.2245840107,"standard_error":2793.9682855133105},"std_dev":{"confidence_interval":{"confidence_level":0.95,"lower_bound":81151.11913384373,"upper_bound":122113.68570433857},"point_estimate":104052.28679633501,"standard_error":10460.74981316028}}