{"mean":{"confidence_interval":{"confidence_level":0.95,"lower_bound":1439950.3145080144,"upper_bound":1480688.9320478046},"point_estimate":1459456.279953124,"standard_error":10364.397190635416},"median":{"confidence_interval":{"confidence_level":0.95,"lower_bound":1427898.301369863,"upper_bound":1436818.3496503495},"point_estimate":1431300.047186933,"standard_error":2314.1804578944043},"median_abs_dev":{"confidence_interval":{"confidence_level":0.95,"lower_bound":26204.374110131692,"upper_bound":57158.92997778176},"point_estimate":39040.05054698343,"standard_error":7808.948514826146},"slope":{"confidence_interval":{"confidence_level":0.95,"lower_bound":1428265.8672012757,"upper_bound":1440767.6849757426},"point_estimate":1434814.5859908378,"standard_error":3177.5995428376564},"std_dev":{"confidence_interval":{"confidence_level":0.95,"lower_bound":80448.64314732338,"upper_bound":123476.38785344925},"point_estimate":104430.61990991123,"standard_error":11011.817251359584}}