{"mean":{"confidence_interval":{"confidence_level":0.95,"lower_bound":1918141.464593751,"upper_bound":1977736.1026458335},"point_estimate":1946945.4533333331,"standard_error":15216.032608970321},"median":{"confidence_interval":{"confidence_level":0.95,"lower_bound":1872623.2708333333,"upper_bound":1937971.4791666665},"point_estimate":1903849.125,"standard_error":17079.057530170856},"median_abs_dev":{"confidence_interval":{"confidence_level":0.95,"lower_bound":80625.17650611699,"upper_bound":148669.5656105876},"point_estimate":109772.78311364347,"standard_error":18104.329866148364},"slope":null,"std_dev":{"confidence_interval":{"confidence_level":0.95,"lower_bound":119351.7633354968,"upper_bound":182976.32381108293},"point_estimate":153094.80617481674,"standard_error":16295.723936549364}}