{"mean":{"confidence_interval":{"confidence_level":0.95,"lower_bound":1508471.813855188,"upper_bound":1550962.7931974607},"point_estimate":1528799.50317492,"standard_error":10818.099153521509},"median":{"confidence_interval":{"confidence_level":0.95,"lower_bound":1489628.2453066334,"upper_bound":1511313.7849462365},"point_estimate":1499688.417361755,"standard_error":5318.435482094058},"median_abs_dev":{"confidence_interval":{"confidence_level":0.95,"lower_bound":31507.32233507774,"upper_bound":62130.88714295637},"point_estimate":40767.67627137124,"standard_error":7741.2064570710645},"slope":{"confidence_interval":{"confidence_level":0.95,"lower_bound":1495243.3939557793,"upper_bound":1509712.4358621663},"point_estimate":1502660.2377656272,"standard_error":3691.841914747142},"std_dev":{"confidence_interval":{"confidence_level":0.95,"lower_bound":84813.80123644177,"upper_bound":128023.48298689768},"point_estimate":108831.39627699573,"standard_error":11009.223935735256}}