{"mean":{"confidence_interval":{"confidence_level":0.95,"lower_bound":1433170.0072334406,"upper_bound":1472867.7271038564},"point_estimate":1452220.7565391574,"standard_error":10158.374798362256},"median":{"confidence_interval":{"confidence_level":0.95,"lower_bound":1414660.0394736843,"upper_bound":1435238.2711864407},"point_estimate":1425081.8131868131,"standard_error":4404.016078335512},"median_abs_dev":{"confidence_interval":{"confidence_level":0.95,"lower_bound":27625.514135759586,"upper_bound":52066.85690956137},"point_estimate":40959.93622392598,"standard_error":6391.064606159871},"slope":{"confidence_interval":{"confidence_level":0.95,"lower_bound":1419941.5385539846,"upper_bound":1433658.1004858266},"point_estimate":1426996.7647347422,"standard_error":3469.742802781768},"std_dev":{"confidence_interval":{"confidence_level":0.95,"lower_bound":79441.53768061429,"upper_bound":121142.82826606177},"point_estimate":102742.98233856578,"standard_error":10656.814593858679}}