{"mean":{"confidence_interval":{"confidence_level":0.95,"lower_bound":1465500.879316408,"upper_bound":1511207.8063322625},"point_estimate":1487278.7098330301,"standard_error":11591.23943392216},"median":{"confidence_interval":{"confidence_level":0.95,"lower_bound":1447732.6417910447,"upper_bound":1465557.9545454546},"point_estimate":1454622.278338945,"standard_error":4883.162843733452},"median_abs_dev":{"confidence_interval":{"confidence_level":0.95,"lower_bound":31764.892569014883,"upper_bound":56203.08179819578},"point_estimate":43211.566984954836,"standard_error":6114.038304205278},"slope":{"confidence_interval":{"confidence_level":0.95,"lower_bound":1453142.9514679161,"upper_bound":1464916.2006324828},"point_estimate":1459529.6122476726,"standard_error":3004.2992759593},"std_dev":{"confidence_interval":{"confidence_level":0.95,"lower_bound":88165.26373041821,"upper_bound":139061.57921586424},"point_estimate":116371.75156605149,"standard_error":13000.62354863932}}