{"mean":{"confidence_interval":{"confidence_level":0.95,"lower_bound":1705581.0463440898,"upper_bound":1763661.568039185},"point_estimate":1733076.0401743448,"standard_error":14830.37882542422},"median":{"confidence_interval":{"confidence_level":0.95,"lower_bound":1676243.1084337349,"upper_bound":1707228.5},"point_estimate":1695337.338028169,"standard_error":8989.312986571655},"median_abs_dev":{"confidence_interval":{"confidence_level":0.95,"lower_bound":54962.54101923981,"upper_bound":100593.24977888507},"point_estimate":79386.35907595204,"standard_error":12350.753823861316},"slope":{"confidence_interval":{"confidence_level":0.95,"lower_bound":1678087.4263106375,"upper_bound":1702576.1422346355},"point_estimate":1690243.8979281809,"standard_error":6235.86308852713},"std_dev":{"confidence_interval":{"confidence_level":0.95,"lower_bound":111081.12900976799,"upper_bound":181345.99051545825},"point_estimate":148897.05937662625,"standard_error":18023.239416778288}}