{"mean":{"confidence_interval":{"confidence_level":0.95,"lower_bound":1408840.343840914,"upper_bound":1449461.3003102348},"point_estimate":1428219.2205312676,"standard_error":10381.969205017584},"median":{"confidence_interval":{"confidence_level":0.95,"lower_bound":1394260.149789613,"upper_bound":1408630.8243021346},"point_estimate":1400428.6223776224,"standard_error":3830.149547964396},"median_abs_dev":{"confidence_interval":{"confidence_level":0.95,"lower_bound":27743.709179935653,"upper_bound":56980.544163393155},"point_estimate":40596.32643155151,"standard_error":7735.178214177038},"slope":{"confidence_interval":{"confidence_level":0.95,"lower_bound":1397217.8692680257,"upper_bound":1408529.7321773155},"point_estimate":1403259.5887985814,"standard_error":2890.093129437622},"std_dev":{"confidence_interval":{"confidence_level":0.95,"lower_bound":80145.91911878058,"upper_bound":124406.47180218862},"point_estimate":104837.81130129406,"standard_error":11311.413648243575}}