{"mean":{"confidence_interval":{"confidence_level":0.95,"lower_bound":9687.369683443845,"upper_bound":9992.65032347124},"point_estimate":9815.114298556731,"standard_error":79.44236122611728},"median":{"confidence_interval":{"confidence_level":0.95,"lower_bound":9610.031409601634,"upper_bound":9653.165389853591},"point_estimate":9628.957152264536,"standard_error":11.106275801752636},"median_abs_dev":{"confidence_interval":{"confidence_level":0.95,"lower_bound":78.97790216026858,"upper_bound":134.98246938755207},"point_estimate":106.73791722506797,"standard_error":13.892386110212247},"slope":{"confidence_interval":{"confidence_level":0.95,"lower_bound":9585.602004107774,"upper_bound":9626.566349155828},"point_estimate":9605.230593378641,"standard_error":10.450394811648586},"std_dev":{"confidence_interval":{"confidence_level":0.95,"lower_bound":242.08926557705428,"upper_bound":1276.750595121678},"point_estimate":805.8860090642314,"standard_error":293.10742789969555}}