{"mean":{"confidence_interval":{"confidence_level":0.95,"lower_bound":11928.288181509643,"upper_bound":12305.708879893362},"point_estimate":12086.41087557406,"standard_error":98.05613459227364},"median":{"confidence_interval":{"confidence_level":0.95,"lower_bound":11863.089966329966,"upper_bound":11905.936962365591},"point_estimate":11879.511309930622,"standard_error":12.291920487017016},"median_abs_dev":{"confidence_interval":{"confidence_level":0.95,"lower_bound":96.43526761974934,"upper_bound":191.98914631373228},"point_estimate":133.8084451612669,"standard_error":24.803552033215468},"slope":{"confidence_interval":{"confidence_level":0.95,"lower_bound":11781.067004526192,"upper_bound":11870.771921386795},"point_estimate":11823.824532663415,"standard_error":22.744976014728664},"std_dev":{"confidence_interval":{"confidence_level":0.95,"lower_bound":314.4957947660761,"upper_bound":1559.0025697256879},"point_estimate":982.8275346271524,"standard_error":350.6868164111784}}