{"mean":{"confidence_interval":{"confidence_level":0.95,"lower_bound":9599.149548884268,"upper_bound":9896.58033216793},"point_estimate":9721.826245130773,"standard_error":77.58245997431926},"median":{"confidence_interval":{"confidence_level":0.95,"lower_bound":9496.08293161782,"upper_bound":9552.994945414062},"point_estimate":9515.22627676275,"standard_error":14.785963795985445},"median_abs_dev":{"confidence_interval":{"confidence_level":0.95,"lower_bound":61.508569291830675,"upper_bound":146.59247152347737},"point_estimate":99.15566571326637,"standard_error":23.08313177451102},"slope":{"confidence_interval":{"confidence_level":0.95,"lower_bound":9485.646632009337,"upper_bound":9530.102686643126},"point_estimate":9506.000819685709,"standard_error":11.363150142224441},"std_dev":{"confidence_interval":{"confidence_level":0.95,"lower_bound":234.86908723852244,"upper_bound":1240.411758054816},"point_estimate":775.1884653215683,"standard_error":292.57697453797005}}