{"mean":{"confidence_interval":{"confidence_level":0.95,"lower_bound":14426.34538615761,"upper_bound":14975.15402890914},"point_estimate":14664.437649521145,"standard_error":141.75486619528974},"median":{"confidence_interval":{"confidence_level":0.95,"lower_bound":14263.53381164966,"upper_bound":14544.462996442604},"point_estimate":14460.461079112876,"standard_error":73.51096469010882},"median_abs_dev":{"confidence_interval":{"confidence_level":0.95,"lower_bound":487.09291061074356,"upper_bound":722.396337091567},"point_estimate":611.5076437831233,"standard_error":56.75091728125355},"slope":{"confidence_interval":{"confidence_level":0.95,"lower_bound":14183.32811743385,"upper_bound":14393.726694016477},"point_estimate":14290.259560218708,"standard_error":53.5790596859601},"std_dev":{"confidence_interval":{"confidence_level":0.95,"lower_bound":650.5847084004802,"upper_bound":2176.502597701476},"point_estimate":1421.5095060155932,"standard_error":450.18287662000034}}