{"mean":{"confidence_interval":{"confidence_level":0.95,"lower_bound":11562.366936123508,"upper_bound":12005.905305348797},"point_estimate":11748.521706474927,"standard_error":115.32416729492635},"median":{"confidence_interval":{"confidence_level":0.95,"lower_bound":11483.339366151866,"upper_bound":11664.461038961039},"point_estimate":11556.0998048851,"standard_error":48.51513028370678},"median_abs_dev":{"confidence_interval":{"confidence_level":0.95,"lower_bound":301.48463622113496,"upper_bound":490.183754179565},"point_estimate":399.16656323495386,"standard_error":48.7978008532808},"slope":{"confidence_interval":{"confidence_level":0.95,"lower_bound":11501.385106044223,"upper_bound":11654.562145553202},"point_estimate":11581.301727940443,"standard_error":39.10935848147068},"std_dev":{"confidence_interval":{"confidence_level":0.95,"lower_bound":450.4308717021263,"upper_bound":1827.9110235597495},"point_estimate":1158.732636099139,"standard_error":413.58207292627463}}