{"mean":{"confidence_interval":{"confidence_level":0.95,"lower_bound":10079.311697179362,"upper_bound":10365.15738067359},"point_estimate":10199.293043107982,"standard_error":74.23298323610311},"median":{"confidence_interval":{"confidence_level":0.95,"lower_bound":9976.687796250088,"upper_bound":10050.470984809694},"point_estimate":10024.40282022002,"standard_error":20.351590374536986},"median_abs_dev":{"confidence_interval":{"confidence_level":0.95,"lower_bound":82.81717352777915,"upper_bound":159.85230452688208},"point_estimate":115.31034015042216,"standard_error":21.297426033282083},"slope":{"confidence_interval":{"confidence_level":0.95,"lower_bound":9950.860054774475,"upper_bound":9988.021077889998},"point_estimate":9968.680721282628,"standard_error":9.481740312320701},"std_dev":{"confidence_interval":{"confidence_level":0.95,"lower_bound":253.1067040941815,"upper_bound":1178.437179869682},"point_estimate":748.8559249282791,"standard_error":261.94386682661786}}