{"mean":{"confidence_interval":{"confidence_level":0.95,"lower_bound":14293.84427150163,"upper_bound":14950.219394570315},"point_estimate":14581.409024912975,"standard_error":169.39451511764085},"median":{"confidence_interval":{"confidence_level":0.95,"lower_bound":14057.378979727484,"upper_bound":14230.355204588255},"point_estimate":14120.507267176963,"standard_error":45.52551399998044},"median_abs_dev":{"confidence_interval":{"confidence_level":0.95,"lower_bound":304.7907591585305,"upper_bound":522.1055891977434},"point_estimate":428.74364360799945,"standard_error":55.32038358307136},"slope":{"confidence_interval":{"confidence_level":0.95,"lower_bound":14067.434013166669,"upper_bound":14283.73143786441},"point_estimate":14166.798250883525,"standard_error":55.357185235163975},"std_dev":{"confidence_interval":{"confidence_level":0.95,"lower_bound":777.7670066047223,"upper_bound":2563.596434979385},"point_estimate":1702.7481865148957,"standard_error":494.9355113719193}}