{"mean":{"confidence_interval":{"confidence_level":0.95,"lower_bound":77358.56015194561,"upper_bound":99841.74674326336},"point_estimate":86724.62547472873,"standard_error":5821.171237340963},"median":{"confidence_interval":{"confidence_level":0.95,"lower_bound":69770.22719449225,"upper_bound":73887.71670117322},"point_estimate":71273.78025697707,"standard_error":1136.502502639767},"median_abs_dev":{"confidence_interval":{"confidence_level":0.95,"lower_bound":4307.100363181565,"upper_bound":8997.71395193155},"point_estimate":6005.224964626908,"standard_error":1207.8344220367196},"slope":{"confidence_interval":{"confidence_level":0.95,"lower_bound":68471.3138576988,"upper_bound":70045.52997814472},"point_estimate":69211.06577381832,"standard_error":400.901546742179},"std_dev":{"confidence_interval":{"confidence_level":0.95,"lower_bound":19830.48422080285,"upper_bound":92657.43815113015},"point_estimate":58521.55771138679,"standard_error":21141.97203566303}}