{"mean":{"confidence_interval":{"confidence_level":0.95,"lower_bound":51715.61339136225,"upper_bound":63607.72127907418},"point_estimate":56610.08043668259,"standard_error":3088.0749222673235},"median":{"confidence_interval":{"confidence_level":0.95,"lower_bound":47946.27113324175,"upper_bound":49876.47948717949},"point_estimate":48977.1179787234,"standard_error":529.9323598184134},"median_abs_dev":{"confidence_interval":{"confidence_level":0.95,"lower_bound":2276.6403846081466,"upper_bound":4792.75313408541},"point_estimate":3596.4301958551496,"standard_error":692.540004677755},"slope":{"confidence_interval":{"confidence_level":0.95,"lower_bound":47077.09932359909,"upper_bound":47678.63446070394},"point_estimate":47338.216615782476,"standard_error":153.7853574524136},"std_dev":{"confidence_interval":{"confidence_level":0.95,"lower_bound":9465.49899137426,"upper_bound":49424.15981393339},"point_estimate":30936.384845428747,"standard_error":11368.800786441056}}