{"mean":{"confidence_interval":{"confidence_level":0.95,"lower_bound":55552.10856070162,"upper_bound":69583.98049424429},"point_estimate":61403.274673402404,"standard_error":3660.677367925183},"median":{"confidence_interval":{"confidence_level":0.95,"lower_bound":50858.03791591046,"upper_bound":53399.07176595334},"point_estimate":52028.57379794023,"standard_error":665.7867529245559},"median_abs_dev":{"confidence_interval":{"confidence_level":0.95,"lower_bound":2498.185700443163,"upper_bound":5607.970363226916},"point_estimate":4052.0524553583928,"standard_error":820.0355010300158},"slope":{"confidence_interval":{"confidence_level":0.95,"lower_bound":50006.79123564281,"upper_bound":50694.75653478999},"point_estimate":50308.469079355695,"standard_error":175.1615111937563},"std_dev":{"confidence_interval":{"confidence_level":0.95,"lower_bound":11465.373093383887,"upper_bound":58321.10807324226},"point_estimate":36782.23249602722,"standard_error":13306.78595964451}}