{"mean":{"confidence_interval":{"confidence_level":0.95,"lower_bound":91598.78196533513,"upper_bound":120519.55925474032},"point_estimate":104258.5452695502,"standard_error":7401.983742544206},"median":{"confidence_interval":{"confidence_level":0.95,"lower_bound":78220.18,"upper_bound":84268.3487881981},"point_estimate":80756.47667169431,"standard_error":1903.8197136403876},"median_abs_dev":{"confidence_interval":{"confidence_level":0.95,"lower_bound":7550.630652312383,"upper_bound":15797.996653138169},"point_estimate":11280.557870212568,"standard_error":2496.55693735972},"slope":{"confidence_interval":{"confidence_level":0.95,"lower_bound":76514.51280621006,"upper_bound":79164.63619703008},"point_estimate":77749.44561980653,"standard_error":680.3439652490158},"std_dev":{"confidence_interval":{"confidence_level":0.95,"lower_bound":32382.658337089983,"upper_bound":112424.74045185109},"point_estimate":74463.57148152792,"standard_error":21346.39493441798}}