{"mean":{"confidence_interval":{"confidence_level":0.95,"lower_bound":949303.2819829051,"upper_bound":966398.2014741359},"point_estimate":956806.4685886166,"standard_error":4395.916241657184},"median":{"confidence_interval":{"confidence_level":0.95,"lower_bound":942940.3854166666,"upper_bound":946813.2171517671},"point_estimate":944391.8620689656,"standard_error":1089.8104836474124},"median_abs_dev":{"confidence_interval":{"confidence_level":0.95,"lower_bound":7831.924510574133,"upper_bound":16802.917402119037},"point_estimate":12768.245074351627,"standard_error":2188.749886397069},"slope":{"confidence_interval":{"confidence_level":0.95,"lower_bound":941666.4315606458,"upper_bound":948207.071846429},"point_estimate":944878.8807226245,"standard_error":1660.0987254977108},"std_dev":{"confidence_interval":{"confidence_level":0.95,"lower_bound":20229.68440165959,"upper_bound":66098.45934527644},"point_estimate":44145.46809514507,"standard_error":12395.895509804215}}