{"mean":{"confidence_interval":{"confidence_level":0.95,"lower_bound":261043.90597429388,"upper_bound":316253.5097521556},"point_estimate":284331.4692398445,"standard_error":14319.812492878078},"median":{"confidence_interval":{"confidence_level":0.95,"lower_bound":241768.4903070518,"upper_bound":252513.11875},"point_estimate":245627.2368259804,"standard_error":2226.1105735670203},"median_abs_dev":{"confidence_interval":{"confidence_level":0.95,"lower_bound":9443.2998032954,"upper_bound":22391.27128459941},"point_estimate":13993.248422758927,"standard_error":2864.126721592862},"slope":{"confidence_interval":{"confidence_level":0.95,"lower_bound":238698.50489874248,"upper_bound":241516.98701595975},"point_estimate":239938.74488399585,"standard_error":718.2246400902086},"std_dev":{"confidence_interval":{"confidence_level":0.95,"lower_bound":46793.683957547335,"upper_bound":226588.1046590871},"point_estimate":143661.8457928266,"standard_error":50354.804460158775}}