{"mean":{"confidence_interval":{"confidence_level":0.95,"lower_bound":257441.6281036764,"upper_bound":309770.8788654134},"point_estimate":279185.78141764546,"standard_error":13543.352843833602},"median":{"confidence_interval":{"confidence_level":0.95,"lower_bound":240141.94166666665,"upper_bound":250246.22435897434},"point_estimate":243511.5712785114,"standard_error":2419.27861366654},"median_abs_dev":{"confidence_interval":{"confidence_level":0.95,"lower_bound":9567.27869146255,"upper_bound":21863.629155559294},"point_estimate":13931.675963335549,"standard_error":3022.035827621256},"slope":{"confidence_interval":{"confidence_level":0.95,"lower_bound":236585.0704250765,"upper_bound":239206.7295555466},"point_estimate":237741.88345352447,"standard_error":668.2464714284242},"std_dev":{"confidence_interval":{"confidence_level":0.95,"lower_bound":42590.65032354317,"upper_bound":215097.43514319512},"point_estimate":135634.86868467208,"standard_error":49065.67891841618}}