{"mean":{"confidence_interval":{"confidence_level":0.95,"lower_bound":339127.75141178205,"upper_bound":425685.4993562847},"point_estimate":375044.07971837826,"standard_error":22463.808187136296},"median":{"confidence_interval":{"confidence_level":0.95,"lower_bound":311591.6124915483,"upper_bound":325120.21125541127},"point_estimate":316063.38653981674,"standard_error":3074.001279638821},"median_abs_dev":{"confidence_interval":{"confidence_level":0.95,"lower_bound":18937.874080229885,"upper_bound":37051.751907154685},"point_estimate":26713.38139777169,"standard_error":4583.65558385186},"slope":{"confidence_interval":{"confidence_level":0.95,"lower_bound":303481.19976690493,"upper_bound":309536.2557885087},"point_estimate":306193.61669080344,"standard_error":1547.9434527846934},"std_dev":{"confidence_interval":{"confidence_level":0.95,"lower_bound":72223.45521063672,"upper_bound":357307.67228832055},"point_estimate":225241.38529625052,"standard_error":80912.6548266449}}