{"mean":{"confidence_interval":{"confidence_level":0.95,"lower_bound":3653878.01595,"upper_bound":3678016.237666668},"point_estimate":3665868.156666666,"standard_error":6157.093009722519},"median":{"confidence_interval":{"confidence_level":0.95,"lower_bound":3652551.2666666666,"upper_bound":3674222.9333333336},"point_estimate":3659511.8,"standard_error":6348.815755491422},"median_abs_dev":{"confidence_interval":{"confidence_level":0.95,"lower_bound":35476.4428901674,"upper_bound":62239.44805502894},"point_estimate":47783.01107168225,"standard_error":6795.794032318268},"slope":null,"std_dev":{"confidence_interval":{"confidence_level":0.95,"lower_bound":50246.70076829568,"upper_bound":72798.93957635143},"point_estimate":61816.308081557734,"standard_error":5764.557520125784}}