{"mean":{"confidence_interval":{"confidence_level":0.95,"lower_bound":35009724.840625,"upper_bound":35064536.965875},"point_estimate":35037211.02,"standard_error":13956.535387804977},"median":{"confidence_interval":{"confidence_level":0.95,"lower_bound":35005635.0,"upper_bound":35073236.0},"point_estimate":35029760.25,"standard_error":15735.204367119486},"median_abs_dev":{"confidence_interval":{"confidence_level":0.95,"lower_bound":124002.43789851665,"upper_bound":194815.8604413271},"point_estimate":166452.98164486885,"standard_error":19079.339708082214},"slope":null,"std_dev":{"confidence_interval":{"confidence_level":0.95,"lower_bound":120727.07666011195,"upper_bound":160494.7730017484},"point_estimate":140754.00831316249,"standard_error":10161.877969575404}}