{"mean":{"confidence_interval":{"confidence_level":0.95,"lower_bound":31503352.9815,"upper_bound":31528522.800625},"point_estimate":31515613.395,"standard_error":6423.457169023384},"median":{"confidence_interval":{"confidence_level":0.95,"lower_bound":31494366.0,"upper_bound":31517754.0},"point_estimate":31507591.0,"standard_error":5756.192024077804},"median_abs_dev":{"confidence_interval":{"confidence_level":0.95,"lower_bound":35545.70501893759,"upper_bound":63304.79497611523},"point_estimate":52003.30602675676,"standard_error":7244.621920200511},"slope":null,"std_dev":{"confidence_interval":{"confidence_level":0.95,"lower_bound":51549.84320894896,"upper_bound":75226.59358270632},"point_estimate":64319.547687728766,"standard_error":6079.434055276818}}