{"mean":{"confidence_interval":{"confidence_level":0.95,"lower_bound":40547580.050625,"upper_bound":40669966.552374996},"point_estimate":40601324.315,"standard_error":31507.13515630108},"median":{"confidence_interval":{"confidence_level":0.95,"lower_bound":40522986.0,"upper_bound":40590411.25},"point_estimate":40562117.25,"standard_error":17135.37768481256},"median_abs_dev":{"confidence_interval":{"confidence_level":0.95,"lower_bound":93700.31833648682,"upper_bound":162047.80647307634},"point_estimate":121188.09249848127,"standard_error":17081.892328805203},"slope":null,"std_dev":{"confidence_interval":{"confidence_level":0.95,"lower_bound":140678.17675434382,"upper_bound":473930.09674155916},"point_estimate":316589.4646300324,"standard_error":88505.55691057297}}