{"mean":{"confidence_interval":{"confidence_level":0.95,"lower_bound":35666317.9485,"upper_bound":35750791.658125006},"point_estimate":35704080.3,"standard_error":21603.645209721148},"median":{"confidence_interval":{"confidence_level":0.95,"lower_bound":35649126.25,"upper_bound":35719352.75},"point_estimate":35685077.25,"standard_error":19928.637006446887},"median_abs_dev":{"confidence_interval":{"confidence_level":0.95,"lower_bound":101930.60144037008,"upper_bound":164868.09153925627},"point_estimate":129819.04824525118,"standard_error":15810.004431483123},"slope":null,"std_dev":{"confidence_interval":{"confidence_level":0.95,"lower_bound":126015.08244469225,"upper_bound":320510.61739489244},"point_estimate":217483.3058958175,"standard_error":59493.56357565376}}