{"mean":{"confidence_interval":{"confidence_level":0.95,"lower_bound":41740213.047625,"upper_bound":42400664.213},"point_estimate":42067302.36,"standard_error":168360.44791190163},"median":{"confidence_interval":{"confidence_level":0.95,"lower_bound":41502490.5,"upper_bound":42478703.5},"point_estimate":42148921.75,"standard_error":242999.62977573948},"median_abs_dev":{"confidence_interval":{"confidence_level":0.95,"lower_bound":1235055.0745233893,"upper_bound":2038824.0406036377},"point_estimate":1679433.282034099,"standard_error":207065.86391757216},"slope":null,"std_dev":{"confidence_interval":{"confidence_level":0.95,"lower_bound":1436596.0100788644,"upper_bound":1931727.2807840551},"point_estimate":1694015.8994886898,"standard_error":126570.23473083031}}