{"mean":{"confidence_interval":{"confidence_level":0.95,"lower_bound":37454069.4,"upper_bound":37665577.305},"point_estimate":37559982.915,"standard_error":53871.42847954122},"median":{"confidence_interval":{"confidence_level":0.95,"lower_bound":37411559.75,"upper_bound":37654640.5},"point_estimate":37538088.0,"standard_error":73139.38402363622},"median_abs_dev":{"confidence_interval":{"confidence_level":0.95,"lower_bound":356573.44796955585,"upper_bound":616146.3100612164},"point_estimate":456317.95574873686,"standard_error":68001.31301836747},"slope":null,"std_dev":{"confidence_interval":{"confidence_level":0.95,"lower_bound":445576.5818026133,"upper_bound":636317.7990688945},"point_estimate":540442.8750138002,"standard_error":49059.17265703815}}