{"mean":{"confidence_interval":{"confidence_level":0.95,"lower_bound":34969448.6185,"upper_bound":35016356.787250005},"point_estimate":34992663.61,"standard_error":11931.05521519535},"median":{"confidence_interval":{"confidence_level":0.95,"lower_bound":34962718.5,"upper_bound":35013701.75},"point_estimate":34984669.0,"standard_error":12205.823181150707},"median_abs_dev":{"confidence_interval":{"confidence_level":0.95,"lower_bound":86977.66334708784,"upper_bound":137995.21645009518},"point_estimate":109555.24245500565,"standard_error":12780.850081238303},"slope":null,"std_dev":{"confidence_interval":{"confidence_level":0.95,"lower_bound":102093.83022689357,"upper_bound":135808.8709642162},"point_estimate":119684.11813969584,"standard_error":8613.097524993764}}