{"mean":{"confidence_interval":{"confidence_level":0.95,"lower_bound":1688775.8395155168,"upper_bound":1742010.9656160302},"point_estimate":1714304.6028881492,"standard_error":13574.378057133448},"median":{"confidence_interval":{"confidence_level":0.95,"lower_bound":1663425.6849315069,"upper_bound":1688522.15},"point_estimate":1675191.6807563961,"standard_error":6202.582345096523},"median_abs_dev":{"confidence_interval":{"confidence_level":0.95,"lower_bound":41052.435439092296,"upper_bound":73508.0214970498},"point_estimate":51125.88598845597,"standard_error":8252.906346626552},"slope":{"confidence_interval":{"confidence_level":0.95,"lower_bound":1662445.3496713883,"upper_bound":1676470.0786884723},"point_estimate":1669591.7604462835,"standard_error":3578.120833542542},"std_dev":{"confidence_interval":{"confidence_level":0.95,"lower_bound":106166.06817178977,"upper_bound":161196.40856755094},"point_estimate":136706.60376463472,"standard_error":14136.723559880142}}