{"mean":{"confidence_interval":{"confidence_level":0.95,"lower_bound":1498098.1982495447,"upper_bound":1540751.7966918098},"point_estimate":1518605.2644286323,"standard_error":10843.81334048756},"median":{"confidence_interval":{"confidence_level":0.95,"lower_bound":1479902.1282051282,"upper_bound":1507084.7219788246},"point_estimate":1491266.9464406017,"standard_error":6733.7300072371345},"median_abs_dev":{"confidence_interval":{"confidence_level":0.95,"lower_bound":35088.331390871346,"upper_bound":69883.2709152924},"point_estimate":47154.28430885728,"standard_error":8692.829227218053},"slope":{"confidence_interval":{"confidence_level":0.95,"lower_bound":1488630.035499264,"upper_bound":1502377.6456242881},"point_estimate":1496039.3985990838,"standard_error":3504.7106013569673},"std_dev":{"confidence_interval":{"confidence_level":0.95,"lower_bound":85778.07012820794,"upper_bound":128467.03403502074},"point_estimate":109520.41818164782,"standard_error":10917.61144109539}}