{"mean":{"confidence_interval":{"confidence_level":0.95,"lower_bound":2059448.8321666664,"upper_bound":2068344.70325},"point_estimate":2063758.8383333338,"standard_error":2271.947110817505},"median":{"confidence_interval":{"confidence_level":0.95,"lower_bound":2053051.3333333333,"upper_bound":2061281.2916666667},"point_estimate":2057374.4791666665,"standard_error":2136.89908709783},"median_abs_dev":{"confidence_interval":{"confidence_level":0.95,"lower_bound":10805.49748316413,"upper_bound":21796.381738036755},"point_estimate":17412.951365858662,"standard_error":2903.8671382815496},"slope":null,"std_dev":{"confidence_interval":{"confidence_level":0.95,"lower_bound":18688.004471018863,"upper_bound":26139.169172701564},"point_estimate":22749.98149892586,"standard_error":1903.2526515905695}}