{"mean":{"confidence_interval":{"confidence_level":0.95,"lower_bound":1475984.6574728729,"upper_bound":1530668.2233735318},"point_estimate":1502404.3227327762,"standard_error":13950.267406820029},"median":{"confidence_interval":{"confidence_level":0.95,"lower_bound":1432974.0952380951,"upper_bound":1495980.2900974024},"point_estimate":1471851.2100490197,"standard_error":15815.132574648007},"median_abs_dev":{"confidence_interval":{"confidence_level":0.95,"lower_bound":82895.73641020738,"upper_bound":147690.94107307182},"point_estimate":113426.10712878413,"standard_error":16926.35210788998},"slope":{"confidence_interval":{"confidence_level":0.95,"lower_bound":1460543.7438411675,"upper_bound":1497244.0513618297},"point_estimate":1478499.0048470518,"standard_error":9373.106479830181},"std_dev":{"confidence_interval":{"confidence_level":0.95,"lower_bound":113147.06281346272,"upper_bound":163339.14690506365},"point_estimate":140074.88985555482,"standard_error":12780.115303734236}}