{"mean":{"confidence_interval":{"confidence_level":0.95,"lower_bound":10648507.545,"upper_bound":10890708.663099999},"point_estimate":10766700.014000004,"standard_error":61812.61748628537},"median":{"confidence_interval":{"confidence_level":0.95,"lower_bound":10535919.8,"upper_bound":10794141.4},"point_estimate":10649670.6,"standard_error":63399.236897705916},"median_abs_dev":{"confidence_interval":{"confidence_level":0.95,"lower_bound":388043.1150108576,"upper_bound":643541.0510748625},"point_estimate":519357.73597955704,"standard_error":64203.04642365859},"slope":null,"std_dev":{"confidence_interval":{"confidence_level":0.95,"lower_bound":498455.6290777592,"upper_bound":730753.079003556},"point_estimate":619978.1201978581,"standard_error":59121.7701765639}}