{"mean":{"confidence_interval":{"confidence_level":0.95,"lower_bound":1550885.2893053598,"upper_bound":1558205.859725793},"point_estimate":1554115.9851774147,"standard_error":1879.5385928560695},"median":{"confidence_interval":{"confidence_level":0.95,"lower_bound":1547621.357142857,"upper_bound":1552317.1514619882},"point_estimate":1549138.635610465,"standard_error":1188.4730905934389},"median_abs_dev":{"confidence_interval":{"confidence_level":0.95,"lower_bound":6006.350626812405,"upper_bound":9813.684941156907},"point_estimate":7852.999363849404,"standard_error":948.8569589948427},"slope":{"confidence_interval":{"confidence_level":0.95,"lower_bound":1546708.042271565,"upper_bound":1551220.266468985},"point_estimate":1548683.1293217083,"standard_error":1154.2110510715825},"std_dev":{"confidence_interval":{"confidence_level":0.95,"lower_bound":9314.521564268653,"upper_bound":28329.886769449706},"point_estimate":18958.40164380819,"standard_error":5373.908512885028}}