{"mean":{"confidence_interval":{"confidence_level":0.95,"lower_bound":1817351.6493200008,"upper_bound":1841628.6892400007},"point_estimate":1828950.3864000014,"standard_error":6179.814518625408},"median":{"confidence_interval":{"confidence_level":0.95,"lower_bound":1807853.12,"upper_bound":1827361.12},"point_estimate":1820051.1,"standard_error":4684.921839681152},"median_abs_dev":{"confidence_interval":{"confidence_level":0.95,"lower_bound":31496.26710872955,"upper_bound":58310.789657476584},"point_estimate":43561.8117306233,"standard_error":6559.878738763928},"slope":null,"std_dev":{"confidence_interval":{"confidence_level":0.95,"lower_bound":45713.167210224536,"upper_bound":77137.44945913357},"point_estimate":62093.04800256387,"standard_error":8052.9547683867295}}