{"mean":{"confidence_interval":{"confidence_level":0.95,"lower_bound":1592624.9737121044,"upper_bound":1599897.651787239},"point_estimate":1595683.871181532,"standard_error":1879.766352622147},"median":{"confidence_interval":{"confidence_level":0.95,"lower_bound":1590288.3506155303,"upper_bound":1592796.2424242424},"point_estimate":1591498.009837963,"standard_error":632.9285145850858},"median_abs_dev":{"confidence_interval":{"confidence_level":0.95,"lower_bound":3773.176967488224,"upper_bound":6309.659211569053},"point_estimate":4718.095029651681,"standard_error":613.634563417862},"slope":{"confidence_interval":{"confidence_level":0.95,"lower_bound":1588877.7243066137,"upper_bound":1590633.7001684261},"point_estimate":1589712.083549579,"standard_error":447.7195157807781},"std_dev":{"confidence_interval":{"confidence_level":0.95,"lower_bound":6970.783567986007,"upper_bound":29401.78817102317},"point_estimate":18759.1495419452,"standard_error":6400.168809241715}}