{"mean":{"confidence_interval":{"confidence_level":0.95,"lower_bound":1555282.5419339184,"upper_bound":1560648.6808976226},"point_estimate":1557691.402242046,"standard_error":1373.8293356417055},"median":{"confidence_interval":{"confidence_level":0.95,"lower_bound":1552649.75,"upper_bound":1555940.1349431816},"point_estimate":1553907.8128881988,"standard_error":938.6281710636337},"median_abs_dev":{"confidence_interval":{"confidence_level":0.95,"lower_bound":4913.979281527785,"upper_bound":9848.534095619369},"point_estimate":7586.453533529347,"standard_error":1222.773152966073},"slope":{"confidence_interval":{"confidence_level":0.95,"lower_bound":1552435.667777229,"upper_bound":1556822.904013634},"point_estimate":1554547.6229821192,"standard_error":1120.9563826762246},"std_dev":{"confidence_interval":{"confidence_level":0.95,"lower_bound":7897.316597612794,"upper_bound":19989.139952933045},"point_estimate":13795.794050521308,"standard_error":3406.550632916894}}