{"mean":{"confidence_interval":{"confidence_level":0.95,"lower_bound":1953229.1963706366,"upper_bound":1968425.0016026024},"point_estimate":1960554.1451264627,"standard_error":3883.501128025349},"median":{"confidence_interval":{"confidence_level":0.95,"lower_bound":1950509.9655172413,"upper_bound":1961365.8076923077},"point_estimate":1956165.099113475,"standard_error":2511.3406400678223},"median_abs_dev":{"confidence_interval":{"confidence_level":0.95,"lower_bound":16773.94819412363,"upper_bound":35362.89927031458},"point_estimate":23011.94665802741,"standard_error":4951.005140393048},"slope":{"confidence_interval":{"confidence_level":0.95,"lower_bound":1934580.707429159,"upper_bound":1946301.0297944315},"point_estimate":1940426.4243800798,"standard_error":2983.4682452892876},"std_dev":{"confidence_interval":{"confidence_level":0.95,"lower_bound":30164.723182801612,"upper_bound":47801.74361542254},"point_estimate":39056.800992856486,"standard_error":4539.819062438908}}