{"mean":{"confidence_interval":{"confidence_level":0.95,"lower_bound":2188319.2260869574,"upper_bound":2236287.337913043},"point_estimate":2210422.395652174,"standard_error":12276.324809686585},"median":{"confidence_interval":{"confidence_level":0.95,"lower_bound":2158653.652173913,"upper_bound":2198243.0434782607},"point_estimate":2173945.0652173916,"standard_error":10584.463293288221},"median_abs_dev":{"confidence_interval":{"confidence_level":0.95,"lower_bound":51356.26394476583,"upper_bound":85607.77199320178},"point_estimate":69827.65471248582,"standard_error":8449.280504294295},"slope":null,"std_dev":{"confidence_interval":{"confidence_level":0.95,"lower_bound":77127.34664195962,"upper_bound":171689.15145029957},"point_estimate":123433.46304657326,"standard_error":25408.85539770889}}