{"mean":{"confidence_interval":{"confidence_level":0.95,"lower_bound":1565147.7285525731,"upper_bound":1575524.1168443281},"point_estimate":1569423.0764797588,"standard_error":2695.8502177314936},"median":{"confidence_interval":{"confidence_level":0.95,"lower_bound":1562431.446190102,"upper_bound":1566328.9285714286},"point_estimate":1563474.2597109303,"standard_error":1127.5513702514763},"median_abs_dev":{"confidence_interval":{"confidence_level":0.95,"lower_bound":5240.68843049953,"upper_bound":8921.505504323784},"point_estimate":6575.780928872641,"standard_error":948.5283064174008},"slope":{"confidence_interval":{"confidence_level":0.95,"lower_bound":1562868.3042552643,"upper_bound":1565888.4309484006},"point_estimate":1564396.6967607506,"standard_error":769.391286877256},"std_dev":{"confidence_interval":{"confidence_level":0.95,"lower_bound":8507.551801794063,"upper_bound":43376.393965520336},"point_estimate":27128.318949432945,"standard_error":10255.907589803033}}