{"mean":{"confidence_interval":{"confidence_level":0.95,"lower_bound":1444.0134430646376,"upper_bound":1503.453850242893},"point_estimate":1469.579944118352,"standard_error":15.401992984249889},"median":{"confidence_interval":{"confidence_level":0.95,"lower_bound":1417.1687493608754,"upper_bound":1449.327969873331},"point_estimate":1432.051491063617,"standard_error":8.307055881788598},"median_abs_dev":{"confidence_interval":{"confidence_level":0.95,"lower_bound":32.8483408280575,"upper_bound":60.663518042522426},"point_estimate":43.64202987764658,"standard_error":7.3629838173500834},"slope":{"confidence_interval":{"confidence_level":0.95,"lower_bound":1415.2892790474739,"upper_bound":1431.1616617857715},"point_estimate":1423.0648253206564,"standard_error":4.069252034202149},"std_dev":{"confidence_interval":{"confidence_level":0.95,"lower_bound":61.25546039190472,"upper_bound":237.50880094815847},"point_estimate":154.00640758902028,"standard_error":48.54026491828656}}