{"mean":{"confidence_interval":{"confidence_level":0.95,"lower_bound":999.7562777368994,"upper_bound":1031.5655287910286},"point_estimate":1013.037291745571,"standard_error":8.297669323908362},"median":{"confidence_interval":{"confidence_level":0.95,"lower_bound":989.5955282984576,"upper_bound":993.6060855919355},"point_estimate":991.1854349442135,"standard_error":1.0354431678396452},"median_abs_dev":{"confidence_interval":{"confidence_level":0.95,"lower_bound":5.664268991629326,"upper_bound":12.681504353681033},"point_estimate":9.08080531150641,"standard_error":1.808326196235636},"slope":{"confidence_interval":{"confidence_level":0.95,"lower_bound":987.0016608788982,"upper_bound":989.033356538364},"point_estimate":987.9580678186961,"standard_error":0.5171883257540206},"std_dev":{"confidence_interval":{"confidence_level":0.95,"lower_bound":26.27574876264622,"upper_bound":132.04109163747427},"point_estimate":83.22501761521852,"standard_error":30.258365246801084}}