{"mean":{"confidence_interval":{"confidence_level":0.95,"lower_bound":1133.3612445554338,"upper_bound":1174.9523670108906},"point_estimate":1151.0133362697152,"standard_error":10.7705744255042},"median":{"confidence_interval":{"confidence_level":0.95,"lower_bound":1122.5742380462577,"upper_bound":1143.2368946603983},"point_estimate":1133.2535918209878,"standard_error":6.32569785985255},"median_abs_dev":{"confidence_interval":{"confidence_level":0.95,"lower_bound":34.01718868002479,"upper_bound":63.512109987288284},"point_estimate":43.93961429707641,"standard_error":7.588290409380734},"slope":{"confidence_interval":{"confidence_level":0.95,"lower_bound":1111.8465571367444,"upper_bound":1130.3363271730636},"point_estimate":1121.139436648806,"standard_error":4.712129960265871},"std_dev":{"confidence_interval":{"confidence_level":0.95,"lower_bound":47.402528351658034,"upper_bound":168.15936965281358},"point_estimate":108.07769765889581,"standard_error":36.97512636975336}}