{"mean":{"confidence_interval":{"confidence_level":0.95,"lower_bound":1227.3824386318252,"upper_bound":1288.3801489932519},"point_estimate":1253.2917209376099,"standard_error":15.725220206959266},"median":{"confidence_interval":{"confidence_level":0.95,"lower_bound":1205.0430076054736,"upper_bound":1243.0582662695647},"point_estimate":1222.4333261084964,"standard_error":9.18983882824869},"median_abs_dev":{"confidence_interval":{"confidence_level":0.95,"lower_bound":50.568911603462915,"upper_bound":83.78287295849235},"point_estimate":68.46272434622308,"standard_error":8.410633081860574},"slope":{"confidence_interval":{"confidence_level":0.95,"lower_bound":1203.7683170366738,"upper_bound":1232.2901423454214},"point_estimate":1217.5637342263244,"standard_error":7.26455439631068},"std_dev":{"confidence_interval":{"confidence_level":0.95,"lower_bound":67.93406274179567,"upper_bound":247.26491644407696},"point_estimate":158.78695124396253,"standard_error":54.315734932377964}}