{"mean":{"confidence_interval":{"confidence_level":0.95,"lower_bound":899.7330204984814,"upper_bound":922.7325151743144},"point_estimate":909.2790916333196,"standard_error":5.968890272329067},"median":{"confidence_interval":{"confidence_level":0.95,"lower_bound":892.1966869763899,"upper_bound":896.4585365853659},"point_estimate":893.5834161643022,"standard_error":1.270274233826169},"median_abs_dev":{"confidence_interval":{"confidence_level":0.95,"lower_bound":4.9253774571114,"upper_bound":10.376300878762153},"point_estimate":6.875259029668857,"standard_error":1.476719246561177},"slope":{"confidence_interval":{"confidence_level":0.95,"lower_bound":890.3761627945763,"upper_bound":891.9795002476029},"point_estimate":891.1326827688828,"standard_error":0.40819899096189904},"std_dev":{"confidence_interval":{"confidence_level":0.95,"lower_bound":18.94611740610657,"upper_bound":95.39318866224689},"point_estimate":60.08925550296277,"standard_error":21.98451727332947}}