{"mean":{"confidence_interval":{"confidence_level":0.95,"lower_bound":897.1842790301986,"upper_bound":920.1300859061613},"point_estimate":906.6997098995153,"standard_error":5.940811266802469},"median":{"confidence_interval":{"confidence_level":0.95,"lower_bound":890.2305631957208,"upper_bound":894.3134835128958},"point_estimate":891.7866596348476,"standard_error":0.9940537472842937},"median_abs_dev":{"confidence_interval":{"confidence_level":0.95,"lower_bound":5.13437779394468,"upper_bound":10.013940272977196},"point_estimate":7.378600730091923,"standard_error":1.2492790557342222},"slope":{"confidence_interval":{"confidence_level":0.95,"lower_bound":888.151896646627,"upper_bound":889.6821948147298},"point_estimate":888.8756247775581,"standard_error":0.3894039884275388},"std_dev":{"confidence_interval":{"confidence_level":0.95,"lower_bound":18.427371126617036,"upper_bound":94.99620298018516},"point_estimate":59.62292912759287,"standard_error":21.641375381094484}}