{"mean":{"confidence_interval":{"confidence_level":0.95,"lower_bound":1066.7946953791384,"upper_bound":1096.1581558045486},"point_estimate":1078.9267069370703,"standard_error":7.665050238419784},"median":{"confidence_interval":{"confidence_level":0.95,"lower_bound":1061.4055606993084,"upper_bound":1065.7192728760474},"point_estimate":1063.738512995362,"standard_error":1.2600925224437776},"median_abs_dev":{"confidence_interval":{"confidence_level":0.95,"lower_bound":7.6123002721746245,"upper_bound":14.554448341818581},"point_estimate":11.354769978066608,"standard_error":1.684902740515889},"slope":{"confidence_interval":{"confidence_level":0.95,"lower_bound":1056.2718140335744,"upper_bound":1060.8368819234527},"point_estimate":1058.5001694301695,"standard_error":1.1657796749353113},"std_dev":{"confidence_interval":{"confidence_level":0.95,"lower_bound":22.27959757711662,"upper_bound":124.05793074912161},"point_estimate":77.45005822972664,"standard_error":29.489242283340175}}