{"mean":{"confidence_interval":{"confidence_level":0.95,"lower_bound":19387.26436962391,"upper_bound":21015.675161073403},"point_estimate":20212.49180008816,"standard_error":415.7090669621319},"median":{"confidence_interval":{"confidence_level":0.95,"lower_bound":19388.6375,"upper_bound":22045.466666666667},"point_estimate":20711.881778846153,"standard_error":604.1696740086993},"median_abs_dev":{"confidence_interval":{"confidence_level":0.95,"lower_bound":3829.3817073197624,"upper_bound":5984.39278813079},"point_estimate":5080.323709314094,"standard_error":549.0572647155429},"slope":{"confidence_interval":{"confidence_level":0.95,"lower_bound":23079.98963671679,"upper_bound":24107.584177570563},"point_estimate":23644.037584232305,"standard_error":262.05841333875736},"std_dev":{"confidence_interval":{"confidence_level":0.95,"lower_bound":3727.5556020538493,"upper_bound":4547.250046921027},"point_estimate":4174.150412093383,"standard_error":209.17775218029118}}