{"mean":{"confidence_interval":{"confidence_level":0.95,"lower_bound":38673.90861935365,"upper_bound":40439.474496483956},"point_estimate":39500.47379872091,"standard_error":450.1036156137259},"median":{"confidence_interval":{"confidence_level":0.95,"lower_bound":38197.693452380954,"upper_bound":39544.53413607669},"point_estimate":38642.10636684303,"standard_error":385.39452507919856},"median_abs_dev":{"confidence_interval":{"confidence_level":0.95,"lower_bound":2214.7738147648724,"upper_bound":4337.701474525775},"point_estimate":3108.2928984940527,"standard_error":582.2768403005405},"slope":{"confidence_interval":{"confidence_level":0.95,"lower_bound":41000.392909746035,"upper_bound":42272.53335334467},"point_estimate":41681.13298993012,"standard_error":324.7593066790515},"std_dev":{"confidence_interval":{"confidence_level":0.95,"lower_bound":3030.4932128539904,"upper_bound":6296.09026255003},"point_estimate":4527.758014249327,"standard_error":935.2146252794176}}