{"mean":{"confidence_interval":{"confidence_level":0.95,"lower_bound":353514.00549325213,"upper_bound":378063.2033127814},"point_estimate":364758.2683289875,"standard_error":6252.558467287299},"median":{"confidence_interval":{"confidence_level":0.95,"lower_bound":349185.2033449246,"upper_bound":363729.9649122807},"point_estimate":356426.70064874884,"standard_error":4059.6801938734816},"median_abs_dev":{"confidence_interval":{"confidence_level":0.95,"lower_bound":20707.152381322812,"upper_bound":43758.2939327646},"point_estimate":29351.713015713354,"standard_error":5884.177259706302},"slope":{"confidence_interval":{"confidence_level":0.95,"lower_bound":367871.090024353,"upper_bound":382583.7667675932},"point_estimate":375232.38107383874,"standard_error":3748.8500602039617},"std_dev":{"confidence_interval":{"confidence_level":0.95,"lower_bound":38479.73498881234,"upper_bound":89494.28247157691},"point_estimate":62988.03657489546,"standard_error":14491.99899761068}}