{"mean":{"confidence_interval":{"confidence_level":0.95,"lower_bound":36693.096104042976,"upper_bound":37513.70382060304},"point_estimate":37118.92828698046,"standard_error":209.71825689810396},"median":{"confidence_interval":{"confidence_level":0.95,"lower_bound":37662.71286031042,"upper_bound":38204.026645768026},"point_estimate":37920.783164983164,"standard_error":132.8862522475998},"median_abs_dev":{"confidence_interval":{"confidence_level":0.95,"lower_bound":731.5688775280695,"upper_bound":1551.6120044644765},"point_estimate":1213.3030888636017,"standard_error":213.65117702702145},"slope":{"confidence_interval":{"confidence_level":0.95,"lower_bound":38350.843183800964,"upper_bound":38614.03088759023},"point_estimate":38494.41911294115,"standard_error":66.91997314385318},"std_dev":{"confidence_interval":{"confidence_level":0.95,"lower_bound":1672.1815998434115,"upper_bound":2484.945479110917},"point_estimate":2114.1628680995723,"standard_error":207.18318662201565}}