{"mean":{"confidence_interval":{"confidence_level":0.95,"lower_bound":39337.51761277326,"upper_bound":42320.696049918},"point_estimate":40838.70287120899,"standard_error":761.0810685000338},"median":{"confidence_interval":{"confidence_level":0.95,"lower_bound":40179.56768790849,"upper_bound":43791.84257936508},"point_estimate":42363.91604262673,"standard_error":965.6952297811794},"median_abs_dev":{"confidence_interval":{"confidence_level":0.95,"lower_bound":6181.148069377667,"upper_bound":9896.260842612633},"point_estimate":8079.908428079879,"standard_error":931.831589366339},"slope":{"confidence_interval":{"confidence_level":0.95,"lower_bound":45474.20953403491,"upper_bound":47326.061264494965},"point_estimate":46423.60317459731,"standard_error":469.83306209599704},"std_dev":{"confidence_interval":{"confidence_level":0.95,"lower_bound":6623.885197727004,"upper_bound":8607.738597445263},"point_estimate":7655.241036191131,"standard_error":505.4152820096935}}