{"mean":{"confidence_interval":{"confidence_level":0.95,"lower_bound":19179.116116658624,"upper_bound":19278.511955437534},"point_estimate":19225.75382739734,"standard_error":25.402200370771677},"median":{"confidence_interval":{"confidence_level":0.95,"lower_bound":19172.35195834867,"upper_bound":19270.865627506013},"point_estimate":19208.280048076922,"standard_error":27.85430807460662},"median_abs_dev":{"confidence_interval":{"confidence_level":0.95,"lower_bound":140.1842628394357,"upper_bound":227.60171535648772},"point_estimate":182.0544362743776,"standard_error":21.341036055143604},"slope":{"confidence_interval":{"confidence_level":0.95,"lower_bound":19096.174640562007,"upper_bound":19193.51938227258},"point_estimate":19145.057512589377,"standard_error":24.91713973363543},"std_dev":{"confidence_interval":{"confidence_level":0.95,"lower_bound":169.38189267696288,"upper_bound":350.61680267647273},"point_estimate":253.97286082398918,"standard_error":50.598154635100926}}