{"mean":{"confidence_interval":{"confidence_level":0.95,"lower_bound":15407.426897894344,"upper_bound":15500.336363544355},"point_estimate":15449.197227729215,"standard_error":23.823703788175784},"median":{"confidence_interval":{"confidence_level":0.95,"lower_bound":15372.758333333333,"upper_bound":15431.594471402692},"point_estimate":15395.366592494784,"standard_error":16.795764110573597},"median_abs_dev":{"confidence_interval":{"confidence_level":0.95,"lower_bound":95.76271448627894,"upper_bound":151.92471644342191},"point_estimate":122.15981682781158,"standard_error":14.248550107662332},"slope":{"confidence_interval":{"confidence_level":0.95,"lower_bound":15333.116484159658,"upper_bound":15377.918644970781},"point_estimate":15354.311788227797,"standard_error":11.454532628768371},"std_dev":{"confidence_interval":{"confidence_level":0.95,"lower_bound":130.43677116003676,"upper_bound":348.418098739274},"point_estimate":240.13351444716974,"standard_error":59.78617629135851}}