{"mean":{"confidence_interval":{"confidence_level":0.95,"lower_bound":15930.037608308767,"upper_bound":16375.942159325019},"point_estimate":16148.847646218526,"standard_error":113.27121259016984},"median":{"confidence_interval":{"confidence_level":0.95,"lower_bound":15784.142222222223,"upper_bound":16387.083333333336},"point_estimate":16134.636574074073,"standard_error":176.38628328687497},"median_abs_dev":{"confidence_interval":{"confidence_level":0.95,"lower_bound":897.0476571511425,"upper_bound":1442.0700412632184},"point_estimate":1167.5009272454542,"standard_error":138.0168274643743},"slope":{"confidence_interval":{"confidence_level":0.95,"lower_bound":15461.410370236616,"upper_bound":15878.69127041509},"point_estimate":15661.23208122518,"standard_error":106.80513039924135},"std_dev":{"confidence_interval":{"confidence_level":0.95,"lower_bound":956.0978582757999,"upper_bound":1316.2980828804407},"point_estimate":1138.0041483495152,"standard_error":92.481517675925}}