{"mean":{"confidence_interval":{"confidence_level":0.95,"lower_bound":17086.216539055284,"upper_bound":17514.218700149988},"point_estimate":17292.135394656667,"standard_error":109.12880611942896},"median":{"confidence_interval":{"confidence_level":0.95,"lower_bound":16781.20594155844,"upper_bound":17189.591760299627},"point_estimate":16968.984713203463,"standard_error":105.87721711343627},"median_abs_dev":{"confidence_interval":{"confidence_level":0.95,"lower_bound":650.6610569454378,"upper_bound":1161.630031925175},"point_estimate":968.4576410494738,"standard_error":132.78177298476018},"slope":{"confidence_interval":{"confidence_level":0.95,"lower_bound":16841.441586862446,"upper_bound":17237.79058877505},"point_estimate":17030.62192985567,"standard_error":101.12894692972709},"std_dev":{"confidence_interval":{"confidence_level":0.95,"lower_bound":860.2709568617826,"upper_bound":1327.271623470561},"point_estimate":1101.8554406805424,"standard_error":119.80780900220628}}