{"mean":{"confidence_interval":{"confidence_level":0.95,"lower_bound":18045.24417011297,"upper_bound":18457.08062114995},"point_estimate":18242.469917295075,"standard_error":105.3901425062992},"median":{"confidence_interval":{"confidence_level":0.95,"lower_bound":17841.475212585035,"upper_bound":18233.715805471125},"point_estimate":17981.732345779223,"standard_error":97.3691907801578},"median_abs_dev":{"confidence_interval":{"confidence_level":0.95,"lower_bound":569.3023668957588,"upper_bound":902.8731583457974},"point_estimate":754.6301491026356,"standard_error":86.00323337599893},"slope":{"confidence_interval":{"confidence_level":0.95,"lower_bound":18191.374267626747,"upper_bound":18880.809556380686},"point_estimate":18518.961599147122,"standard_error":176.5336306304258},"std_dev":{"confidence_interval":{"confidence_level":0.95,"lower_bound":784.2873055056673,"upper_bound":1322.84310916026},"point_estimate":1064.6737184355998,"standard_error":138.04543222467672}}