{"mean":{"confidence_interval":{"confidence_level":0.95,"lower_bound":20893.313360234704,"upper_bound":24559.059304437174},"point_estimate":22208.178419692027,"standard_error":1084.1446766342322},"median":{"confidence_interval":{"confidence_level":0.95,"lower_bound":21387.978966346152,"upper_bound":21743.89814814815},"point_estimate":21595.557264957264,"standard_error":77.6193115595113},"median_abs_dev":{"confidence_interval":{"confidence_level":0.95,"lower_bound":565.3485887434767,"upper_bound":1494.5211491847895},"point_estimate":890.9704375086945,"standard_error":234.28934806378967},"slope":{"confidence_interval":{"confidence_level":0.95,"lower_bound":19703.37262159941,"upper_bound":20548.81633475147},"point_estimate":20105.60928254766,"standard_error":215.96082491287078},"std_dev":{"confidence_interval":{"confidence_level":0.95,"lower_bound":1443.5887508747478,"upper_bound":18503.511933025286},"point_estimate":10847.404184490217,"standard_error":6084.138103569247}}