{"mean":{"confidence_interval":{"confidence_level":0.95,"lower_bound":17113.32560906273,"upper_bound":17494.11506503133},"point_estimate":17296.323736972863,"standard_error":97.36351780831467},"median":{"confidence_interval":{"confidence_level":0.95,"lower_bound":16862.141009852217,"upper_bound":17181.402025177886},"point_estimate":17000.779881174276,"standard_error":71.65163656405382},"median_abs_dev":{"confidence_interval":{"confidence_level":0.95,"lower_bound":512.6720472560125,"upper_bound":930.6714738911182},"point_estimate":761.0633144296033,"standard_error":113.41537055134914},"slope":{"confidence_interval":{"confidence_level":0.95,"lower_bound":17108.920780685887,"upper_bound":17581.984594719084},"point_estimate":17334.08639447012,"standard_error":120.68332765680574},"std_dev":{"confidence_interval":{"confidence_level":0.95,"lower_bound":767.8623397912233,"upper_bound":1190.6998442088347},"point_estimate":980.3903399924552,"standard_error":108.22130466092143}}