{"mean":{"confidence_interval":{"confidence_level":0.95,"lower_bound":19522.782343984698,"upper_bound":19906.45931668891},"point_estimate":19707.235239554462,"standard_error":97.76343402891324},"median":{"confidence_interval":{"confidence_level":0.95,"lower_bound":19357.580867850098,"upper_bound":19672.48987854251},"point_estimate":19502.44712354708,"standard_error":70.89121194740358},"median_abs_dev":{"confidence_interval":{"confidence_level":0.95,"lower_bound":518.1089657224609,"upper_bound":841.9190162969788},"point_estimate":639.4806643138905,"standard_error":82.57010874113257},"slope":{"confidence_interval":{"confidence_level":0.95,"lower_bound":19364.53580960915,"upper_bound":19753.432694731324},"point_estimate":19553.320368473702,"standard_error":99.14139993711382},"std_dev":{"confidence_interval":{"confidence_level":0.95,"lower_bound":770.2233683522212,"upper_bound":1192.2529960510433},"point_estimate":985.2601098716206,"standard_error":107.7310938256012}}