{"mean":{"confidence_interval":{"confidence_level":0.95,"lower_bound":18195.431282637423,"upper_bound":18304.952689847847},"point_estimate":18245.753691054844,"standard_error":27.9272841497372},"median":{"confidence_interval":{"confidence_level":0.95,"lower_bound":18179.025974025975,"upper_bound":18272.78245017015},"point_estimate":18235.69050949051,"standard_error":23.9838135027918},"median_abs_dev":{"confidence_interval":{"confidence_level":0.95,"lower_bound":151.65063904679565,"upper_bound":242.25257943121565},"point_estimate":203.65073218867363,"standard_error":23.446458622024135},"slope":{"confidence_interval":{"confidence_level":0.95,"lower_bound":18184.365347711184,"upper_bound":18292.280216902585},"point_estimate":18236.34936948023,"standard_error":27.550970897811876},"std_dev":{"confidence_interval":{"confidence_level":0.95,"lower_bound":176.68342718834577,"upper_bound":391.6751748491197},"point_estimate":279.3781099678786,"standard_error":58.650688771559274}}