{"mean":{"confidence_interval":{"confidence_level":0.95,"lower_bound":1585763.9416837976,"upper_bound":1638873.083732948},"point_estimate":1611071.565027404,"standard_error":13611.606883581959},"median":{"confidence_interval":{"confidence_level":0.95,"lower_bound":1538464.3870967743,"upper_bound":1592550.857142857},"point_estimate":1561067.7314338235,"standard_error":13680.7311713115},"median_abs_dev":{"confidence_interval":{"confidence_level":0.95,"lower_bound":49773.34264561472,"upper_bound":109604.2566848348},"point_estimate":79091.68611962856,"standard_error":14614.7566921823},"slope":{"confidence_interval":{"confidence_level":0.95,"lower_bound":1587528.5494601505,"upper_bound":1653337.638831113},"point_estimate":1618978.8434638688,"standard_error":16809.816850439016},"std_dev":{"confidence_interval":{"confidence_level":0.95,"lower_bound":104537.18862785936,"upper_bound":167690.6676115},"point_estimate":136217.54380847,"standard_error":16254.563535990857}}