{"mean":{"confidence_interval":{"confidence_level":0.95,"lower_bound":1550226.547180906,"upper_bound":1556735.2268314662},"point_estimate":1553103.4673172578,"standard_error":1668.5280356710718},"median":{"confidence_interval":{"confidence_level":0.95,"lower_bound":1547756.8055555555,"upper_bound":1551593.064516129},"point_estimate":1549862.0933014355,"standard_error":1134.834792921439},"median_abs_dev":{"confidence_interval":{"confidence_level":0.95,"lower_bound":6550.201486721344,"upper_bound":11172.071744733446},"point_estimate":9241.281441958743,"standard_error":1228.0193884027456},"slope":{"confidence_interval":{"confidence_level":0.95,"lower_bound":1545604.9406933025,"upper_bound":1549503.1994523644},"point_estimate":1547386.9996630708,"standard_error":994.110542516029},"std_dev":{"confidence_interval":{"confidence_level":0.95,"lower_bound":9127.080777423285,"upper_bound":24814.517933211173},"point_estimate":16745.073228795292,"standard_error":4638.253009040674}}