{"mean":{"confidence_interval":{"confidence_level":0.95,"lower_bound":1908608.7143645831,"upper_bound":1965723.11471875},"point_estimate":1936029.8679166667,"standard_error":14529.980710443651},"median":{"confidence_interval":{"confidence_level":0.95,"lower_bound":1873769.625,"upper_bound":1922638.3958333335},"point_estimate":1896409.2916666665,"standard_error":12365.644285337792},"median_abs_dev":{"confidence_interval":{"confidence_level":0.95,"lower_bound":67316.21630489838,"upper_bound":114765.56207500398},"point_estimate":88279.40774522745,"standard_error":11816.437271896588},"slope":null,"std_dev":{"confidence_interval":{"confidence_level":0.95,"lower_bound":112745.5051265342,"upper_bound":174331.02915877342},"point_estimate":145811.38265889513,"standard_error":15749.192001693425}}