{"mean":{"confidence_interval":{"confidence_level":0.95,"lower_bound":1771860.5593600005,"upper_bound":1780972.9821000006},"point_estimate":1776484.8764,"standard_error":2323.7327592540773},"median":{"confidence_interval":{"confidence_level":0.95,"lower_bound":1773723.36,"upper_bound":1785083.52},"point_estimate":1779925.44,"standard_error":2506.612736582693},"median_abs_dev":{"confidence_interval":{"confidence_level":0.95,"lower_bound":15644.839702248642,"upper_bound":26512.3568133117},"point_estimate":21225.28669917585,"standard_error":2843.788123685298},"slope":null,"std_dev":{"confidence_interval":{"confidence_level":0.95,"lower_bound":19594.652960483683,"upper_bound":26906.52609953433},"point_estimate":23354.962729531668,"standard_error":1864.2276076135518}}