{"mean":{"confidence_interval":{"confidence_level":0.95,"lower_bound":1386826.849091099,"upper_bound":1395800.9565056446},"point_estimate":1390908.1802249937,"standard_error":2297.230838723629},"median":{"confidence_interval":{"confidence_level":0.95,"lower_bound":1382256.0588235294,"upper_bound":1387326.1939182454},"point_estimate":1383885.9102153294,"standard_error":1276.7264349763134},"median_abs_dev":{"confidence_interval":{"confidence_level":0.95,"lower_bound":7014.737886738275,"upper_bound":12307.03975741541},"point_estimate":9685.256718754368,"standard_error":1359.6956930444971},"slope":{"confidence_interval":{"confidence_level":0.95,"lower_bound":1386576.652926491,"upper_bound":1392555.023252221},"point_estimate":1389402.3411083198,"standard_error":1524.4106803478642},"std_dev":{"confidence_interval":{"confidence_level":0.95,"lower_bound":13114.185515975614,"upper_bound":32545.196019474966},"point_estimate":23094.48319213855,"standard_error":5086.396276609465}}