{"mean":{"confidence_interval":{"confidence_level":0.95,"lower_bound":1758567.4492399993,"upper_bound":1769247.6579799992},"point_estimate":1763657.2439999997,"standard_error":2729.3753249931196},"median":{"confidence_interval":{"confidence_level":0.95,"lower_bound":1753875.52,"upper_bound":1762630.0},"point_estimate":1759251.8,"standard_error":2468.2990156127307},"median_abs_dev":{"confidence_interval":{"confidence_level":0.95,"lower_bound":18323.03646410106,"upper_bound":27643.195117235293},"point_estimate":22713.075772762313,"standard_error":2413.384776912531},"slope":null,"std_dev":{"confidence_interval":{"confidence_level":0.95,"lower_bound":20151.718323172885,"upper_bound":35821.789803266925},"point_estimate":27380.405454776006,"standard_error":4329.750239326081}}