{"mean":{"confidence_interval":{"confidence_level":0.95,"lower_bound":1530857.4408287364,"upper_bound":1537905.5198039978},"point_estimate":1533930.7012276798,"standard_error":1797.674375198099},"median":{"confidence_interval":{"confidence_level":0.95,"lower_bound":1528251.6956521738,"upper_bound":1531637.4594594594},"point_estimate":1529955.0157467532,"standard_error":887.9900201497546},"median_abs_dev":{"confidence_interval":{"confidence_level":0.95,"lower_bound":4772.991823552277,"upper_bound":8095.990915516394},"point_estimate":6415.043019893527,"standard_error":857.733390024852},"slope":{"confidence_interval":{"confidence_level":0.95,"lower_bound":1526910.6815424263,"upper_bound":1530745.1953282903},"point_estimate":1528552.9959923157,"standard_error":982.8239246248177},"std_dev":{"confidence_interval":{"confidence_level":0.95,"lower_bound":7784.449325056231,"upper_bound":27278.81260654252},"point_estimate":18096.031588871178,"standard_error":5127.634442704335}}