{"mean":{"confidence_interval":{"confidence_level":0.95,"lower_bound":1896407.3169566921,"upper_bound":1922456.609334463},"point_estimate":1907918.5788135908,"standard_error":6669.768560863135},"median":{"confidence_interval":{"confidence_level":0.95,"lower_bound":1885265.2746753246,"upper_bound":1904378.5670103093},"point_estimate":1894461.4287037037,"standard_error":4509.116418993439},"median_abs_dev":{"confidence_interval":{"confidence_level":0.95,"lower_bound":24530.788604718713,"upper_bound":40763.07401239507},"point_estimate":35508.57018698825,"standard_error":4178.560541568131},"slope":{"confidence_interval":{"confidence_level":0.95,"lower_bound":1892569.1671621157,"upper_bound":1905087.8221346457},"point_estimate":1898787.7161903353,"standard_error":3199.37307410582},"std_dev":{"confidence_interval":{"confidence_level":0.95,"lower_bound":34535.27158093753,"upper_bound":100692.0038948752},"point_estimate":67415.63245696166,"standard_error":19293.18279119022}}