{"mean":{"confidence_interval":{"confidence_level":0.95,"lower_bound":3974173.5578750004,"upper_bound":4072908.357479168},"point_estimate":4022332.6283333316,"standard_error":25229.82507388943},"median":{"confidence_interval":{"confidence_level":0.95,"lower_bound":3932091.1666666665,"upper_bound":4043434.708333333},"point_estimate":3986165.041666667,"standard_error":27598.79838905896},"median_abs_dev":{"confidence_interval":{"confidence_level":0.95,"lower_bound":179058.66437107336,"upper_bound":280502.16994509136},"point_estimate":239067.57783070207,"standard_error":26260.876409427434},"slope":null,"std_dev":{"confidence_interval":{"confidence_level":0.95,"lower_bound":205935.2097262314,"upper_bound":300346.4345818426},"point_estimate":254007.63994533475,"standard_error":24253.987251591065}}