{"mean":{"confidence_interval":{"confidence_level":0.95,"lower_bound":3763964.69953846,"upper_bound":3779321.6043461533},"point_estimate":3771624.5561538464,"standard_error":3909.358895493829},"median":{"confidence_interval":{"confidence_level":0.95,"lower_bound":3755726.153846154,"upper_bound":3784049.846153846},"point_estimate":3771549.1153846155,"standard_error":7519.483953807503},"median_abs_dev":{"confidence_interval":{"confidence_level":0.95,"lower_bound":33628.16153374952,"upper_bound":52433.34555373785},"point_estimate":41176.24906897579,"standard_error":4990.952922979231},"slope":null,"std_dev":{"confidence_interval":{"confidence_level":0.95,"lower_bound":34260.46558576959,"upper_bound":44097.043871231996},"point_estimate":39361.88524494481,"standard_error":2508.2540560199427}}