{"mean":{"confidence_interval":{"confidence_level":0.95,"lower_bound":3707754.792865384,"upper_bound":3714743.44225},"point_estimate":3711200.522307692,"standard_error":1782.657545643783},"median":{"confidence_interval":{"confidence_level":0.95,"lower_bound":3704339.923076923,"upper_bound":3713373.846153846},"point_estimate":3708680.846153846,"standard_error":2242.334965346098},"median_abs_dev":{"confidence_interval":{"confidence_level":0.95,"lower_bound":13390.362542850411,"upper_bound":20061.174289996914},"point_estimate":17026.46321310404,"standard_error":1745.9997328825154},"slope":null,"std_dev":{"confidence_interval":{"confidence_level":0.95,"lower_bound":15151.454960710043,"upper_bound":20327.48661177807},"point_estimate":17869.081083539313,"standard_error":1317.9341253452355}}