{"mean":{"confidence_interval":{"confidence_level":0.95,"lower_bound":4529544.966659092,"upper_bound":4588203.594568181},"point_estimate":4557232.493636365,"standard_error":15010.95656962165},"median":{"confidence_interval":{"confidence_level":0.95,"lower_bound":4507427.545454545,"upper_bound":4543213.409090908},"point_estimate":4523881.7727272725,"standard_error":9833.332968208697},"median_abs_dev":{"confidence_interval":{"confidence_level":0.95,"lower_bound":64991.31983708176,"upper_bound":108067.16865483312},"point_estimate":84635.29775196893,"standard_error":11071.213418029964},"slope":null,"std_dev":{"confidence_interval":{"confidence_level":0.95,"lower_bound":102885.65949562805,"upper_bound":191101.11695401632},"point_estimate":150893.8451750143,"standard_error":22481.220420353075}}