{"mean":{"confidence_interval":{"confidence_level":0.95,"lower_bound":3815805.456982144,"upper_bound":3834923.796803573},"point_estimate":3825111.4500000007,"standard_error":4869.397164036023},"median":{"confidence_interval":{"confidence_level":0.95,"lower_bound":3799764.8928571427,"upper_bound":3818486.285714286},"point_estimate":3809404.214285714,"standard_error":4889.551259298237},"median_abs_dev":{"confidence_interval":{"confidence_level":0.95,"lower_bound":24855.259058730746,"upper_bound":46962.20930875409},"point_estimate":34730.275033414364,"standard_error":5726.486886691905},"slope":null,"std_dev":{"confidence_interval":{"confidence_level":0.95,"lower_bound":39133.52098508445,"upper_bound":58281.69848255526},"point_estimate":49055.3582069046,"standard_error":4893.480978110784}}