{"mean":{"confidence_interval":{"confidence_level":0.95,"lower_bound":3602916.3306250004,"upper_bound":3613168.882642858},"point_estimate":3607937.8928571404,"standard_error":2619.761342041613},"median":{"confidence_interval":{"confidence_level":0.95,"lower_bound":3599478.6428571427,"upper_bound":3614412.5},"point_estimate":3604885.9285714286,"standard_error":4101.817433823529},"median_abs_dev":{"confidence_interval":{"confidence_level":0.95,"lower_bound":18650.737018882883,"upper_bound":30214.898999828478},"point_estimate":23481.259533124114,"standard_error":2998.2159222740247},"slope":null,"std_dev":{"confidence_interval":{"confidence_level":0.95,"lower_bound":21889.398224066706,"upper_bound":30203.372318742047},"point_estimate":26186.19488433271,"standard_error":2123.2932527973385}}