{"mean":{"confidence_interval":{"confidence_level":0.95,"lower_bound":3830093.3944285717,"upper_bound":3837602.252875},"point_estimate":3833784.346428571,"standard_error":1915.0250931710762},"median":{"confidence_interval":{"confidence_level":0.95,"lower_bound":3826525.785714286,"upper_bound":3836998.9285714286},"point_estimate":3830988.0714285714,"standard_error":2211.169041274579},"median_abs_dev":{"confidence_interval":{"confidence_level":0.95,"lower_bound":13724.957456332804,"upper_bound":21577.54821692145},"point_estimate":16340.687409894956,"standard_error":1939.2041752499558},"slope":null,"std_dev":{"confidence_interval":{"confidence_level":0.95,"lower_bound":16169.63325845453,"upper_bound":22024.743281336952},"point_estimate":19276.79277122016,"standard_error":1493.4282125957286}}