{"mean":{"confidence_interval":{"confidence_level":0.95,"lower_bound":3619249.7233392852,"upper_bound":3643113.5584107153},"point_estimate":3630868.9242857145,"standard_error":6086.159204823648},"median":{"confidence_interval":{"confidence_level":0.95,"lower_bound":3597674.6071428573,"upper_bound":3630364.6071428573},"point_estimate":3608510.6071428573,"standard_error":7831.381320795956},"median_abs_dev":{"confidence_interval":{"confidence_level":0.95,"lower_bound":35624.70641753498,"upper_bound":71693.6633271831},"point_estimate":48370.5654412508,"standard_error":9636.046550123308},"slope":null,"std_dev":{"confidence_interval":{"confidence_level":0.95,"lower_bound":51507.81493054847,"upper_bound":70480.59886288113},"point_estimate":61222.53945768072,"standard_error":4854.539134251751}}