{"mean":{"confidence_interval":{"confidence_level":0.95,"lower_bound":3723348.390634616,"upper_bound":3737500.5636346163},"point_estimate":3730288.4992307695,"standard_error":3605.250931074268},"median":{"confidence_interval":{"confidence_level":0.95,"lower_bound":3713257.923076923,"upper_bound":3737076.5384615385},"point_estimate":3728811.769230769,"standard_error":6968.450172732316},"median_abs_dev":{"confidence_interval":{"confidence_level":0.95,"lower_bound":27941.421242402124,"upper_bound":45504.35755367431},"point_estimate":36523.394166964674,"standard_error":4525.517652839414},"slope":null,"std_dev":{"confidence_interval":{"confidence_level":0.95,"lower_bound":31041.157308124304,"upper_bound":40596.647218102364},"point_estimate":36222.30094563633,"standard_error":2443.7774507307836}}