{"mean":{"confidence_interval":{"confidence_level":0.95,"lower_bound":534498.4699893667,"upper_bound":539256.6716077549},"point_estimate":536544.6559959508,"standard_error":1229.3724870281458},"median":{"confidence_interval":{"confidence_level":0.95,"lower_bound":532932.9537037037,"upper_bound":534156.2400427914},"point_estimate":533542.9586373663,"standard_error":314.5865561913643},"median_abs_dev":{"confidence_interval":{"confidence_level":0.95,"lower_bound":1975.2153326190733,"upper_bound":3639.9149863837165},"point_estimate":2642.347838763115,"standard_error":431.9162643836446},"slope":{"confidence_interval":{"confidence_level":0.95,"lower_bound":532688.1308744098,"upper_bound":533624.6528788484},"point_estimate":533144.8075868184,"standard_error":238.83115789103232},"std_dev":{"confidence_interval":{"confidence_level":0.95,"lower_bound":4105.395102827708,"upper_bound":18733.15565021997},"point_estimate":12335.678283493196,"standard_error":3853.4217238901715}}