{"mean":{"confidence_interval":{"confidence_level":0.95,"lower_bound":640906.6048735123,"upper_bound":648544.3761499044},"point_estimate":644451.3231366358,"standard_error":1957.006100596276},"median":{"confidence_interval":{"confidence_level":0.95,"lower_bound":639636.128362973,"upper_bound":642402.5880271913},"point_estimate":641296.4381868131,"standard_error":698.2029744792568},"median_abs_dev":{"confidence_interval":{"confidence_level":0.95,"lower_bound":5084.70659594769,"upper_bound":8751.987045991946},"point_estimate":6560.451075714118,"standard_error":933.8248097329304},"slope":{"confidence_interval":{"confidence_level":0.95,"lower_bound":640764.0333443453,"upper_bound":649313.0463342879},"point_estimate":644657.8623939707,"standard_error":2182.4052293523346},"std_dev":{"confidence_interval":{"confidence_level":0.95,"lower_bound":12365.333612331351,"upper_bound":26236.598662513414},"point_estimate":19788.55252991223,"standard_error":3545.8941160226286}}