{"mean":{"confidence_interval":{"confidence_level":0.95,"lower_bound":577290.0487865072,"upper_bound":586891.9047750992},"point_estimate":582151.6944999862,"standard_error":2450.031197663782},"median":{"confidence_interval":{"confidence_level":0.95,"lower_bound":576696.46875,"upper_bound":590595.5542168674},"point_estimate":584452.7516666667,"standard_error":2975.221629214844},"median_abs_dev":{"confidence_interval":{"confidence_level":0.95,"lower_bound":19019.85615950743,"upper_bound":30502.81872359307},"point_estimate":24750.523960590363,"standard_error":2875.8284019066623},"slope":{"confidence_interval":{"confidence_level":0.95,"lower_bound":582326.1621447743,"upper_bound":593188.2568533695},"point_estimate":587664.6462863898,"standard_error":2771.1182918588756},"std_dev":{"confidence_interval":{"confidence_level":0.95,"lower_bound":20836.95770032443,"upper_bound":28091.535599169212},"point_estimate":24642.64033339144,"standard_error":1853.497201576914}}