{"mean":{"confidence_interval":{"confidence_level":0.95,"lower_bound":706006.523818532,"upper_bound":725922.7355933078},"point_estimate":714873.8767697307,"standard_error":5102.891153592493},"median":{"confidence_interval":{"confidence_level":0.95,"lower_bound":700901.1129032258,"upper_bound":714432.350515464},"point_estimate":707180.2013888889,"standard_error":3772.2002695482347},"median_abs_dev":{"confidence_interval":{"confidence_level":0.95,"lower_bound":22931.377806255015,"upper_bound":37895.44626646253},"point_estimate":31747.548814815033,"standard_error":3887.8247356325255},"slope":{"confidence_interval":{"confidence_level":0.95,"lower_bound":712169.8854707985,"upper_bound":726246.1958117989},"point_estimate":719111.6740150731,"standard_error":3592.4508399093415},"std_dev":{"confidence_interval":{"confidence_level":0.95,"lower_bound":28294.737150158056,"upper_bound":75739.93164394045},"point_estimate":51336.0109291414,"standard_error":13844.46028603664}}