{"mean":{"confidence_interval":{"confidence_level":0.95,"lower_bound":497321.19949092617,"upper_bound":501935.38758040295},"point_estimate":499316.22966592974,"standard_error":1188.235477575741},"median":{"confidence_interval":{"confidence_level":0.95,"lower_bound":496475.1285714286,"upper_bound":498984.0714285714},"point_estimate":497591.2485955056,"standard_error":736.9984936209862},"median_abs_dev":{"confidence_interval":{"confidence_level":0.95,"lower_bound":3334.5036870507975,"upper_bound":6029.234876080905},"point_estimate":4686.77402055603,"standard_error":674.1256990471801},"slope":{"confidence_interval":{"confidence_level":0.95,"lower_bound":497522.9454286949,"upper_bound":499422.0279611767},"point_estimate":498481.06816018914,"standard_error":485.5890796417523},"std_dev":{"confidence_interval":{"confidence_level":0.95,"lower_bound":4632.701421393947,"upper_bound":18445.941759444173},"point_estimate":11938.73870230019,"standard_error":3802.3475127634306}}