{"mean":{"confidence_interval":{"confidence_level":0.95,"lower_bound":87715814.13,"upper_bound":87857340.03375},"point_estimate":87786311.19,"standard_error":36154.86559575675},"median":{"confidence_interval":{"confidence_level":0.95,"lower_bound":87685499.0,"upper_bound":87884101.0},"point_estimate":87759950.0,"standard_error":62639.39744333559},"median_abs_dev":{"confidence_interval":{"confidence_level":0.95,"lower_bound":290753.4221380949,"upper_bound":469394.1168665886},"point_estimate":395121.788585186,"standard_error":45834.68495931659},"slope":null,"std_dev":{"confidence_interval":{"confidence_level":0.95,"lower_bound":318053.77742258686,"upper_bound":406759.60173102486},"point_estimate":364966.0271634174,"standard_error":22604.16964088794}}