{"mean":{"confidence_interval":{"confidence_level":0.95,"lower_bound":3903067.63075,"upper_bound":4094915.9699999997},"point_estimate":3993452.14,"standard_error":49021.6963771185},"median":{"confidence_interval":{"confidence_level":0.95,"lower_bound":3848350.0,"upper_bound":3966052.0},"point_estimate":3889650.5,"standard_error":31424.063789492346},"median_abs_dev":{"confidence_interval":{"confidence_level":0.95,"lower_bound":239294.6009516716,"upper_bound":381996.33101820946},"point_estimate":307124.2910474539,"standard_error":36660.466151954926},"slope":null,"std_dev":{"confidence_interval":{"confidence_level":0.95,"lower_bound":328338.75428851944,"upper_bound":647016.2272410727},"point_estimate":492737.9797369724,"standard_error":81922.57787966458}}