{"mean":{"confidence_interval":{"confidence_level":0.95,"lower_bound":3993114.15925,"upper_bound":4417954.6389999995},"point_estimate":4179049.74,"standard_error":109379.5997126368},"median":{"confidence_interval":{"confidence_level":0.95,"lower_bound":3854002.5,"upper_bound":4096048.0},"point_estimate":3994797.5,"standard_error":68740.85918685627},"median_abs_dev":{"confidence_interval":{"confidence_level":0.95,"lower_bound":336784.3706908822,"upper_bound":588149.7817182541},"point_estimate":403494.030636549,"standard_error":66530.09308097677},"slope":null,"std_dev":{"confidence_interval":{"confidence_level":0.95,"lower_bound":443040.01349599316,"upper_bound":1620020.2110636814},"point_estimate":1096240.2040976114,"standard_error":313110.4007837584}}