{"mean":{"confidence_interval":{"confidence_level":0.95,"lower_bound":3250458.50025,"upper_bound":3599585.02725},"point_estimate":3409453.6,"standard_error":89654.80992322943},"median":{"confidence_interval":{"confidence_level":0.95,"lower_bound":3056819.0,"upper_bound":3206620.0},"point_estimate":3109170.0,"standard_error":37135.815401547516},"median_abs_dev":{"confidence_interval":{"confidence_level":0.95,"lower_bound":223279.55603599548,"upper_bound":400674.86678659916},"point_estimate":293185.6273949146,"standard_error":45202.337085813284},"slope":null,"std_dev":{"confidence_interval":{"confidence_level":0.95,"lower_bound":543348.5179431454,"upper_bound":1241606.4206521432},"point_estimate":897561.1355538223,"standard_error":183195.47608201724}}