{"mean":{"confidence_interval":{"confidence_level":0.95,"lower_bound":3755433.8085000003,"upper_bound":3972503.1725},"point_estimate":3857090.54,"standard_error":55590.96209071205},"median":{"confidence_interval":{"confidence_level":0.95,"lower_bound":3641426.0,"upper_bound":3764127.0},"point_estimate":3704276.5,"standard_error":30595.35229669274},"median_abs_dev":{"confidence_interval":{"confidence_level":0.95,"lower_bound":166942.23963618279,"upper_bound":305195.42848169804},"point_estimate":244705.3495556116,"standard_error":38096.093458804826},"slope":null,"std_dev":{"confidence_interval":{"confidence_level":0.95,"lower_bound":364485.28759671055,"upper_bound":740997.0045607133},"point_estimate":558857.5576571668,"standard_error":97747.77546260851}}