{"mean":{"confidence_interval":{"confidence_level":0.95,"lower_bound":10510035.62325,"upper_bound":10995928.34525},"point_estimate":10708480.72,"standard_error":126956.76625821902},"median":{"confidence_interval":{"confidence_level":0.95,"lower_bound":10324824.0,"upper_bound":10574424.0},"point_estimate":10439124.5,"standard_error":64860.66697128194},"median_abs_dev":{"confidence_interval":{"confidence_level":0.95,"lower_bound":268203.8178384304,"upper_bound":512641.55809879303},"point_estimate":364774.44972395897,"standard_error":61416.31284410296},"slope":null,"std_dev":{"confidence_interval":{"confidence_level":0.95,"lower_bound":424906.20374565443,"upper_bound":2067632.1963013685},"point_estimate":1285979.3971334842,"standard_error":509588.9609487921}}