{"mean":{"confidence_interval":{"confidence_level":0.95,"lower_bound":4039259.71025,"upper_bound":4239062.7195},"point_estimate":4136970.2,"standard_error":50961.966163270255},"median":{"confidence_interval":{"confidence_level":0.95,"lower_bound":3970650.0,"upper_bound":4194153.0},"point_estimate":4098651.5,"standard_error":48726.649928110965},"median_abs_dev":{"confidence_interval":{"confidence_level":0.95,"lower_bound":332032.711905241,"upper_bound":528998.3423084021},"point_estimate":428550.711491704,"standard_error":51387.370028237594},"slope":null,"std_dev":{"confidence_interval":{"confidence_level":0.95,"lower_bound":410557.2178589912,"upper_bound":615189.5685898947},"point_estimate":513511.2713944372,"standard_error":52577.51612757473}}