{"mean":{"confidence_interval":{"confidence_level":0.95,"lower_bound":3451183.0807499997,"upper_bound":3543692.85225},"point_estimate":3495320.91,"standard_error":23643.835243282745},"median":{"confidence_interval":{"confidence_level":0.95,"lower_bound":3401107.0,"upper_bound":3470158.0},"point_estimate":3440608.0,"standard_error":16426.14127345004},"median_abs_dev":{"confidence_interval":{"confidence_level":0.95,"lower_bound":117869.66310739517,"upper_bound":216240.91266095638},"point_estimate":156787.91241645813,"standard_error":24767.56906530663},"slope":null,"std_dev":{"confidence_interval":{"confidence_level":0.95,"lower_bound":174951.7503167958,"upper_bound":295019.39450178976},"point_estimate":237708.06477652353,"standard_error":30793.543740997804}}