{"mean":{"confidence_interval":{"confidence_level":0.95,"lower_bound":3927530.8585,"upper_bound":4265698.539},"point_estimate":4075321.0,"standard_error":87369.93215703533},"median":{"confidence_interval":{"confidence_level":0.95,"lower_bound":3801269.0,"upper_bound":3933672.0},"point_estimate":3868470.5,"standard_error":35696.17895215724},"median_abs_dev":{"confidence_interval":{"confidence_level":0.95,"lower_bound":184365.01322686672,"upper_bound":311944.24209438264},"point_estimate":234774.89493191242,"standard_error":31810.57633355861},"slope":null,"std_dev":{"confidence_interval":{"confidence_level":0.95,"lower_bound":394251.9336813483,"upper_bound":1326288.653473078},"point_estimate":877643.9904836359,"standard_error":261442.97418932617}}