{"mean":{"confidence_interval":{"confidence_level":0.95,"lower_bound":35318545.735750005,"upper_bound":35340387.635625005},"point_estimate":35329359.95,"standard_error":5559.735239709309},"median":{"confidence_interval":{"confidence_level":0.95,"lower_bound":35312367.0,"upper_bound":35343765.5},"point_estimate":35329016.5,"standard_error":8560.858456406802},"median_abs_dev":{"confidence_interval":{"confidence_level":0.95,"lower_bound":42847.13923931122,"upper_bound":68279.43679779765},"point_estimate":54077.09273993969,"standard_error":6623.369121403322},"slope":null,"std_dev":{"confidence_interval":{"confidence_level":0.95,"lower_bound":47292.69096925649,"upper_bound":64010.261675943286},"point_estimate":55873.73852219816,"standard_error":4276.725299395701}}