{"mean":{"confidence_interval":{"confidence_level":0.95,"lower_bound":34895684.341375,"upper_bound":34939158.930625},"point_estimate":34917257.585,"standard_error":11079.070461611773},"median":{"confidence_interval":{"confidence_level":0.95,"lower_bound":34889795.75,"upper_bound":34949906.0},"point_estimate":34912671.5,"standard_error":13869.034629003083},"median_abs_dev":{"confidence_interval":{"confidence_level":0.95,"lower_bound":74163.19965709008,"upper_bound":129099.61660802364},"point_estimate":101502.13004797697,"standard_error":14422.285066087206},"slope":null,"std_dev":{"confidence_interval":{"confidence_level":0.95,"lower_bound":92599.35621309721,"upper_bound":129228.41744893556},"point_estimate":111581.80615966841,"standard_error":9365.195243810169}}