{"mean":{"confidence_interval":{"confidence_level":0.95,"lower_bound":40421122.580375,"upper_bound":40878006.500875},"point_estimate":40639705.73,"standard_error":116790.37779023896},"median":{"confidence_interval":{"confidence_level":0.95,"lower_bound":40150046.75,"upper_bound":40601013.0},"point_estimate":40330560.75,"standard_error":126220.69206353721},"median_abs_dev":{"confidence_interval":{"confidence_level":0.95,"lower_bound":592140.4219374061,"upper_bound":953894.7135862319},"point_estimate":764259.1593816876,"standard_error":92334.8646066078},"slope":null,"std_dev":{"confidence_interval":{"confidence_level":0.95,"lower_bound":909185.4757497483,"upper_bound":1404213.9625653983},"point_estimate":1173191.9982051759,"standard_error":126508.74434345213}}