{"mean":{"confidence_interval":{"confidence_level":0.95,"lower_bound":31653087.99975,"upper_bound":31710631.990999997},"point_estimate":31680894.84,"standard_error":14694.959097594845},"median":{"confidence_interval":{"confidence_level":0.95,"lower_bound":31632262.5,"upper_bound":31684441.0},"point_estimate":31663740.0,"standard_error":14623.815565947363},"median_abs_dev":{"confidence_interval":{"confidence_level":0.95,"lower_bound":88363.69973123074,"upper_bound":138768.76298636198},"point_estimate":117719.92051005363,"standard_error":12701.82254393303},"slope":null,"std_dev":{"confidence_interval":{"confidence_level":0.95,"lower_bound":115178.51989202193,"upper_bound":179013.5052321895},"point_estimate":147651.6249181125,"standard_error":16405.904296549434}}