{"mean":{"confidence_interval":{"confidence_level":0.95,"lower_bound":38751252.430625,"upper_bound":38848401.70025},"point_estimate":38800886.905,"standard_error":24854.808274162093},"median":{"confidence_interval":{"confidence_level":0.95,"lower_bound":38786015.5,"upper_bound":38898075.5},"point_estimate":38844603.5,"standard_error":28135.732745910715},"median_abs_dev":{"confidence_interval":{"confidence_level":0.95,"lower_bound":165068.52052319807,"upper_bound":278976.0185971856},"point_estimate":220147.93424159288,"standard_error":28497.148057799244},"slope":null,"std_dev":{"confidence_interval":{"confidence_level":0.95,"lower_bound":208594.76532786764,"upper_bound":286730.45755663415},"point_estimate":249845.064377347,"standard_error":20005.00938660585}}