{"mean":{"confidence_interval":{"confidence_level":0.95,"lower_bound":36968101.76375,"upper_bound":38074828.761125},"point_estimate":37508505.935,"standard_error":282918.89671883726},"median":{"confidence_interval":{"confidence_level":0.95,"lower_bound":36401542.5,"upper_bound":37831769.0},"point_estimate":37369499.5,"standard_error":408519.1650129992},"median_abs_dev":{"confidence_interval":{"confidence_level":0.95,"lower_bound":2091226.5366733074,"upper_bound":3519772.3979115486},"point_estimate":2805714.4442886114,"standard_error":366504.70392145665},"slope":null,"std_dev":{"confidence_interval":{"confidence_level":0.95,"lower_bound":2356946.7326425407,"upper_bound":3323625.6069267374},"point_estimate":2859567.668839814,"standard_error":247923.05254997587}}