{"mean":{"confidence_interval":{"confidence_level":0.95,"lower_bound":39423845.878875,"upper_bound":39719574.27325},"point_estimate":39573153.03,"standard_error":75507.93788584122},"median":{"confidence_interval":{"confidence_level":0.95,"lower_bound":39506921.0,"upper_bound":39833119.25},"point_estimate":39634830.25,"standard_error":79524.06036951768},"median_abs_dev":{"confidence_interval":{"confidence_level":0.95,"lower_bound":600198.7234443426,"upper_bound":998566.4700806511},"point_estimate":759997.0551073551,"standard_error":102373.68704668894},"slope":null,"std_dev":{"confidence_interval":{"confidence_level":0.95,"lower_bound":652750.6371610437,"upper_bound":859763.7906604222},"point_estimate":761272.6342882527,"standard_error":52884.92838715168}}