{"mean":{"confidence_interval":{"confidence_level":0.95,"lower_bound":34221107.6785,"upper_bound":35072601.319875},"point_estimate":34603459.835,"standard_error":218828.6485673002},"median":{"confidence_interval":{"confidence_level":0.95,"lower_bound":33753008.0,"upper_bound":34215708.5},"point_estimate":33969806.25,"standard_error":109444.40808114},"median_abs_dev":{"confidence_interval":{"confidence_level":0.95,"lower_bound":609199.5786182956,"upper_bound":1258585.3075106433},"point_estimate":844935.2075994015,"standard_error":166810.10071377628},"slope":null,"std_dev":{"confidence_interval":{"confidence_level":0.95,"lower_bound":1218054.993028577,"upper_bound":3196125.78127277},"point_estimate":2208307.9886026066,"standard_error":550259.025711656}}