{"mean":{"confidence_interval":{"confidence_level":0.95,"lower_bound":39615996.75,"upper_bound":40283496.945},"point_estimate":39943549.51,"standard_error":170393.19717742217},"median":{"confidence_interval":{"confidence_level":0.95,"lower_bound":39235766.0,"upper_bound":40115237.0},"point_estimate":39549687.0,"standard_error":234211.94954149058},"median_abs_dev":{"confidence_interval":{"confidence_level":0.95,"lower_bound":1157567.3575490713,"upper_bound":2156275.110140963},"point_estimate":1481168.5234040022,"standard_error":270870.4542531373},"slope":null,"std_dev":{"confidence_interval":{"confidence_level":0.95,"lower_bound":1429854.2076462691,"upper_bound":1973887.3302414916},"point_estimate":1711114.2745279178,"standard_error":139146.76395473644}}