{"mean":{"confidence_interval":{"confidence_level":0.95,"lower_bound":37332547.445,"upper_bound":38560031.683875},"point_estimate":37922633.03,"standard_error":311750.6292209149},"median":{"confidence_interval":{"confidence_level":0.95,"lower_bound":36484571.5,"upper_bound":37442677.5},"point_estimate":36810473.5,"standard_error":277678.6678738344},"median_abs_dev":{"confidence_interval":{"confidence_level":0.95,"lower_bound":1408237.206798792,"upper_bound":2651562.965275347},"point_estimate":1954041.5611088276,"standard_error":310004.7189737346},"slope":null,"std_dev":{"confidence_interval":{"confidence_level":0.95,"lower_bound":2437750.0695377477,"upper_bound":3731260.82094175},"point_estimate":3145108.2136332216,"standard_error":329900.34276741056}}