{"mean":{"confidence_interval":{"confidence_level":0.95,"lower_bound":34534679.270625,"upper_bound":35048477.290125005},"point_estimate":34790094.82,"standard_error":131044.98684839523},"median":{"confidence_interval":{"confidence_level":0.95,"lower_bound":34426162.75,"upper_bound":34966041.5},"point_estimate":34678764.5,"standard_error":124057.9194643739},"median_abs_dev":{"confidence_interval":{"confidence_level":0.95,"lower_bound":886711.9096577168,"upper_bound":1708670.8948150277},"point_estimate":1227044.9575155973,"standard_error":197571.84687513948},"slope":null,"std_dev":{"confidence_interval":{"confidence_level":0.95,"lower_bound":1132736.7701850934,"upper_bound":1489126.2959038555},"point_estimate":1319912.216629523,"standard_error":91027.95627739771}}