{"mean":{"confidence_interval":{"confidence_level":0.95,"lower_bound":39611094.9255,"upper_bound":40314587.15775},"point_estimate":39952046.97,"standard_error":179622.1380540349},"median":{"confidence_interval":{"confidence_level":0.95,"lower_bound":39363024.5,"upper_bound":40021141.5},"point_estimate":39702665.0,"standard_error":151496.5604745093},"median_abs_dev":{"confidence_interval":{"confidence_level":0.95,"lower_bound":1177333.9085743953,"upper_bound":1940427.9575005174},"point_estimate":1520524.8810052872,"standard_error":188332.05776423556},"slope":null,"std_dev":{"confidence_interval":{"confidence_level":0.95,"lower_bound":1480848.01327819,"upper_bound":2085507.4793767692},"point_estimate":1793598.5252277637,"standard_error":155055.9831096274}}