{"mean":{"confidence_interval":{"confidence_level":0.95,"lower_bound":30120445.816875,"upper_bound":30177369.38},"point_estimate":30147320.85,"standard_error":14628.2728390866},"median":{"confidence_interval":{"confidence_level":0.95,"lower_bound":30102739.5,"upper_bound":30150641.0},"point_estimate":30130615.0,"standard_error":13059.690778294942},"median_abs_dev":{"confidence_interval":{"confidence_level":0.95,"lower_bound":69164.77137207985,"upper_bound":124837.1416836977},"point_estimate":97890.14586210251,"standard_error":14261.719071691312},"slope":null,"std_dev":{"confidence_interval":{"confidence_level":0.95,"lower_bound":105254.0800535189,"upper_bound":183427.3080493848},"point_estimate":146567.96416318926,"standard_error":19918.945566469356}}