{"mean":{"confidence_interval":{"confidence_level":0.95,"lower_bound":36560855.476624995,"upper_bound":37157812.98},"point_estimate":36859558.415,"standard_error":151628.6015748029},"median":{"confidence_interval":{"confidence_level":0.95,"lower_bound":36480048.0,"upper_bound":37172530.5},"point_estimate":36735376.25,"standard_error":197770.14037042274},"median_abs_dev":{"confidence_interval":{"confidence_level":0.95,"lower_bound":1171902.987344563,"upper_bound":2087728.3142366624},"point_estimate":1699409.0927794576,"standard_error":244528.40194734477},"slope":null,"std_dev":{"confidence_interval":{"confidence_level":0.95,"lower_bound":1337947.228476509,"upper_bound":1687520.9261083289},"point_estimate":1524538.4658317645,"standard_error":88964.26112092705}}