{"mean":{"confidence_interval":{"confidence_level":0.95,"lower_bound":260964305.27575,"upper_bound":263757896.2495},"point_estimate":262344888.48,"standard_error":713260.8995335342},"median":{"confidence_interval":{"confidence_level":0.95,"lower_bound":259424439.0,"upper_bound":263408364.0},"point_estimate":262005860.0,"standard_error":1019180.0582850929},"median_abs_dev":{"confidence_interval":{"confidence_level":0.95,"lower_bound":5682988.80020678,"upper_bound":9080365.157291293},"point_estimate":7440346.424907446,"standard_error":885382.4818529998},"slope":null,"std_dev":{"confidence_interval":{"confidence_level":0.95,"lower_bound":6208864.324640043,"upper_bound":8049075.529457295},"point_estimate":7185357.8448749455,"standard_error":468319.3902385457}}