{"mean":{"confidence_interval":{"confidence_level":0.95,"lower_bound":196092848.58775,"upper_bound":196688528.2595},"point_estimate":196387453.14,"standard_error":152371.9495156528},"median":{"confidence_interval":{"confidence_level":0.95,"lower_bound":196015855.5,"upper_bound":196614354.5},"point_estimate":196278218.5,"standard_error":150490.33946605836},"median_abs_dev":{"confidence_interval":{"confidence_level":0.95,"lower_bound":1011377.8110444546,"upper_bound":2119411.503472924},"point_estimate":1399865.7060474157,"standard_error":299770.97957680636},"slope":null,"std_dev":{"confidence_interval":{"confidence_level":0.95,"lower_bound":1329754.3332418548,"upper_bound":1707769.8601078978},"point_estimate":1529476.1292521707,"standard_error":96312.85139012056}}