{"mean":{"confidence_interval":{"confidence_level":0.95,"lower_bound":223032942.79675,"upper_bound":226407745.51250002},"point_estimate":224674835.07,"standard_error":859999.1081874088},"median":{"confidence_interval":{"confidence_level":0.95,"lower_bound":220539215.0,"upper_bound":225506293.0},"point_estimate":223051348.5,"standard_error":1176259.5825250517},"median_abs_dev":{"confidence_interval":{"confidence_level":0.95,"lower_bound":6676352.280271053,"upper_bound":11116044.603350759},"point_estimate":9258572.191527486,"standard_error":1171899.2657967962},"slope":null,"std_dev":{"confidence_interval":{"confidence_level":0.95,"lower_bound":7084073.559237736,"upper_bound":10205508.040859044},"point_estimate":8613028.765627438,"standard_error":807242.7849731279}}