{"mean":{"confidence_interval":{"confidence_level":0.95,"lower_bound":214034231.5375,"upper_bound":214507762.24425},"point_estimate":214270859.58,"standard_error":121087.48501342282},"median":{"confidence_interval":{"confidence_level":0.95,"lower_bound":213956742.0,"upper_bound":214607633.0},"point_estimate":214228117.0,"standard_error":140473.71385971934},"median_abs_dev":{"confidence_interval":{"confidence_level":0.95,"lower_bound":979126.0725170374,"upper_bound":1619670.1218751064},"point_estimate":1326505.1767498255,"standard_error":161359.92123563803},"slope":null,"std_dev":{"confidence_interval":{"confidence_level":0.95,"lower_bound":1068011.0496249748,"upper_bound":1360128.2479629812},"point_estimate":1223501.319679921,"standard_error":74278.24345511025}}