{"mean":{"confidence_interval":{"confidence_level":0.95,"lower_bound":194156827.58824998,"upper_bound":196005212.264},"point_estimate":195059397.96,"standard_error":469936.0886482081},"median":{"confidence_interval":{"confidence_level":0.95,"lower_bound":193745730.0,"upper_bound":195964287.0},"point_estimate":194833410.5,"standard_error":558331.9300605513},"median_abs_dev":{"confidence_interval":{"confidence_level":0.95,"lower_bound":2827966.4907735605,"upper_bound":4577124.151539803},"point_estimate":3923577.0332425833,"standard_error":455205.2508481714},"slope":null,"std_dev":{"confidence_interval":{"confidence_level":0.95,"lower_bound":3675006.183286026,"upper_bound":5722756.692803137},"point_estimate":4734463.564956512,"standard_error":524919.5231893756}}