{"mean":{"confidence_interval":{"confidence_level":0.95,"lower_bound":152031391.03075,"upper_bound":152197041.63575},"point_estimate":152113117.25,"standard_error":42138.62405080466},"median":{"confidence_interval":{"confidence_level":0.95,"lower_bound":151992650.5,"upper_bound":152216943.0},"point_estimate":152094596.5,"standard_error":66031.87750655228},"median_abs_dev":{"confidence_interval":{"confidence_level":0.95,"lower_bound":294084.8242789507,"upper_bound":469242.15036928654},"point_estimate":363909.3526393175,"standard_error":46470.28453705585},"slope":null,"std_dev":{"confidence_interval":{"confidence_level":0.95,"lower_bound":353616.16191214445,"upper_bound":489081.6944577974},"point_estimate":424001.35955479037,"standard_error":34647.421474458366}}