{"mean":{"confidence_interval":{"confidence_level":0.95,"lower_bound":184630378.03024998,"upper_bound":187519907.05},"point_estimate":186089242.32,"standard_error":735190.6164430039},"median":{"confidence_interval":{"confidence_level":0.95,"lower_bound":185944349.0,"upper_bound":189014742.0},"point_estimate":187647106.0,"standard_error":806451.0455626536},"median_abs_dev":{"confidence_interval":{"confidence_level":0.95,"lower_bound":4861457.174491882,"upper_bound":9564646.801793575},"point_estimate":6534229.505494237,"standard_error":1272319.043589838},"slope":null,"std_dev":{"confidence_interval":{"confidence_level":0.95,"lower_bound":6427766.399916116,"upper_bound":8256414.322365234},"point_estimate":7416972.552439025,"standard_error":469026.21595554636}}