{"mean":{"confidence_interval":{"confidence_level":0.95,"lower_bound":180419560.48049998,"upper_bound":180929675.267},"point_estimate":180674184.74,"standard_error":130445.42829261148},"median":{"confidence_interval":{"confidence_level":0.95,"lower_bound":180441087.0,"upper_bound":180869821.0},"point_estimate":180708811.0,"standard_error":110933.48979787514},"median_abs_dev":{"confidence_interval":{"confidence_level":0.95,"lower_bound":977087.9238007219,"upper_bound":1606269.5678830147},"point_estimate":1261521.3373035192,"standard_error":162315.01812159072},"slope":null,"std_dev":{"confidence_interval":{"confidence_level":0.95,"lower_bound":1131177.4140066945,"upper_bound":1468241.4061567516},"point_estimate":1309200.1611603769,"standard_error":86002.92273784973}}