{"mean":{"confidence_interval":{"confidence_level":0.95,"lower_bound":174432703.47675,"upper_bound":174857892.55625},"point_estimate":174646017.61,"standard_error":108807.7197489029},"median":{"confidence_interval":{"confidence_level":0.95,"lower_bound":174431077.5,"upper_bound":174889178.0},"point_estimate":174729581.5,"standard_error":134228.7105569676},"median_abs_dev":{"confidence_interval":{"confidence_level":0.95,"lower_bound":672658.5732579231,"upper_bound":1332522.308743},"point_estimate":950366.5982276201,"standard_error":167914.57429255874},"slope":null,"std_dev":{"confidence_interval":{"confidence_level":0.95,"lower_bound":930173.3209611195,"upper_bound":1237534.8039506802},"point_estimate":1092513.8856578667,"standard_error":78392.67163462043}}