{"mean":{"confidence_interval":{"confidence_level":0.95,"lower_bound":15911.997222105958,"upper_bound":16034.949021627208},"point_estimate":15965.516738359542,"standard_error":31.737844096052083},"median":{"confidence_interval":{"confidence_level":0.95,"lower_bound":15870.697777777777,"upper_bound":15912.209083883241},"point_estimate":15886.525321239606,"standard_error":11.790533895680062},"median_abs_dev":{"confidence_interval":{"confidence_level":0.95,"lower_bound":66.13629625800023,"upper_bound":108.11215813391172},"point_estimate":85.78096565974649,"standard_error":10.752406666985237},"slope":{"confidence_interval":{"confidence_level":0.95,"lower_bound":15853.736830396107,"upper_bound":15891.18269254984},"point_estimate":15871.767235815267,"standard_error":9.50771709822034},"std_dev":{"confidence_interval":{"confidence_level":0.95,"lower_bound":121.35369955130194,"upper_bound":487.6778866736145},"point_estimate":319.7474703097197,"standard_error":97.67457422328847}}