{"mean":{"confidence_interval":{"confidence_level":0.95,"lower_bound":12427.3572930455,"upper_bound":12543.005884755159},"point_estimate":12474.942137495906,"standard_error":30.21466136389329},"median":{"confidence_interval":{"confidence_level":0.95,"lower_bound":12393.13698814655,"upper_bound":12454.432020308122},"point_estimate":12430.601474867724,"standard_error":16.087468568581272},"median_abs_dev":{"confidence_interval":{"confidence_level":0.95,"lower_bound":74.0919178657548,"upper_bound":115.8351035343283},"point_estimate":95.68191519181767,"standard_error":10.524545655996162},"slope":{"confidence_interval":{"confidence_level":0.95,"lower_bound":12360.182887533541,"upper_bound":12385.407761153865},"point_estimate":12372.743076363233,"standard_error":6.4270814986179206},"std_dev":{"confidence_interval":{"confidence_level":0.95,"lower_bound":100.72873823266463,"upper_bound":484.3698110713498},"point_estimate":302.97785419706224,"standard_error":115.38595997036387}}