{"mean":{"confidence_interval":{"confidence_level":0.95,"lower_bound":14310.205322319785,"upper_bound":14665.58530696313},"point_estimate":14477.783413718136,"standard_error":90.83620974742868},"median":{"confidence_interval":{"confidence_level":0.95,"lower_bound":14078.64564860427,"upper_bound":14427.510466269841},"point_estimate":14191.767264150943,"standard_error":81.48313591839563},"median_abs_dev":{"confidence_interval":{"confidence_level":0.95,"lower_bound":445.3435428620721,"upper_bound":773.5058872925194},"point_estimate":587.3025599593155,"standard_error":88.21861014725978},"slope":{"confidence_interval":{"confidence_level":0.95,"lower_bound":14165.867444478235,"upper_bound":14481.622765682461},"point_estimate":14313.351512634845,"standard_error":80.58641445853021},"std_dev":{"confidence_interval":{"confidence_level":0.95,"lower_bound":636.5361477928958,"upper_bound":1215.5269171622501},"point_estimate":915.9493353665656,"standard_error":155.22882729474554}}