{"mean":{"confidence_interval":{"confidence_level":0.95,"lower_bound":15088.526860554415,"upper_bound":15732.457880711348},"point_estimate":15390.243694551209,"standard_error":164.25111419532107},"median":{"confidence_interval":{"confidence_level":0.95,"lower_bound":14693.635794809983,"upper_bound":15207.080483490567},"point_estimate":14945.560422867064,"standard_error":122.64024577439159},"median_abs_dev":{"confidence_interval":{"confidence_level":0.95,"lower_bound":723.0485721168394,"upper_bound":1250.5049942029946},"point_estimate":1062.14534024075,"standard_error":138.35669185547266},"slope":{"confidence_interval":{"confidence_level":0.95,"lower_bound":14641.225897796336,"upper_bound":15015.977168915759},"point_estimate":14822.152205925817,"standard_error":95.96176064640176},"std_dev":{"confidence_interval":{"confidence_level":0.95,"lower_bound":1101.6574600211907,"upper_bound":2124.1096130093397},"point_estimate":1646.245013139447,"standard_error":261.1455368350668}}