{"mean":{"confidence_interval":{"confidence_level":0.95,"lower_bound":16514.377602861576,"upper_bound":18395.477906561842},"point_estimate":17215.814807674153,"standard_error":519.3098296629586},"median":{"confidence_interval":{"confidence_level":0.95,"lower_bound":16166.500857632933,"upper_bound":16462.941738908718},"point_estimate":16356.496905261056,"standard_error":85.01813880313388},"median_abs_dev":{"confidence_interval":{"confidence_level":0.95,"lower_bound":487.43784612709527,"upper_bound":900.4031671593036},"point_estimate":710.920998066146,"standard_error":103.91117873069601},"slope":{"confidence_interval":{"confidence_level":0.95,"lower_bound":16002.828021963947,"upper_bound":16209.036101056505},"point_estimate":16100.28403790872,"standard_error":52.66708007461521},"std_dev":{"confidence_interval":{"confidence_level":0.95,"lower_bound":1013.394905154125,"upper_bound":8703.543904254951},"point_estimate":5190.874956792927,"standard_error":2583.738796428832}}