{"mean":{"confidence_interval":{"confidence_level":0.95,"lower_bound":27072.206452253882,"upper_bound":28450.51606182138},"point_estimate":27665.46815450993,"standard_error":355.3174391811964},"median":{"confidence_interval":{"confidence_level":0.95,"lower_bound":26580.11150864639,"upper_bound":26886.789316239316},"point_estimate":26746.016011138185,"standard_error":78.63809752289812},"median_abs_dev":{"confidence_interval":{"confidence_level":0.95,"lower_bound":730.9237704348809,"upper_bound":1477.248592288743},"point_estimate":1148.4669638923183,"standard_error":193.04816195444147},"slope":{"confidence_interval":{"confidence_level":0.95,"lower_bound":26329.33213127357,"upper_bound":26856.90223552501},"point_estimate":26574.101482988714,"standard_error":134.99408397889033},"std_dev":{"confidence_interval":{"confidence_level":0.95,"lower_bound":1518.3102086302692,"upper_bound":5494.474923296102},"point_estimate":3570.911794874794,"standard_error":1109.4524780395236}}