{"mean":{"confidence_interval":{"confidence_level":0.95,"lower_bound":12013.207348645445,"upper_bound":12510.455038940638},"point_estimate":12222.035886624531,"standard_error":128.55858880974188},"median":{"confidence_interval":{"confidence_level":0.95,"lower_bound":11876.843067559244,"upper_bound":11962.82084038787},"point_estimate":11908.38370752535,"standard_error":27.460956379145912},"median_abs_dev":{"confidence_interval":{"confidence_level":0.95,"lower_bound":143.52302151559445,"upper_bound":247.44927213551918},"point_estimate":187.30882745942205,"standard_error":25.266894769929408},"slope":{"confidence_interval":{"confidence_level":0.95,"lower_bound":11820.923751388806,"upper_bound":11879.21157759775},"point_estimate":11849.736326653725,"standard_error":14.918923325483389},"std_dev":{"confidence_interval":{"confidence_level":0.95,"lower_bound":449.05472824909253,"upper_bound":2021.5224374036648},"point_estimate":1288.6966241118985,"standard_error":442.47743714035954}}