{"mean":{"confidence_interval":{"confidence_level":0.95,"lower_bound":10013.01063442538,"upper_bound":10390.108657682977},"point_estimate":10170.190545580374,"standard_error":97.83013426895863},"median":{"confidence_interval":{"confidence_level":0.95,"lower_bound":9901.752922077922,"upper_bound":9958.112566378695},"point_estimate":9925.50457922759,"standard_error":13.513843167118889},"median_abs_dev":{"confidence_interval":{"confidence_level":0.95,"lower_bound":85.34383361953148,"upper_bound":166.11172379206448},"point_estimate":116.11931275106984,"standard_error":21.158583098995578},"slope":{"confidence_interval":{"confidence_level":0.95,"lower_bound":9855.078956700654,"upper_bound":9884.387423509277},"point_estimate":9868.562479143437,"standard_error":7.480968199522569},"std_dev":{"confidence_interval":{"confidence_level":0.95,"lower_bound":310.5031968905895,"upper_bound":1553.0825876771598},"point_estimate":978.4629541048249,"standard_error":351.70044356015535}}