{"mean":{"confidence_interval":{"confidence_level":0.95,"lower_bound":11418.8221163083,"upper_bound":12016.237491877984},"point_estimate":11666.032932243892,"standard_error":154.6119862210549},"median":{"confidence_interval":{"confidence_level":0.95,"lower_bound":11263.548374613003,"upper_bound":11378.811931598297},"point_estimate":11318.942590321141,"standard_error":26.574900351374176},"median_abs_dev":{"confidence_interval":{"confidence_level":0.95,"lower_bound":214.15078683571525,"upper_bound":345.6475218106835},"point_estimate":285.22900334286635,"standard_error":32.489796748281115},"slope":{"confidence_interval":{"confidence_level":0.95,"lower_bound":11142.566128495831,"upper_bound":11234.624847234734},"point_estimate":11186.856237001548,"standard_error":23.55442256443644},"std_dev":{"confidence_interval":{"confidence_level":0.95,"lower_bound":519.3034712852099,"upper_bound":2458.142063144647},"point_estimate":1547.792468698544,"standard_error":563.3493053103538}}