{"mean":{"confidence_interval":{"confidence_level":0.95,"lower_bound":8940.167370030053,"upper_bound":9237.335777847333},"point_estimate":9063.643591618176,"standard_error":77.36372198277544},"median":{"confidence_interval":{"confidence_level":0.95,"lower_bound":8841.320550706188,"upper_bound":8896.268920972645},"point_estimate":8867.55588550153,"standard_error":16.966565394502112},"median_abs_dev":{"confidence_interval":{"confidence_level":0.95,"lower_bound":70.24242415132976,"upper_bound":145.33563047294828},"point_estimate":109.20092880893247,"standard_error":20.726620746516467},"slope":{"confidence_interval":{"confidence_level":0.95,"lower_bound":8818.506338027186,"upper_bound":8850.31527438189},"point_estimate":8832.563573474528,"standard_error":8.158086341342282},"std_dev":{"confidence_interval":{"confidence_level":0.95,"lower_bound":244.51315613432465,"upper_bound":1237.7734731473115},"point_estimate":779.4247352647108,"standard_error":287.80059599412755}}