{"mean":{"confidence_interval":{"confidence_level":0.95,"lower_bound":17125.247713383673,"upper_bound":17380.465874633963},"point_estimate":17241.02739591271,"standard_error":65.77099632584459},"median":{"confidence_interval":{"confidence_level":0.95,"lower_bound":16987.437288135592,"upper_bound":17079.206371434477},"point_estimate":17030.468877849213,"standard_error":24.293316974544524},"median_abs_dev":{"confidence_interval":{"confidence_level":0.95,"lower_bound":116.01739002290736,"upper_bound":218.92984120395354},"point_estimate":170.37807793169054,"standard_error":26.7090955006678},"slope":{"confidence_interval":{"confidence_level":0.95,"lower_bound":16959.14416481371,"upper_bound":17002.95463797408},"point_estimate":16979.684370010997,"standard_error":11.209043935334755},"std_dev":{"confidence_interval":{"confidence_level":0.95,"lower_bound":361.31197928613545,"upper_bound":932.9178159813475},"point_estimate":660.619784366971,"standard_error":149.35085175718328}}