{"mean":{"confidence_interval":{"confidence_level":0.95,"lower_bound":17537.376543453523,"upper_bound":17851.752943934327},"point_estimate":17681.78983611836,"standard_error":80.72576954416299},"median":{"confidence_interval":{"confidence_level":0.95,"lower_bound":17332.52707856598,"upper_bound":17543.351133515607},"point_estimate":17416.682972402446,"standard_error":50.629999236322405},"median_abs_dev":{"confidence_interval":{"confidence_level":0.95,"lower_bound":208.31603263079774,"upper_bound":392.54644884962045},"point_estimate":291.52155660131064,"standard_error":47.09949021853941},"slope":{"confidence_interval":{"confidence_level":0.95,"lower_bound":17268.59008262122,"upper_bound":17343.92292716197},"point_estimate":17304.18254003562,"standard_error":19.178223694024666},"std_dev":{"confidence_interval":{"confidence_level":0.95,"lower_bound":485.1620449564851,"upper_bound":1112.5813362988265},"point_estimate":813.9494619156152,"standard_error":162.1506424657168}}