{"mean":{"confidence_interval":{"confidence_level":0.95,"lower_bound":1661875.9780669815,"upper_bound":1692327.7153711654},"point_estimate":1675427.2731228152,"standard_error":7792.437496683818},"median":{"confidence_interval":{"confidence_level":0.95,"lower_bound":1657682.894736842,"upper_bound":1676478.6315789474},"point_estimate":1667262.2123655914,"standard_error":5535.499367045441},"median_abs_dev":{"confidence_interval":{"confidence_level":0.95,"lower_bound":26680.366854863492,"upper_bound":48195.98008300253},"point_estimate":38855.78625713377,"standard_error":5401.523551786494},"slope":{"confidence_interval":{"confidence_level":0.95,"lower_bound":1661006.387965662,"upper_bound":1677761.3746444392},"point_estimate":1669454.4034550022,"standard_error":4264.1070955003825},"std_dev":{"confidence_interval":{"confidence_level":0.95,"lower_bound":36002.23337657427,"upper_bound":113734.41689261103},"point_estimate":77610.81066053214,"standard_error":20610.79553693725}}