{"mean":{"confidence_interval":{"confidence_level":0.95,"lower_bound":7398.380200276953,"upper_bound":8369.62326163874},"point_estimate":7817.131572885997,"standard_error":249.46789150274037},"median":{"confidence_interval":{"confidence_level":0.95,"lower_bound":7082.522050014974,"upper_bound":7206.797883597884},"point_estimate":7138.51420776644,"standard_error":29.497224870811674},"median_abs_dev":{"confidence_interval":{"confidence_level":0.95,"lower_bound":204.42570501768148,"upper_bound":400.19834353958106},"point_estimate":282.28434606254194,"standard_error":50.42860897581902},"slope":{"confidence_interval":{"confidence_level":0.95,"lower_bound":6963.705729766199,"upper_bound":7036.630599858864},"point_estimate":6997.296752527522,"standard_error":18.675738279825424},"std_dev":{"confidence_interval":{"confidence_level":0.95,"lower_bound":1028.3240565382168,"upper_bound":3796.370926405048},"point_estimate":2501.9928747070917,"standard_error":739.5551244781375}}