{"mean":{"confidence_interval":{"confidence_level":0.95,"lower_bound":6844.398491112045,"upper_bound":7951.056991679802},"point_estimate":7320.546044603424,"standard_error":285.38768989201856},"median":{"confidence_interval":{"confidence_level":0.95,"lower_bound":6470.3577302631575,"upper_bound":6634.463815789473},"point_estimate":6570.390765107213,"standard_error":44.05686175501925},"median_abs_dev":{"confidence_interval":{"confidence_level":0.95,"lower_bound":304.56536072626596,"upper_bound":577.3276728506407},"point_estimate":444.4872937942781,"standard_error":69.91807116013285},"slope":{"confidence_interval":{"confidence_level":0.95,"lower_bound":6345.191787837157,"upper_bound":6478.809187377586},"point_estimate":6408.400404808941,"standard_error":34.01774994731356},"std_dev":{"confidence_interval":{"confidence_level":0.95,"lower_bound":1079.6354641190983,"upper_bound":4414.205586193035},"point_estimate":2869.0081336022404,"standard_error":897.7947324042352}}