{"mean":{"confidence_interval":{"confidence_level":0.95,"lower_bound":6171.871107802291,"upper_bound":7002.040180975944},"point_estimate":6519.144651786011,"standard_error":215.79569616594372},"median":{"confidence_interval":{"confidence_level":0.95,"lower_bound":5889.890788497218,"upper_bound":6020.394749034749},"point_estimate":5933.42271274707,"standard_error":34.561592341808584},"median_abs_dev":{"confidence_interval":{"confidence_level":0.95,"lower_bound":145.65605489870367,"upper_bound":328.69794125297983},"point_estimate":211.97837873198955,"standard_error":47.83716418010027},"slope":{"confidence_interval":{"confidence_level":0.95,"lower_bound":5832.135111802879,"upper_bound":5879.575548822549},"point_estimate":5853.905255639765,"standard_error":12.081808309272828},"std_dev":{"confidence_interval":{"confidence_level":0.95,"lower_bound":705.2834336510441,"upper_bound":3424.4055488720696},"point_estimate":2170.279314654601,"standard_error":772.9593892640576}}