{"mean":{"confidence_interval":{"confidence_level":0.95,"lower_bound":4581.363454726281,"upper_bound":5254.282747387635},"point_estimate":4859.511160032432,"standard_error":174.758515651517},"median":{"confidence_interval":{"confidence_level":0.95,"lower_bound":4373.465484263606,"upper_bound":4513.5174063247405},"point_estimate":4437.0621476087545,"standard_error":38.33659005827014},"median_abs_dev":{"confidence_interval":{"confidence_level":0.95,"lower_bound":218.90617070629025,"upper_bound":461.6956995811577},"point_estimate":339.2221073263343,"standard_error":62.94495515852625},"slope":{"confidence_interval":{"confidence_level":0.95,"lower_bound":4313.620964717471,"upper_bound":4410.241987742846},"point_estimate":4361.014061209778,"standard_error":24.61891011520608},"std_dev":{"confidence_interval":{"confidence_level":0.95,"lower_bound":576.8685878223392,"upper_bound":2792.1804779143235},"point_estimate":1750.968571547225,"standard_error":649.3042912098788}}