{"mean":{"confidence_interval":{"confidence_level":0.95,"lower_bound":7393.473208677428,"upper_bound":8742.94321148742},"point_estimate":7961.600747719711,"standard_error":350.6277303353393},"median":{"confidence_interval":{"confidence_level":0.95,"lower_bound":6923.917160737813,"upper_bound":7210.4829484975035},"point_estimate":7036.835691189911,"standard_error":70.04153684453257},"median_abs_dev":{"confidence_interval":{"confidence_level":0.95,"lower_bound":389.1231041432512,"upper_bound":769.2355233865593},"point_estimate":528.6336458449452,"standard_error":91.25238244891963},"slope":{"confidence_interval":{"confidence_level":0.95,"lower_bound":6785.056031385952,"upper_bound":6927.082804723403},"point_estimate":6850.464255155561,"standard_error":36.30607121755578},"std_dev":{"confidence_interval":{"confidence_level":0.95,"lower_bound":1274.7009921955266,"upper_bound":5520.630888309849},"point_estimate":3512.135012518981,"standard_error":1234.0983218526144}}