{"mean":{"confidence_interval":{"confidence_level":0.95,"lower_bound":4546.130073499297,"upper_bound":5202.6832616072115},"point_estimate":4818.99338403152,"standard_error":170.65271730795956},"median":{"confidence_interval":{"confidence_level":0.95,"lower_bound":4327.07386825698,"upper_bound":4441.036191974823},"point_estimate":4361.9194865334475,"standard_error":28.65157067258089},"median_abs_dev":{"confidence_interval":{"confidence_level":0.95,"lower_bound":91.84036789638857,"upper_bound":233.82953079867892},"point_estimate":147.65990033913246,"standard_error":35.01933562404535},"slope":{"confidence_interval":{"confidence_level":0.95,"lower_bound":4292.818696191313,"upper_bound":4326.794876515312},"point_estimate":4308.076284285557,"standard_error":8.656495182154023},"std_dev":{"confidence_interval":{"confidence_level":0.95,"lower_bound":536.7172285409731,"upper_bound":2723.7424527658886},"point_estimate":1717.7590324049395,"standard_error":620.9841001744317}}