{"mean":{"confidence_interval":{"confidence_level":0.95,"lower_bound":4566.462723793393,"upper_bound":5219.7436646072665},"point_estimate":4840.4227571712845,"standard_error":170.10647783529302},"median":{"confidence_interval":{"confidence_level":0.95,"lower_bound":4345.178899082569,"upper_bound":4457.307675294889},"point_estimate":4398.725831422018,"standard_error":29.564459191408773},"median_abs_dev":{"confidence_interval":{"confidence_level":0.95,"lower_bound":130.11634628546713,"upper_bound":267.87295388359},"point_estimate":208.4363243446169,"standard_error":37.65763134387543},"slope":{"confidence_interval":{"confidence_level":0.95,"lower_bound":4297.787262184565,"upper_bound":4339.012071526809},"point_estimate":4316.197868053682,"standard_error":10.522017648027362},"std_dev":{"confidence_interval":{"confidence_level":0.95,"lower_bound":542.9685911308891,"upper_bound":2706.9513689511637},"point_estimate":1713.7676906039162,"standard_error":612.7613808756715}}