{"mean":{"confidence_interval":{"confidence_level":0.95,"lower_bound":4275.346126480848,"upper_bound":4872.289306671569},"point_estimate":4523.912703462821,"standard_error":155.22151703745848},"median":{"confidence_interval":{"confidence_level":0.95,"lower_bound":4076.155546655987,"upper_bound":4177.884833228445},"point_estimate":4105.706509035332,"standard_error":28.2750570374393},"median_abs_dev":{"confidence_interval":{"confidence_level":0.95,"lower_bound":115.2941436909042,"upper_bound":252.20512253281095},"point_estimate":161.20461382163862,"standard_error":36.41764478063258},"slope":{"confidence_interval":{"confidence_level":0.95,"lower_bound":4034.939409792935,"upper_bound":4068.8626166244617},"point_estimate":4049.968081041124,"standard_error":8.646689020006045},"std_dev":{"confidence_interval":{"confidence_level":0.95,"lower_bound":499.6254792492228,"upper_bound":2463.571267435034},"point_estimate":1554.0361228418965,"standard_error":552.3089400013296}}