{"mean":{"confidence_interval":{"confidence_level":0.95,"lower_bound":7540.2420726652,"upper_bound":8680.47357057181},"point_estimate":8020.144355685875,"standard_error":295.0086230238925},"median":{"confidence_interval":{"confidence_level":0.95,"lower_bound":7115.738035565103,"upper_bound":7419.345867699689},"point_estimate":7250.93025186265,"standard_error":79.8605847661384},"median_abs_dev":{"confidence_interval":{"confidence_level":0.95,"lower_bound":301.9391328246055,"upper_bound":622.7170414094545},"point_estimate":442.8715695457219,"standard_error":84.47306216925502},"slope":{"confidence_interval":{"confidence_level":0.95,"lower_bound":6999.345826264623,"upper_bound":7098.443435522696},"point_estimate":7045.152712794886,"standard_error":25.33735381205328},"std_dev":{"confidence_interval":{"confidence_level":0.95,"lower_bound":991.9147009771192,"upper_bound":4643.742179177657},"point_estimate":2949.8081101466278,"standard_error":1019.7232133682305}}