{"mean":{"confidence_interval":{"confidence_level":0.95,"lower_bound":6233.310111555544,"upper_bound":7390.04352312462},"point_estimate":6704.08733832797,"standard_error":302.87095303598176},"median":{"confidence_interval":{"confidence_level":0.95,"lower_bound":5830.966436070422,"upper_bound":6163.244540329826},"point_estimate":5967.96154173041,"standard_error":83.75196277338527},"median_abs_dev":{"confidence_interval":{"confidence_level":0.95,"lower_bound":345.44997671881464,"upper_bound":736.7266335373531},"point_estimate":513.7324299365587,"standard_error":102.37979818655211},"slope":{"confidence_interval":{"confidence_level":0.95,"lower_bound":5759.499711262196,"upper_bound":5887.472956590455},"point_estimate":5817.681143395669,"standard_error":32.809628437789584},"std_dev":{"confidence_interval":{"confidence_level":0.95,"lower_bound":892.182391588767,"upper_bound":4925.108236978356},"point_estimate":3054.325024187122,"standard_error":1215.6820734543965}}