{"mean":{"confidence_interval":{"confidence_level":0.95,"lower_bound":1055828.9744324887,"upper_bound":1104330.2685960305},"point_estimate":1079737.0988091948,"standard_error":12406.269788526712},"median":{"confidence_interval":{"confidence_level":0.95,"lower_bound":1042067.6860902256,"upper_bound":1099884.2777777778},"point_estimate":1059578.0491071427,"standard_error":14461.916727304899},"median_abs_dev":{"confidence_interval":{"confidence_level":0.95,"lower_bound":87066.6282853218,"upper_bound":142339.41677592648},"point_estimate":115341.28506317968,"standard_error":13976.02273549876},"slope":{"confidence_interval":{"confidence_level":0.95,"lower_bound":1037341.1255854779,"upper_bound":1088872.8132034955},"point_estimate":1063196.4205497266,"standard_error":13151.99833532056},"std_dev":{"confidence_interval":{"confidence_level":0.95,"lower_bound":106111.99738394826,"upper_bound":141751.25274297592},"point_estimate":124904.59702341087,"standard_error":9125.60477162002}}