{"mean":{"confidence_interval":{"confidence_level":0.95,"lower_bound":1167603.7946684575,"upper_bound":1214157.4721120025},"point_estimate":1189942.9916725093,"standard_error":11891.583912504297},"median":{"confidence_interval":{"confidence_level":0.95,"lower_bound":1154431.9166666667,"upper_bound":1193151.0147058824},"point_estimate":1174024.4233844103,"standard_error":9260.794877219336},"median_abs_dev":{"confidence_interval":{"confidence_level":0.95,"lower_bound":55313.400325127994,"upper_bound":104523.22682229635},"point_estimate":79540.23896787857,"standard_error":12668.693697075825},"slope":{"confidence_interval":{"confidence_level":0.95,"lower_bound":1195059.9438138427,"upper_bound":1244225.8121523934},"point_estimate":1217313.2294487956,"standard_error":12600.685188991998},"std_dev":{"confidence_interval":{"confidence_level":0.95,"lower_bound":87199.15079876929,"upper_bound":147691.28589785146},"point_estimate":119260.14761441655,"standard_error":15565.959566608259}}