{"mean":{"confidence_interval":{"confidence_level":0.95,"lower_bound":968828.2057510365,"upper_bound":1010365.3682953087},"point_estimate":989584.948256774,"standard_error":10619.127958881065},"median":{"confidence_interval":{"confidence_level":0.95,"lower_bound":980913.7741090148,"upper_bound":1017562.2804827299},"point_estimate":1006186.1260644206,"standard_error":9281.265135053469},"median_abs_dev":{"confidence_interval":{"confidence_level":0.95,"lower_bound":69260.0571305588,"upper_bound":121109.66913737368},"point_estimate":101120.9125183813,"standard_error":13609.633574906424},"slope":{"confidence_interval":{"confidence_level":0.95,"lower_bound":999004.5543082928,"upper_bound":1038036.6615467961},"point_estimate":1018766.8890852667,"standard_error":9938.190093223564},"std_dev":{"confidence_interval":{"confidence_level":0.95,"lower_bound":91103.67654170569,"upper_bound":120626.02705488006},"point_estimate":106643.52151945478,"standard_error":7534.917062050267}}