{"mean":{"confidence_interval":{"confidence_level":0.95,"lower_bound":31001466.377,"upper_bound":33094212.787249997},"point_estimate":32002609.69,"standard_error":532349.9486503984},"median":{"confidence_interval":{"confidence_level":0.95,"lower_bound":29639241.0,"upper_bound":30449968.0},"point_estimate":30055644.5,"standard_error":197909.48317330467},"median_abs_dev":{"confidence_interval":{"confidence_level":0.95,"lower_bound":1207688.8735592365,"upper_bound":3000927.6415228844},"point_estimate":1937801.1609971523,"standard_error":459546.5426749153},"slope":null,"std_dev":{"confidence_interval":{"confidence_level":0.95,"lower_bound":4153639.0527192494,"upper_bound":6261829.366600378},"point_estimate":5302102.519835801,"standard_error":539251.9879441942}}