{"mean":{"confidence_interval":{"confidence_level":0.95,"lower_bound":29800677.33,"upper_bound":30495676.618499998},"point_estimate":30120099.96,"standard_error":177479.00379292518},"median":{"confidence_interval":{"confidence_level":0.95,"lower_bound":29471917.5,"upper_bound":29895022.0},"point_estimate":29612318.5,"standard_error":113260.35955246795},"median_abs_dev":{"confidence_interval":{"confidence_level":0.95,"lower_bound":754355.7622075081,"upper_bound":1350292.7520275116},"point_estimate":1064444.5119023323,"standard_error":153887.87329520244},"slope":null,"std_dev":{"confidence_interval":{"confidence_level":0.95,"lower_bound":1183472.7617719176,"upper_bound":2474734.055016038},"point_estimate":1791390.1500197034,"standard_error":372198.8365002728}}