{"mean":{"confidence_interval":{"confidence_level":0.95,"lower_bound":73145001.52,"upper_bound":75344421.02325},"point_estimate":74236564.5,"standard_error":561745.0260341984},"median":{"confidence_interval":{"confidence_level":0.95,"lower_bound":71811303.0,"upper_bound":75468071.0},"point_estimate":74131494.5,"standard_error":965960.713348839},"median_abs_dev":{"confidence_interval":{"confidence_level":0.95,"lower_bound":5030401.665392518,"upper_bound":7486661.365485191},"point_estimate":6153634.972751141,"standard_error":668257.4575505264},"slope":null,"std_dev":{"confidence_interval":{"confidence_level":0.95,"lower_bound":4919342.066385943,"upper_bound":6270475.222152602},"point_estimate":5639051.64539758,"standard_error":343167.08483093}}