{"mean":{"confidence_interval":{"confidence_level":0.95,"lower_bound":77509241.81799999,"upper_bound":80130979.10675},"point_estimate":78751226.88,"standard_error":670043.6039049987},"median":{"confidence_interval":{"confidence_level":0.95,"lower_bound":76434127.0,"upper_bound":79095800.0},"point_estimate":77523257.5,"standard_error":707649.1302808758},"median_abs_dev":{"confidence_interval":{"confidence_level":0.95,"lower_bound":3363668.705382943,"upper_bound":5947613.621708751},"point_estimate":4436267.517140508,"standard_error":678748.1605546846},"slope":null,"std_dev":{"confidence_interval":{"confidence_level":0.95,"lower_bound":4690873.316486067,"upper_bound":8849112.77349178},"point_estimate":6731821.075853456,"standard_error":1092971.255755938}}