{"mean":{"confidence_interval":{"confidence_level":0.95,"lower_bound":40555268.62125,"upper_bound":44459336.84825},"point_estimate":42391169.33,"standard_error":1000567.965726381},"median":{"confidence_interval":{"confidence_level":0.95,"lower_bound":38181318.0,"upper_bound":39184628.0},"point_estimate":38691871.0,"standard_error":290518.3286292156},"median_abs_dev":{"confidence_interval":{"confidence_level":0.95,"lower_bound":1525158.7472230196,"upper_bound":2947060.33667922},"point_estimate":2107154.1081905365,"standard_error":358159.717942229},"slope":null,"std_dev":{"confidence_interval":{"confidence_level":0.95,"lower_bound":7257088.681419948,"upper_bound":12310571.600878665},"point_estimate":10078432.558869466,"standard_error":1291172.818198622}}