{"mean":{"confidence_interval":{"confidence_level":0.95,"lower_bound":28906541.46075,"upper_bound":29439724.18925},"point_estimate":29164209.35,"standard_error":136260.79422916705},"median":{"confidence_interval":{"confidence_level":0.95,"lower_bound":28713283.0,"upper_bound":29323945.0},"point_estimate":28885728.0,"standard_error":164257.20945521272},"median_abs_dev":{"confidence_interval":{"confidence_level":0.95,"lower_bound":924255.0474911928,"upper_bound":1508130.3452253342},"point_estimate":1131674.4903087616,"standard_error":149494.9739937445},"slope":null,"std_dev":{"confidence_interval":{"confidence_level":0.95,"lower_bound":1041025.9298698554,"upper_bound":1708557.049138999},"point_estimate":1363853.2331754318,"standard_error":175192.8061595382}}