{"mean":{"confidence_interval":{"confidence_level":0.95,"lower_bound":26266339.12625,"upper_bound":26523721.44475},"point_estimate":26395271.49,"standard_error":65791.78024111403},"median":{"confidence_interval":{"confidence_level":0.95,"lower_bound":26279515.5,"upper_bound":26634973.0},"point_estimate":26433416.0,"standard_error":82090.48149975126},"median_abs_dev":{"confidence_interval":{"confidence_level":0.95,"lower_bound":480521.0296690464,"upper_bound":811070.400300622},"point_estimate":625743.1796908379,"standard_error":81140.23094270405},"slope":null,"std_dev":{"confidence_interval":{"confidence_level":0.95,"lower_bound":572240.2715729824,"upper_bound":742893.5358394777},"point_estimate":662196.3732463018,"standard_error":43461.56617087673}}