{"mean":{"confidence_interval":{"confidence_level":0.95,"lower_bound":32216491.68225,"upper_bound":32532450.378},"point_estimate":32372502.69,"standard_error":80633.46749567518},"median":{"confidence_interval":{"confidence_level":0.95,"lower_bound":32061828.0,"upper_bound":32455233.0},"point_estimate":32297831.0,"standard_error":107259.95531101656},"median_abs_dev":{"confidence_interval":{"confidence_level":0.95,"lower_bound":559836.4217609167,"upper_bound":920484.0544581413},"point_estimate":749464.6648943424,"standard_error":93256.90939028304},"slope":null,"std_dev":{"confidence_interval":{"confidence_level":0.95,"lower_bound":682338.7247656217,"upper_bound":923987.3452516845},"point_estimate":809666.9571280925,"standard_error":61806.06160758924}}