{"mean":{"confidence_interval":{"confidence_level":0.95,"lower_bound":28295452.33,"upper_bound":29329680.7},"point_estimate":28794640.89,"standard_error":263582.7170790788},"median":{"confidence_interval":{"confidence_level":0.95,"lower_bound":27858221.0,"upper_bound":28614167.5},"point_estimate":28280938.0,"standard_error":217403.66813209045},"median_abs_dev":{"confidence_interval":{"confidence_level":0.95,"lower_bound":1259914.1989320517,"upper_bound":2456257.476192713},"point_estimate":1736662.752968073,"standard_error":310530.8521802461},"slope":null,"std_dev":{"confidence_interval":{"confidence_level":0.95,"lower_bound":2034179.6738968466,"upper_bound":3196347.714438837},"point_estimate":2643777.375612298,"standard_error":297340.11299582664}}