{"mean":{"confidence_interval":{"confidence_level":0.95,"lower_bound":29804664.89725,"upper_bound":30084675.48625},"point_estimate":29944031.43,"standard_error":71448.20290787108},"median":{"confidence_interval":{"confidence_level":0.95,"lower_bound":29759078.5,"upper_bound":30059186.5},"point_estimate":29871394.0,"standard_error":75131.23509673569},"median_abs_dev":{"confidence_interval":{"confidence_level":0.95,"lower_bound":547969.6915715933,"upper_bound":988759.265846014},"point_estimate":859994.7168320417,"standard_error":113184.22319632165},"slope":null,"std_dev":{"confidence_interval":{"confidence_level":0.95,"lower_bound":630512.963657401,"upper_bound":798944.6118410493},"point_estimate":719727.2069967481,"standard_error":43056.27434258098}}