{"mean":{"confidence_interval":{"confidence_level":0.95,"lower_bound":88771321.85474999,"upper_bound":89894027.0295},"point_estimate":89323413.36,"standard_error":286262.6677871227},"median":{"confidence_interval":{"confidence_level":0.95,"lower_bound":88309325.0,"upper_bound":89558927.0},"point_estimate":88785963.5,"standard_error":374355.00247279234},"median_abs_dev":{"confidence_interval":{"confidence_level":0.95,"lower_bound":2544360.979628563,"upper_bound":3934959.6945405006},"point_estimate":3278991.490486264,"standard_error":331543.3997289411},"slope":null,"std_dev":{"confidence_interval":{"confidence_level":0.95,"lower_bound":2474771.442934477,"upper_bound":3255165.720264923},"point_estimate":2882088.3231425984,"standard_error":200132.70791658649}}