{"mean":{"confidence_interval":{"confidence_level":0.95,"lower_bound":33923447.0755,"upper_bound":34649516.874000005},"point_estimate":34271307.32,"standard_error":184540.63035204707},"median":{"confidence_interval":{"confidence_level":0.95,"lower_bound":33926409.0,"upper_bound":34540413.0},"point_estimate":34129510.0,"standard_error":169810.60948976828},"median_abs_dev":{"confidence_interval":{"confidence_level":0.95,"lower_bound":1060660.1754695177,"upper_bound":1750591.7797207832},"point_estimate":1513965.858721733,"standard_error":182026.37067808543},"slope":null,"std_dev":{"confidence_interval":{"confidence_level":0.95,"lower_bound":1374517.986816901,"upper_bound":2393006.8864401653},"point_estimate":1849562.5441389305,"standard_error":272534.71678715874}}