{"mean":{"confidence_interval":{"confidence_level":0.95,"lower_bound":69337927.09924999,"upper_bound":69786391.50225},"point_estimate":69563604.96,"standard_error":114390.21757881899},"median":{"confidence_interval":{"confidence_level":0.95,"lower_bound":69167482.0,"upper_bound":70002648.5},"point_estimate":69437537.5,"standard_error":222270.63880035054},"median_abs_dev":{"confidence_interval":{"confidence_level":0.95,"lower_bound":1101311.584147811,"upper_bound":1662992.0081584896},"point_estimate":1455377.2142618895,"standard_error":139456.20884471672},"slope":null,"std_dev":{"confidence_interval":{"confidence_level":0.95,"lower_bound":1027479.9990352317,"upper_bound":1258456.286806159},"point_estimate":1150899.106043381,"standard_error":59023.25387047417}}