{"mean":{"confidence_interval":{"confidence_level":0.95,"lower_bound":28660382.4095,"upper_bound":29019229.085249998},"point_estimate":28838558.78,"standard_error":91899.12613119071},"median":{"confidence_interval":{"confidence_level":0.95,"lower_bound":28494509.75,"upper_bound":28924677.5},"point_estimate":28736525.0,"standard_error":126909.1682387077},"median_abs_dev":{"confidence_interval":{"confidence_level":0.95,"lower_bound":714544.9877142906,"upper_bound":1196910.3717505932},"point_estimate":1039977.1645367146,"standard_error":121890.8302382826},"slope":null,"std_dev":{"confidence_interval":{"confidence_level":0.95,"lower_bound":803752.8300067057,"upper_bound":1030113.5465802696},"point_estimate":924119.8382091846,"standard_error":57664.109918505404}}