{"mean":{"confidence_interval":{"confidence_level":0.95,"lower_bound":241128.62277239072,"upper_bound":246216.75757845532},"point_estimate":243440.029010292,"standard_error":1302.59903479657},"median":{"confidence_interval":{"confidence_level":0.95,"lower_bound":240885.00367405583,"upper_bound":243112.286996337},"point_estimate":242169.7707588076,"standard_error":621.2896848147827},"median_abs_dev":{"confidence_interval":{"confidence_level":0.95,"lower_bound":4024.1144906887744,"upper_bound":6479.882154491504},"point_estimate":5015.216398332395,"standard_error":633.6595161453924},"slope":{"confidence_interval":{"confidence_level":0.95,"lower_bound":243141.08813257026,"upper_bound":248200.85185691042},"point_estimate":245059.9075614009,"standard_error":1350.6697861639495},"std_dev":{"confidence_interval":{"confidence_level":0.95,"lower_bound":6062.22273535236,"upper_bound":18335.54539769258},"point_estimate":13123.585503472987,"standard_error":3030.076162548529}}