{"mean":{"confidence_interval":{"confidence_level":0.95,"lower_bound":300630.42316280166,"upper_bound":309331.63695491035},"point_estimate":304607.9608072991,"standard_error":2226.024834028268},"median":{"confidence_interval":{"confidence_level":0.95,"lower_bound":301219.931554878,"upper_bound":305146.550152972},"point_estimate":302999.8182367149,"standard_error":1093.3631344849596},"median_abs_dev":{"confidence_interval":{"confidence_level":0.95,"lower_bound":5544.687945287599,"upper_bound":11488.90096929713},"point_estimate":7836.182879629951,"standard_error":1528.1689934023452},"slope":{"confidence_interval":{"confidence_level":0.95,"lower_bound":303487.82394763397,"upper_bound":305880.26112016855},"point_estimate":304708.97014482046,"standard_error":607.8491053468287},"std_dev":{"confidence_interval":{"confidence_level":0.95,"lower_bound":12610.248853754234,"upper_bound":30429.934218002076},"point_estimate":22272.96534904261,"standard_error":4560.476033318304}}