{"mean":{"confidence_interval":{"confidence_level":0.95,"lower_bound":216741.50561805753,"upper_bound":220713.06173859435},"point_estimate":218551.68154233263,"standard_error":1017.0042794381352},"median":{"confidence_interval":{"confidence_level":0.95,"lower_bound":218934.12266666666,"upper_bound":220307.3402097902},"point_estimate":219759.59013483766,"standard_error":358.3055610210899},"median_abs_dev":{"confidence_interval":{"confidence_level":0.95,"lower_bound":2171.172880249586,"upper_bound":4476.082574700296},"point_estimate":3057.004741151138,"standard_error":568.8024423990379},"slope":{"confidence_interval":{"confidence_level":0.95,"lower_bound":220286.30600435307,"upper_bound":221117.30247909366},"point_estimate":220718.96702881632,"standard_error":212.89481588675235},"std_dev":{"confidence_interval":{"confidence_level":0.95,"lower_bound":5715.855963620506,"upper_bound":14727.755642986956},"point_estimate":10210.272216574556,"standard_error":2423.783913602806}}