{"mean":{"confidence_interval":{"confidence_level":0.95,"lower_bound":294216.3503238428,"upper_bound":305800.22701767803},"point_estimate":299491.1888370536,"standard_error":2957.4242341661106},"median":{"confidence_interval":{"confidence_level":0.95,"lower_bound":289826.3653846154,"upper_bound":295443.95027797704},"point_estimate":293166.48016169155,"standard_error":1333.5405571874164},"median_abs_dev":{"confidence_interval":{"confidence_level":0.95,"lower_bound":10264.745547106535,"upper_bound":17852.991849808022},"point_estimate":14195.51885852916,"standard_error":1887.863132093767},"slope":{"confidence_interval":{"confidence_level":0.95,"lower_bound":297817.23859263636,"upper_bound":305547.6059675814},"point_estimate":301432.5983744643,"standard_error":1971.519488866443},"std_dev":{"confidence_interval":{"confidence_level":0.95,"lower_bound":17868.13034599357,"upper_bound":41264.46331621662},"point_estimate":29651.47700214423,"standard_error":6181.748518543733}}