{"mean":{"confidence_interval":{"confidence_level":0.95,"lower_bound":243187.7792301184,"upper_bound":247574.24476877676},"point_estimate":245219.76992098606,"standard_error":1117.2796627660782},"median":{"confidence_interval":{"confidence_level":0.95,"lower_bound":244947.846796393,"upper_bound":247387.1251552795},"point_estimate":246425.92833333334,"standard_error":611.021147325213},"median_abs_dev":{"confidence_interval":{"confidence_level":0.95,"lower_bound":4062.732058711642,"upper_bound":8018.3984623979195},"point_estimate":5629.256041310715,"standard_error":956.1260001447447},"slope":{"confidence_interval":{"confidence_level":0.95,"lower_bound":247327.37952622716,"upper_bound":248702.78030971164},"point_estimate":248033.02397635585,"standard_error":349.87146606468406},"std_dev":{"confidence_interval":{"confidence_level":0.95,"lower_bound":6844.263828605102,"upper_bound":15612.815909112605},"point_estimate":11229.93397603422,"standard_error":2322.5132234471803}}