{"mean":{"confidence_interval":{"confidence_level":0.95,"lower_bound":234986.5579165937,"upper_bound":239335.74924831642},"point_estimate":236990.50715319783,"standard_error":1119.2979041612818},"median":{"confidence_interval":{"confidence_level":0.95,"lower_bound":236921.6433747412,"upper_bound":238782.7208607595},"point_estimate":237886.2454861111,"standard_error":507.4042042659185},"median_abs_dev":{"confidence_interval":{"confidence_level":0.95,"lower_bound":2417.939355275227,"upper_bound":5855.756800157173},"point_estimate":4250.9771041342665,"standard_error":843.7477262709551},"slope":{"confidence_interval":{"confidence_level":0.95,"lower_bound":238151.83515538365,"upper_bound":239331.7091142443},"point_estimate":238750.58139264074,"standard_error":300.5093873900471},"std_dev":{"confidence_interval":{"confidence_level":0.95,"lower_bound":6150.444253678925,"upper_bound":16124.214354725627},"point_estimate":11287.80985498856,"standard_error":2624.118105756394}}