{"mean":{"confidence_interval":{"confidence_level":0.95,"lower_bound":238384.98565997116,"upper_bound":242607.36292623193},"point_estimate":240330.70606275453,"standard_error":1081.107862899273},"median":{"confidence_interval":{"confidence_level":0.95,"lower_bound":239559.67662306203,"upper_bound":242489.95384615383},"point_estimate":241357.09844080335,"standard_error":694.0748709133151},"median_abs_dev":{"confidence_interval":{"confidence_level":0.95,"lower_bound":3965.083063985788,"upper_bound":7348.365728993809},"point_estimate":5504.085385960886,"standard_error":832.0777872081951},"slope":{"confidence_interval":{"confidence_level":0.95,"lower_bound":241477.57939456077,"upper_bound":242766.68113785426},"point_estimate":242138.6438622728,"standard_error":329.2601600928672},"std_dev":{"confidence_interval":{"confidence_level":0.95,"lower_bound":6198.183773602367,"upper_bound":15344.784566720577},"point_estimate":10846.788658759364,"standard_error":2440.131517801019}}