{"mean":{"confidence_interval":{"confidence_level":0.95,"lower_bound":8147.218245573557,"upper_bound":9302.305154999218},"point_estimate":8628.77334245204,"standard_error":300.4004701835234},"median":{"confidence_interval":{"confidence_level":0.95,"lower_bound":7768.2624797518865,"upper_bound":7932.047524094383},"point_estimate":7844.640391037802,"standard_error":42.59796841401596},"median_abs_dev":{"confidence_interval":{"confidence_level":0.95,"lower_bound":223.30258158284508,"upper_bound":460.3668606663276},"point_estimate":333.679936571531,"standard_error":59.35301540133164},"slope":{"confidence_interval":{"confidence_level":0.95,"lower_bound":7681.499731472004,"upper_bound":7742.151353567191},"point_estimate":7708.395220774797,"standard_error":15.514798427708508},"std_dev":{"confidence_interval":{"confidence_level":0.95,"lower_bound":966.882188839965,"upper_bound":4779.266491315526},"point_estimate":3019.4574022106076,"standard_error":1079.199649501648}}