{"mean":{"confidence_interval":{"confidence_level":0.95,"lower_bound":15954.802401247818,"upper_bound":18398.078721788403},"point_estimate":16996.072643568416,"standard_error":631.7225846153331},"median":{"confidence_interval":{"confidence_level":0.95,"lower_bound":15068.382860272523,"upper_bound":15520.732529736206},"point_estimate":15257.78292612142,"standard_error":117.50900096148263},"median_abs_dev":{"confidence_interval":{"confidence_level":0.95,"lower_bound":669.468464482987,"upper_bound":1320.293722756708},"point_estimate":916.8090107868749,"standard_error":173.65637781806865},"slope":{"confidence_interval":{"confidence_level":0.95,"lower_bound":14791.802854410324,"upper_bound":15059.230089973933},"point_estimate":14912.644367872219,"standard_error":68.27016367039425},"std_dev":{"confidence_interval":{"confidence_level":0.95,"lower_bound":2355.020480956659,"upper_bound":9899.82508091516},"point_estimate":6365.046951681335,"standard_error":2095.000445328321}}