{"mean":{"confidence_interval":{"confidence_level":0.95,"lower_bound":6901.955626803268,"upper_bound":7921.528139785929},"point_estimate":7329.522450245266,"standard_error":264.0274632618411},"median":{"confidence_interval":{"confidence_level":0.95,"lower_bound":6563.289841849149,"upper_bound":6758.516240875912},"point_estimate":6613.730227486039,"standard_error":46.475703914953456},"median_abs_dev":{"confidence_interval":{"confidence_level":0.95,"lower_bound":227.52385624343117,"upper_bound":458.27901719518366},"point_estimate":292.47885298907073,"standard_error":57.380936387092},"slope":{"confidence_interval":{"confidence_level":0.95,"lower_bound":6477.968382091185,"upper_bound":6542.260357584212},"point_estimate":6506.645459275855,"standard_error":16.45334380855835},"std_dev":{"confidence_interval":{"confidence_level":0.95,"lower_bound":873.7543178657618,"upper_bound":4185.392173171297},"point_estimate":2650.376358518321,"standard_error":926.4910458868791}}