{"mean":{"confidence_interval":{"confidence_level":0.95,"lower_bound":12925.713279317264,"upper_bound":15476.620074051352},"point_estimate":14048.589024358986,"standard_error":656.628873789271},"median":{"confidence_interval":{"confidence_level":0.95,"lower_bound":12054.165189555815,"upper_bound":12541.90848806366},"point_estimate":12211.456363730356,"standard_error":156.39157815197234},"median_abs_dev":{"confidence_interval":{"confidence_level":0.95,"lower_bound":633.5640636204114,"upper_bound":1371.1216180796928},"point_estimate":910.2550709575003,"standard_error":204.3055494484271},"slope":{"confidence_interval":{"confidence_level":0.95,"lower_bound":11866.87929208481,"upper_bound":12212.285065345148},"point_estimate":12022.794000333442,"standard_error":88.25983149408863},"std_dev":{"confidence_interval":{"confidence_level":0.95,"lower_bound":2072.0564230797527,"upper_bound":9603.655515642899},"point_estimate":6596.123125200422,"standard_error":1851.5950300980433}}