{"mean":{"confidence_interval":{"confidence_level":0.95,"lower_bound":16706.946439062172,"upper_bound":20000.44366816777},"point_estimate":18086.171112486478,"standard_error":863.379361396668},"median":{"confidence_interval":{"confidence_level":0.95,"lower_bound":15650.848692480358,"upper_bound":16636.387373737372},"point_estimate":16229.612052429668,"standard_error":255.04758544882222},"median_abs_dev":{"confidence_interval":{"confidence_level":0.95,"lower_bound":1496.0941976021627,"upper_bound":2693.9460207713805},"point_estimate":2008.2882936845983,"standard_error":318.16612688037947},"slope":{"confidence_interval":{"confidence_level":0.95,"lower_bound":14886.480034312646,"upper_bound":15466.2468014853},"point_estimate":15153.467767328972,"standard_error":147.73115385686398},"std_dev":{"confidence_interval":{"confidence_level":0.95,"lower_bound":3034.6973037141443,"upper_bound":13753.47057636265},"point_estimate":8690.337296199044,"standard_error":3184.659191814157}}