{"mean":{"confidence_interval":{"confidence_level":0.95,"lower_bound":1769.9961234211692,"upper_bound":2131.1613473243942},"point_estimate":1928.0330235544573,"standard_error":92.79314916612938},"median":{"confidence_interval":{"confidence_level":0.95,"lower_bound":1626.526807598039,"upper_bound":1698.3149881164586},"point_estimate":1667.3714675623337,"standard_error":17.247641263481672},"median_abs_dev":{"confidence_interval":{"confidence_level":0.95,"lower_bound":100.80019786151422,"upper_bound":195.58607559146387},"point_estimate":152.55851416562345,"standard_error":25.193930010297937},"slope":{"confidence_interval":{"confidence_level":0.95,"lower_bound":1579.4934696996143,"upper_bound":1609.7554693220004},"point_estimate":1593.2609446651425,"standard_error":7.691170426405717},"std_dev":{"confidence_interval":{"confidence_level":0.95,"lower_bound":372.24527522421914,"upper_bound":1384.3550067423112},"point_estimate":929.3741819288091,"standard_error":263.0286433243687}}