{"mean":{"confidence_interval":{"confidence_level":0.95,"lower_bound":1816.48474962532,"upper_bound":2198.0418264524224},"point_estimate":1984.0990961486777,"standard_error":97.67974183833857},"median":{"confidence_interval":{"confidence_level":0.95,"lower_bound":1656.827730421735,"upper_bound":1749.440840245966},"point_estimate":1694.0177533370934,"standard_error":23.830802741700808},"median_abs_dev":{"confidence_interval":{"confidence_level":0.95,"lower_bound":93.95719360633282,"upper_bound":205.2489956595785},"point_estimate":142.53496610668978,"standard_error":27.931168026980874},"slope":{"confidence_interval":{"confidence_level":0.95,"lower_bound":1620.8714738283966,"upper_bound":1645.9842594663844},"point_estimate":1632.095334149977,"standard_error":6.450879474991274},"std_dev":{"confidence_interval":{"confidence_level":0.95,"lower_bound":404.120438657226,"upper_bound":1448.9623439278698},"point_estimate":981.683803659457,"standard_error":271.61569373129885}}