{"mean":{"confidence_interval":{"confidence_level":0.95,"lower_bound":1498.4311878703033,"upper_bound":1790.7473909019855},"point_estimate":1624.7104705548984,"standard_error":75.46426932739378},"median":{"confidence_interval":{"confidence_level":0.95,"lower_bound":1380.8074323182354,"upper_bound":1440.6196280668855},"point_estimate":1400.527941177916,"standard_error":16.088248794574824},"median_abs_dev":{"confidence_interval":{"confidence_level":0.95,"lower_bound":60.833903665004094,"upper_bound":139.7603663407636},"point_estimate":86.47430581510382,"standard_error":20.052968628079753},"slope":{"confidence_interval":{"confidence_level":0.95,"lower_bound":1360.198819842963,"upper_bound":1376.9243808338942},"point_estimate":1367.4854769100564,"standard_error":4.265043676963026},"std_dev":{"confidence_interval":{"confidence_level":0.95,"lower_bound":284.51934600589453,"upper_bound":1162.2418048518552},"point_estimate":759.3526409006837,"standard_error":231.97371195038613}}