{"mean":{"confidence_interval":{"confidence_level":0.95,"lower_bound":1846.044199388118,"upper_bound":2242.170547400922},"point_estimate":2020.9517628801595,"standard_error":101.76174589535071},"median":{"confidence_interval":{"confidence_level":0.95,"lower_bound":1689.2197053610987,"upper_bound":1823.4738175675675},"point_estimate":1724.3685058482852,"standard_error":33.473877615655134},"median_abs_dev":{"confidence_interval":{"confidence_level":0.95,"lower_bound":145.99173796879953,"upper_bound":285.76487657773504},"point_estimate":190.66063341361667,"standard_error":33.6700195806252},"slope":{"confidence_interval":{"confidence_level":0.95,"lower_bound":1637.141106553147,"upper_bound":1685.7612293467887},"point_estimate":1659.4054567525632,"standard_error":12.372897860452662},"std_dev":{"confidence_interval":{"confidence_level":0.95,"lower_bound":430.02360511685583,"upper_bound":1514.061760343053},"point_estimate":1023.0460129375239,"standard_error":281.4188153938197}}