{"mean":{"confidence_interval":{"confidence_level":0.95,"lower_bound":1491.6604256272683,"upper_bound":1854.484608598157},"point_estimate":1649.1497766706568,"standard_error":94.24629907512471},"median":{"confidence_interval":{"confidence_level":0.95,"lower_bound":1329.250465116279,"upper_bound":1444.5627658353733},"point_estimate":1359.2421311917635,"standard_error":26.96768337608972},"median_abs_dev":{"confidence_interval":{"confidence_level":0.95,"lower_bound":81.6165471131863,"upper_bound":229.2013493754104},"point_estimate":129.3648234369966,"standard_error":34.14123266367298},"slope":{"confidence_interval":{"confidence_level":0.95,"lower_bound":1311.875726965535,"upper_bound":1341.5659717183112},"point_estimate":1325.0908115435373,"standard_error":7.58810387855141},"std_dev":{"confidence_interval":{"confidence_level":0.95,"lower_bound":364.1488492418111,"upper_bound":1446.388187152253},"point_estimate":948.6618906715755,"standard_error":288.8288521549066}}