{"mean":{"confidence_interval":{"confidence_level":0.95,"lower_bound":1478.779517265873,"upper_bound":1736.6968890494293},"point_estimate":1591.8437741937764,"standard_error":66.90201743561977},"median":{"confidence_interval":{"confidence_level":0.95,"lower_bound":1352.2668687695823,"upper_bound":1434.2092630371033},"point_estimate":1396.2607588395954,"standard_error":15.543651702764645},"median_abs_dev":{"confidence_interval":{"confidence_level":0.95,"lower_bound":80.23509295572256,"upper_bound":184.3647941869449},"point_estimate":134.70724930357167,"standard_error":24.335022546533764},"slope":{"confidence_interval":{"confidence_level":0.95,"lower_bound":1345.797045168127,"upper_bound":1377.4918282505498},"point_estimate":1360.7643193403512,"standard_error":8.090010022716347},"std_dev":{"confidence_interval":{"confidence_level":0.95,"lower_bound":278.9958166285381,"upper_bound":1005.7518863347225},"point_estimate":675.840289864191,"standard_error":190.47762103025042}}