{"mean":{"confidence_interval":{"confidence_level":0.95,"lower_bound":361513.5109636934,"upper_bound":458856.72934952006},"point_estimate":401596.36061740346,"standard_error":25325.426867371396},"median":{"confidence_interval":{"confidence_level":0.95,"lower_bound":331159.8390804598,"upper_bound":353341.2236842105},"point_estimate":335985.4508532678,"standard_error":6128.396073144086},"median_abs_dev":{"confidence_interval":{"confidence_level":0.95,"lower_bound":26415.47299560089,"upper_bound":48597.21533022967},"point_estimate":33345.168715394735,"standard_error":5550.73305612794},"slope":{"confidence_interval":{"confidence_level":0.95,"lower_bound":320989.4579229624,"upper_bound":328140.3294857009},"point_estimate":324167.4627614403,"standard_error":1824.251640933683},"std_dev":{"confidence_interval":{"confidence_level":0.95,"lower_bound":80783.44389938336,"upper_bound":403443.89336990326},"point_estimate":253345.4699602187,"standard_error":93217.06358336056}}