{"mean":{"confidence_interval":{"confidence_level":0.95,"lower_bound":228951.16600249815,"upper_bound":267932.6046577711},"point_estimate":245149.9755109016,"standard_error":10141.031169609758},"median":{"confidence_interval":{"confidence_level":0.95,"lower_bound":215938.22,"upper_bound":222071.5023255814},"point_estimate":219482.7784722222,"standard_error":1709.805562152507},"median_abs_dev":{"confidence_interval":{"confidence_level":0.95,"lower_bound":7339.4814421981655,"upper_bound":15508.914102363175},"point_estimate":11754.981819716017,"standard_error":2207.362062588197},"slope":{"confidence_interval":{"confidence_level":0.95,"lower_bound":213308.01653060163,"upper_bound":215390.90373762714},"point_estimate":214225.4858672972,"standard_error":529.9397304241311},"std_dev":{"confidence_interval":{"confidence_level":0.95,"lower_bound":31027.225527755614,"upper_bound":162511.53870776237},"point_estimate":102288.64407631393,"standard_error":37465.6997883579}}