{"mean":{"confidence_interval":{"confidence_level":0.95,"lower_bound":285815.68624024995,"upper_bound":334800.06262239994},"point_estimate":306402.9580565414,"standard_error":12714.61605083501},"median":{"confidence_interval":{"confidence_level":0.95,"lower_bound":274968.0840572034,"upper_bound":286921.5301629348},"point_estimate":280178.0924145299,"standard_error":3438.276730423073},"median_abs_dev":{"confidence_interval":{"confidence_level":0.95,"lower_bound":19122.442673842113,"upper_bound":36489.952637832765},"point_estimate":27869.10630613027,"standard_error":4633.717526783467},"slope":{"confidence_interval":{"confidence_level":0.95,"lower_bound":265024.4462944796,"upper_bound":277123.578290964},"point_estimate":270900.5791295995,"standard_error":3093.8738534461163},"std_dev":{"confidence_interval":{"confidence_level":0.95,"lower_bound":40766.081542040265,"upper_bound":201167.55195983034},"point_estimate":127548.23671470389,"standard_error":45383.53444538066}}