{"mean":{"confidence_interval":{"confidence_level":0.95,"lower_bound":259885.02054810867,"upper_bound":312635.04607057094},"point_estimate":281743.4409820792,"standard_error":13682.647736091938},"median":{"confidence_interval":{"confidence_level":0.95,"lower_bound":243078.8016067538,"upper_bound":250360.1554054054},"point_estimate":245319.2790780142,"standard_error":1919.8804875389324},"median_abs_dev":{"confidence_interval":{"confidence_level":0.95,"lower_bound":7534.429161168577,"upper_bound":17391.46012791841},"point_estimate":11467.059116034388,"standard_error":2722.304340723037},"slope":{"confidence_interval":{"confidence_level":0.95,"lower_bound":240438.82712454058,"upper_bound":243493.33116655986},"point_estimate":241790.59486182948,"standard_error":777.1567407515415},"std_dev":{"confidence_interval":{"confidence_level":0.95,"lower_bound":41628.7061836562,"upper_bound":218877.35507805404},"point_estimate":137702.57243430894,"standard_error":50084.65545422161}}