{"mean":{"confidence_interval":{"confidence_level":0.95,"lower_bound":302114.40506346076,"upper_bound":366043.0486418779},"point_estimate":329081.67367349414,"standard_error":16560.725102686185},"median":{"confidence_interval":{"confidence_level":0.95,"lower_bound":281722.5860917538,"upper_bound":291989.01666666666},"point_estimate":286581.54199810605,"standard_error":2882.955529556327},"median_abs_dev":{"confidence_interval":{"confidence_level":0.95,"lower_bound":17372.372970652763,"upper_bound":30573.813708578607},"point_estimate":23518.084664701335,"standard_error":3215.5936692578694},"slope":{"confidence_interval":{"confidence_level":0.95,"lower_bound":274234.40885753784,"upper_bound":279286.6547350381},"point_estimate":276533.45335377567,"standard_error":1288.8165387816593},"std_dev":{"confidence_interval":{"confidence_level":0.95,"lower_bound":59732.58473994018,"upper_bound":260702.07473882523},"point_estimate":166265.70638117753,"standard_error":56789.43292510611}}