{"mean":{"confidence_interval":{"confidence_level":0.95,"lower_bound":374225.27088734513,"upper_bound":383369.01133496384},"point_estimate":378628.6980796786,"standard_error":2334.2212338616037},"median":{"confidence_interval":{"confidence_level":0.95,"lower_bound":369501.7172995781,"upper_bound":380199.8765432099},"point_estimate":375687.8702051399,"standard_error":2661.238886340419},"median_abs_dev":{"confidence_interval":{"confidence_level":0.95,"lower_bound":15514.938394620562,"upper_bound":26075.227980021446},"point_estimate":20725.26566564273,"standard_error":2578.0822577929302},"slope":{"confidence_interval":{"confidence_level":0.95,"lower_bound":362809.76348994364,"upper_bound":368927.3511492828},"point_estimate":365816.8953381607,"standard_error":1561.4005433715413},"std_dev":{"confidence_interval":{"confidence_level":0.95,"lower_bound":17676.635908324173,"upper_bound":29665.421446484932},"point_estimate":23543.610727716037,"standard_error":3132.1626659284575}}