{"mean":{"confidence_interval":{"confidence_level":0.95,"lower_bound":326735.479514099,"upper_bound":330644.8355373889},"point_estimate":328418.12185899366,"standard_error":1003.5591532769477},"median":{"confidence_interval":{"confidence_level":0.95,"lower_bound":326407.78162055335,"upper_bound":328961.1361451658},"point_estimate":327971.265,"standard_error":624.6146246153658},"median_abs_dev":{"confidence_interval":{"confidence_level":0.95,"lower_bound":4107.120471891833,"upper_bound":6725.608554280782},"point_estimate":5379.087511088351,"standard_error":678.4200707481781},"slope":{"confidence_interval":{"confidence_level":0.95,"lower_bound":328797.559648265,"upper_bound":330653.8317474553},"point_estimate":329746.179981528,"standard_error":473.38911610289506},"std_dev":{"confidence_interval":{"confidence_level":0.95,"lower_bound":4791.397827023635,"upper_bound":15468.009204443626},"point_estimate":10039.063583743015,"standard_error":3265.5052622331596}}