{"mean":{"confidence_interval":{"confidence_level":0.95,"lower_bound":314028.2532722618,"upper_bound":317426.3950260205},"point_estimate":315528.23086075974,"standard_error":872.1479523056377},"median":{"confidence_interval":{"confidence_level":0.95,"lower_bound":312233.31843487395,"upper_bound":313730.375},"point_estimate":312788.7177579365,"standard_error":352.94632777495866},"median_abs_dev":{"confidence_interval":{"confidence_level":0.95,"lower_bound":2101.2207355473524,"upper_bound":4039.192607760409},"point_estimate":3102.043000703086,"standard_error":529.9803266193459},"slope":{"confidence_interval":{"confidence_level":0.95,"lower_bound":313078.83335905557,"upper_bound":315536.4386454659},"point_estimate":314260.4061245751,"standard_error":628.5002681630361},"std_dev":{"confidence_interval":{"confidence_level":0.95,"lower_bound":4707.714508802247,"upper_bound":13009.388211625886},"point_estimate":8785.68127168398,"standard_error":2424.7572992960895}}