{"mean":{"confidence_interval":{"confidence_level":0.95,"lower_bound":349724.937353633,"upper_bound":359997.7240783178},"point_estimate":354551.9368327415,"standard_error":2623.7425585155465},"median":{"confidence_interval":{"confidence_level":0.95,"lower_bound":344979.0266798419,"upper_bound":354948.7894736842},"point_estimate":351332.70048309176,"standard_error":2787.8187538663096},"median_abs_dev":{"confidence_interval":{"confidence_level":0.95,"lower_bound":13711.505915302274,"upper_bound":21755.05426377055},"point_estimate":16953.17933812857,"standard_error":2124.384615708158},"slope":{"confidence_interval":{"confidence_level":0.95,"lower_bound":340499.7246064738,"upper_bound":348738.4017197183},"point_estimate":344416.7856302645,"standard_error":2111.6888121361812},"std_dev":{"confidence_interval":{"confidence_level":0.95,"lower_bound":17285.060392689797,"upper_bound":34656.61114112583},"point_estimate":26402.143851825873,"standard_error":4451.623822703006}}