{"mean":{"confidence_interval":{"confidence_level":0.95,"lower_bound":19866.54140321894,"upper_bound":21143.025329700013},"point_estimate":20413.904463156836,"standard_error":330.8709474133663},"median":{"confidence_interval":{"confidence_level":0.95,"lower_bound":19295.374309129027,"upper_bound":19577.209677419356},"point_estimate":19434.870501911457,"standard_error":74.7791881299274},"median_abs_dev":{"confidence_interval":{"confidence_level":0.95,"lower_bound":356.0899369444694,"upper_bound":814.3534775428942},"point_estimate":579.4325608062894,"standard_error":119.28364852462458},"slope":{"confidence_interval":{"confidence_level":0.95,"lower_bound":19160.470620162305,"upper_bound":19289.524569730584},"point_estimate":19221.559623310684,"standard_error":33.000880703035946},"std_dev":{"confidence_interval":{"confidence_level":0.95,"lower_bound":1317.0134417895906,"upper_bound":5104.054136633942},"point_estimate":3300.265539278857,"standard_error":1038.405901396862}}