{"mean":{"confidence_interval":{"confidence_level":0.95,"lower_bound":20553.28534589144,"upper_bound":20990.805515553355},"point_estimate":20753.410942966315,"standard_error":111.64245831833601},"median":{"confidence_interval":{"confidence_level":0.95,"lower_bound":20399.882692307692,"upper_bound":20526.37505154639},"point_estimate":20486.527849640683,"standard_error":29.269984827316584},"median_abs_dev":{"confidence_interval":{"confidence_level":0.95,"lower_bound":175.41181736765986,"upper_bound":297.2599968356728},"point_estimate":236.55554921890337,"standard_error":29.73334463473822},"slope":{"confidence_interval":{"confidence_level":0.95,"lower_bound":20313.48814616423,"upper_bound":20422.825258069115},"point_estimate":20368.484733678142,"standard_error":27.921876809027978},"std_dev":{"confidence_interval":{"confidence_level":0.95,"lower_bound":628.0295409481835,"upper_bound":1512.8021019794842},"point_estimate":1117.9140804090973,"standard_error":224.8683085352903}}