{"mean":{"confidence_interval":{"confidence_level":0.95,"lower_bound":30915.644030766714,"upper_bound":34676.53943928007},"point_estimate":32527.814370517157,"standard_error":975.864172675999},"median":{"confidence_interval":{"confidence_level":0.95,"lower_bound":29806.248934875228,"upper_bound":30949.23013375295},"point_estimate":30206.595416666667,"standard_error":229.79223108201126},"median_abs_dev":{"confidence_interval":{"confidence_level":0.95,"lower_bound":1528.3884497810047,"upper_bound":2864.107562894386},"point_estimate":2174.2793197590063,"standard_error":345.85621384442214},"slope":{"confidence_interval":{"confidence_level":0.95,"lower_bound":29816.969391325598,"upper_bound":30834.38319838769},"point_estimate":30311.996715750534,"standard_error":260.0089732431229},"std_dev":{"confidence_interval":{"confidence_level":0.95,"lower_bound":3658.028212987324,"upper_bound":15174.740196974544},"point_estimate":9810.816405268291,"standard_error":3200.025545331052}}