{"mean":{"confidence_interval":{"confidence_level":0.95,"lower_bound":11689271.45245,"upper_bound":12214247.344199998},"point_estimate":11941322.801999997,"standard_error":133422.54742435724},"median":{"confidence_interval":{"confidence_level":0.95,"lower_bound":11319179.7,"upper_bound":11661829.4},"point_estimate":11454619.6,"standard_error":89598.09791249446},"median_abs_dev":{"confidence_interval":{"confidence_level":0.95,"lower_bound":524565.3683871031,"upper_bound":976053.9771115786},"point_estimate":749661.2576508516,"standard_error":117374.1020074991},"slope":null,"std_dev":{"confidence_interval":{"confidence_level":0.95,"lower_bound":1030961.4756355669,"upper_bound":1605875.7311142555},"point_estimate":1341328.1315925044,"standard_error":147336.7583889692}}