{"mean":{"confidence_interval":{"confidence_level":0.95,"lower_bound":4487236.198299998,"upper_bound":4573455.984800002},"point_estimate":4528654.855999999,"standard_error":21989.500171464133},"median":{"confidence_interval":{"confidence_level":0.95,"lower_bound":4452885.8,"upper_bound":4563347.8},"point_estimate":4510686.5,"standard_error":29076.262654136437},"median_abs_dev":{"confidence_interval":{"confidence_level":0.95,"lower_bound":154784.77159202017,"upper_bound":245669.33605849702},"point_estimate":195008.1536579128,"standard_error":22207.02047838684},"slope":null,"std_dev":{"confidence_interval":{"confidence_level":0.95,"lower_bound":166149.50030392408,"upper_bound":274245.1788459329},"point_estimate":220778.93472515303,"standard_error":27833.741272551015}}