{"mean":{"confidence_interval":{"confidence_level":0.95,"lower_bound":4535088.3396000005,"upper_bound":4659032.450050002},"point_estimate":4595944.665999999,"standard_error":31665.750417782983},"median":{"confidence_interval":{"confidence_level":0.95,"lower_bound":4460051.3,"upper_bound":4607403.8},"point_estimate":4534761.8,"standard_error":39311.841283577145},"median_abs_dev":{"confidence_interval":{"confidence_level":0.95,"lower_bound":191300.6196102349,"upper_bound":338066.93827611255},"point_estimate":251107.06798195757,"standard_error":37988.55287726879},"slope":null,"std_dev":{"confidence_interval":{"confidence_level":0.95,"lower_bound":262474.7670397183,"upper_bound":370366.1844185962},"point_estimate":318079.03987456206,"standard_error":27624.14396950183}}