{"mean":{"confidence_interval":{"confidence_level":0.95,"lower_bound":4405471.1887,"upper_bound":4589149.660650002},"point_estimate":4495454.356000001,"standard_error":46914.80680594226},"median":{"confidence_interval":{"confidence_level":0.95,"lower_bound":4326469.2,"upper_bound":4538085.3},"point_estimate":4397418.1,"standard_error":58228.156397879626},"median_abs_dev":{"confidence_interval":{"confidence_level":0.95,"lower_bound":316143.6879873276,"upper_bound":515327.2879511104},"point_estimate":406283.9872670178,"standard_error":50087.11229125891},"slope":null,"std_dev":{"confidence_interval":{"confidence_level":0.95,"lower_bound":389093.44430220744,"upper_bound":551865.5533761564},"point_estimate":471891.6092162268,"standard_error":41701.5657159701}}