{"mean":{"confidence_interval":{"confidence_level":0.95,"lower_bound":3765615.7608000007,"upper_bound":3919629.246399998},"point_estimate":3838119.9779999987,"standard_error":39464.83368066277},"median":{"confidence_interval":{"confidence_level":0.95,"lower_bound":3656561.4,"upper_bound":3742224.8},"point_estimate":3698873.7,"standard_error":23925.87786843985},"median_abs_dev":{"confidence_interval":{"confidence_level":0.95,"lower_bound":105400.99732875824,"upper_bound":206985.0410252806},"point_estimate":148975.50011515632,"standard_error":27306.657980646127},"slope":null,"std_dev":{"confidence_interval":{"confidence_level":0.95,"lower_bound":283522.15545616805,"upper_bound":488608.03709887515},"point_estimate":394846.3762868619,"standard_error":52368.47406520662}}