{"mean":{"confidence_interval":{"confidence_level":0.95,"lower_bound":3969131.415625,"upper_bound":4015090.70475},"point_estimate":3991681.6016666675,"standard_error":11727.411505213004},"median":{"confidence_interval":{"confidence_level":0.95,"lower_bound":3957209.75,"upper_bound":4013806.6666666665},"point_estimate":3990118.833333333,"standard_error":13496.29456020467},"median_abs_dev":{"confidence_interval":{"confidence_level":0.95,"lower_bound":81062.51261085249,"upper_bound":131354.65116798878},"point_estimate":101856.22434169077,"standard_error":12899.91784340511},"slope":null,"std_dev":{"confidence_interval":{"confidence_level":0.95,"lower_bound":96827.4519017139,"upper_bound":138536.7687115584},"point_estimate":117839.87627216382,"standard_error":10714.525568303494}}