{"mean":{"confidence_interval":{"confidence_level":0.95,"lower_bound":3839937.1757083326,"upper_bound":3945943.660916666},"point_estimate":3893305.4966666657,"standard_error":27134.724956346297},"median":{"confidence_interval":{"confidence_level":0.95,"lower_bound":3794533.416666667,"upper_bound":3936752.6666666665},"point_estimate":3828225.666666667,"standard_error":34110.02970449616},"median_abs_dev":{"confidence_interval":{"confidence_level":0.95,"lower_bound":175407.39128589607,"upper_bound":333417.9544806479},"point_estimate":259582.99319148087,"standard_error":42523.51674372308},"slope":null,"std_dev":{"confidence_interval":{"confidence_level":0.95,"lower_bound":235417.40369555063,"upper_bound":306257.50898169086},"point_estimate":272610.3844157881,"standard_error":18022.54065065106}}