{"mean":{"confidence_interval":{"confidence_level":0.95,"lower_bound":2798735.618833335,"upper_bound":2882115.540333334},"point_estimate":2838128.7416666667,"standard_error":21380.620535748218},"median":{"confidence_interval":{"confidence_level":0.95,"lower_bound":2739282.0833333335,"upper_bound":2816741.333333333},"point_estimate":2776066.5,"standard_error":19250.0467314273},"median_abs_dev":{"confidence_interval":{"confidence_level":0.95,"lower_bound":94467.44027286745,"upper_bound":161483.34977559763},"point_estimate":133176.51943564403,"standard_error":17368.620831893506},"slope":null,"std_dev":{"confidence_interval":{"confidence_level":0.95,"lower_bound":156575.8132881143,"upper_bound":266862.8022764838},"point_estimate":215554.316260867,"standard_error":28185.659744554097}}