{"mean":{"confidence_interval":{"confidence_level":0.95,"lower_bound":22592.26463145212,"upper_bound":23282.09821629128},"point_estimate":22877.015812064565,"standard_error":179.23678222663227},"median":{"confidence_interval":{"confidence_level":0.95,"lower_bound":22388.6403823178,"upper_bound":22469.539947089947},"point_estimate":22427.089053079242,"standard_error":19.884552772068023},"median_abs_dev":{"confidence_interval":{"confidence_level":0.95,"lower_bound":122.39987537219032,"upper_bound":227.75452397940745},"point_estimate":177.34346603905806,"standard_error":26.97841393762778},"slope":{"confidence_interval":{"confidence_level":0.95,"lower_bound":22345.797485561317,"upper_bound":22385.040955203953},"point_estimate":22364.581767531978,"standard_error":10.042746810406866},"std_dev":{"confidence_interval":{"confidence_level":0.95,"lower_bound":553.3950982516349,"upper_bound":2868.284095432427},"point_estimate":1796.5988204773416,"standard_error":665.5443803290209}}