{"mean":{"confidence_interval":{"confidence_level":0.95,"lower_bound":19076.737315548955,"upper_bound":19746.082374238445},"point_estimate":19356.317559480296,"standard_error":173.79429232511959},"median":{"confidence_interval":{"confidence_level":0.95,"lower_bound":18848.065565774807,"upper_bound":18994.065371569533},"point_estimate":18896.97336210754,"standard_error":40.60081572419046},"median_abs_dev":{"confidence_interval":{"confidence_level":0.95,"lower_bound":124.12920720104638,"upper_bound":301.61939357798974},"point_estimate":193.51318118161464,"standard_error":47.278528937661115},"slope":{"confidence_interval":{"confidence_level":0.95,"lower_bound":18807.305187485563,"upper_bound":18844.125894431152},"point_estimate":18823.623164333305,"standard_error":9.388307826178442},"std_dev":{"confidence_interval":{"confidence_level":0.95,"lower_bound":545.3615872646661,"upper_bound":2764.8060240049745},"point_estimate":1742.3834722743975,"standard_error":630.611440342657}}