{"mean":{"confidence_interval":{"confidence_level":0.95,"lower_bound":16835.586626314976,"upper_bound":17358.060198550276},"point_estimate":17051.8103024705,"standard_error":136.0591600921179},"median":{"confidence_interval":{"confidence_level":0.95,"lower_bound":16682.755536130535,"upper_bound":16758.97737556561},"point_estimate":16718.047243989553,"standard_error":18.38056928124727},"median_abs_dev":{"confidence_interval":{"confidence_level":0.95,"lower_bound":112.20792132521795,"upper_bound":210.6861103500692},"point_estimate":151.78357966876865,"standard_error":24.28062252350414},"slope":{"confidence_interval":{"confidence_level":0.95,"lower_bound":16627.58063925043,"upper_bound":16664.575451782184},"point_estimate":16644.732831842313,"standard_error":9.413591374154384},"std_dev":{"confidence_interval":{"confidence_level":0.95,"lower_bound":415.77399350245645,"upper_bound":2175.208644910722},"point_estimate":1362.0552115224523,"standard_error":508.10782227469264}}