{"mean":{"confidence_interval":{"confidence_level":0.95,"lower_bound":20764.12884023979,"upper_bound":21855.24053783008},"point_estimate":21256.586182750158,"standard_error":280.2004662612209},"median":{"confidence_interval":{"confidence_level":0.95,"lower_bound":20654.810631229237,"upper_bound":21549.529546321006},"point_estimate":21150.191310128375,"standard_error":187.3951502357437},"median_abs_dev":{"confidence_interval":{"confidence_level":0.95,"lower_bound":1143.764229938608,"upper_bound":2005.6659013056326},"point_estimate":1584.2994145879707,"standard_error":228.02918861664432},"slope":{"confidence_interval":{"confidence_level":0.95,"lower_bound":19781.651214119076,"upper_bound":20439.196359613714},"point_estimate":20099.15900357755,"standard_error":167.96237605631552},"std_dev":{"confidence_interval":{"confidence_level":0.95,"lower_bound":1547.9458210020473,"upper_bound":4121.647987633469},"point_estimate":2824.385930746923,"standard_error":720.2564918619879}}