{"mean":{"confidence_interval":{"confidence_level":0.95,"lower_bound":19863.075781954612,"upper_bound":20852.21994044593},"point_estimate":20289.43924869012,"standard_error":254.7184501048221},"median":{"confidence_interval":{"confidence_level":0.95,"lower_bound":19493.21909090909,"upper_bound":20046.324843260187},"point_estimate":19720.030546327056,"standard_error":132.41132202252373},"median_abs_dev":{"confidence_interval":{"confidence_level":0.95,"lower_bound":914.3386309235536,"upper_bound":1471.771966295065},"point_estimate":1239.272201285152,"standard_error":144.5519921170442},"slope":{"confidence_interval":{"confidence_level":0.95,"lower_bound":19358.53672736927,"upper_bound":19758.976292407235},"point_estimate":19557.71088893964,"standard_error":101.96046904386023},"std_dev":{"confidence_interval":{"confidence_level":0.95,"lower_bound":1195.0040491651612,"upper_bound":3895.6964182748425},"point_estimate":2550.564072721053,"standard_error":786.7151579822456}}