{"mean":{"confidence_interval":{"confidence_level":0.95,"lower_bound":33905.67813564695,"upper_bound":35752.514827507046},"point_estimate":34699.100203317335,"standard_error":477.6788894040157},"median":{"confidence_interval":{"confidence_level":0.95,"lower_bound":33246.681623931625,"upper_bound":33879.64378698225},"point_estimate":33529.2597985348,"standard_error":163.74448696965644},"median_abs_dev":{"confidence_interval":{"confidence_level":0.95,"lower_bound":850.658246787292,"upper_bound":1563.3397463904714},"point_estimate":1301.6219221622125,"standard_error":185.58671094789028},"slope":{"confidence_interval":{"confidence_level":0.95,"lower_bound":33300.72601962384,"upper_bound":33851.605330287966},"point_estimate":33572.244210251105,"standard_error":140.4512654667522},"std_dev":{"confidence_interval":{"confidence_level":0.95,"lower_bound":1774.4453161080173,"upper_bound":7369.798535627952},"point_estimate":4788.299619933928,"standard_error":1504.3466740732415}}