{"mean":{"confidence_interval":{"confidence_level":0.95,"lower_bound":23171.700094859876,"upper_bound":24116.002684457446},"point_estimate":23576.646770490555,"standard_error":243.78959261892564},"median":{"confidence_interval":{"confidence_level":0.95,"lower_bound":22974.67455765482,"upper_bound":23232.849290266815},"point_estimate":23094.7281511471,"standard_error":68.65450605592314},"median_abs_dev":{"confidence_interval":{"confidence_level":0.95,"lower_bound":496.76841918060046,"upper_bound":881.4756909428279},"point_estimate":697.7811450083587,"standard_error":98.65484483783271},"slope":{"confidence_interval":{"confidence_level":0.95,"lower_bound":22675.391812057795,"upper_bound":22888.68763233338},"point_estimate":22779.90142084702,"standard_error":54.38585375001339},"std_dev":{"confidence_interval":{"confidence_level":0.95,"lower_bound":986.7053344188918,"upper_bound":3791.967239262979},"point_estimate":2454.1742228299627,"standard_error":789.8884421948108}}