{"mean":{"confidence_interval":{"confidence_level":0.95,"lower_bound":18123.45633584354,"upper_bound":18827.61316895216},"point_estimate":18416.73712166829,"standard_error":183.21848921301003},"median":{"confidence_interval":{"confidence_level":0.95,"lower_bound":17884.814393939392,"upper_bound":17995.205237268518},"point_estimate":17939.22921572475,"standard_error":25.64715379210502},"median_abs_dev":{"confidence_interval":{"confidence_level":0.95,"lower_bound":127.93819227736839,"upper_bound":267.9124818410975},"point_estimate":178.2174437915001,"standard_error":35.158164697884295},"slope":{"confidence_interval":{"confidence_level":0.95,"lower_bound":17846.56146293948,"upper_bound":17889.673011278668},"point_estimate":17865.320658218807,"standard_error":11.017993900321034},"std_dev":{"confidence_interval":{"confidence_level":0.95,"lower_bound":577.6575256494751,"upper_bound":2928.5975708888172},"point_estimate":1840.6558460941958,"standard_error":673.8259445062101}}