{"mean":{"confidence_interval":{"confidence_level":0.95,"lower_bound":3831909.712333333,"upper_bound":3845509.220416665},"point_estimate":3838664.746666665,"standard_error":3472.790829592411},"median":{"confidence_interval":{"confidence_level":0.95,"lower_bound":3830509.416666667,"upper_bound":3850368.3333333335},"point_estimate":3841659.75,"standard_error":4268.930679802495},"median_abs_dev":{"confidence_interval":{"confidence_level":0.95,"lower_bound":26834.92361858499,"upper_bound":45108.60457666241},"point_estimate":36336.919204890844,"standard_error":4802.939853112131},"slope":null,"std_dev":{"confidence_interval":{"confidence_level":0.95,"lower_bound":30480.50645559615,"upper_bound":38844.68368008283},"point_estimate":34892.24177230539,"standard_error":2130.4862506371737}}