{"mean":{"confidence_interval":{"confidence_level":0.95,"lower_bound":4274578.679999999,"upper_bound":4365272.247250001},"point_estimate":4318485.527999999,"standard_error":23138.297295698798},"median":{"confidence_interval":{"confidence_level":0.95,"lower_bound":4244849.6,"upper_bound":4315912.4},"point_estimate":4280802.4,"standard_error":17034.613591253896},"median_abs_dev":{"confidence_interval":{"confidence_level":0.95,"lower_bound":153034.11754310146,"upper_bound":248291.46237194512},"point_estimate":196192.45451688836,"standard_error":24119.153960406515},"slope":null,"std_dev":{"confidence_interval":{"confidence_level":0.95,"lower_bound":189107.34607204105,"upper_bound":274556.1962519401},"point_estimate":233151.59076753716,"standard_error":21835.086890081915}}