{"mean":{"confidence_interval":{"confidence_level":0.95,"lower_bound":3662893.479499999,"upper_bound":3669144.766708332},"point_estimate":3665988.056666666,"standard_error":1588.3827322626707},"median":{"confidence_interval":{"confidence_level":0.95,"lower_bound":3660720.666666667,"upper_bound":3668637.3333333335},"point_estimate":3664612.3333333335,"standard_error":2108.1051439832354},"median_abs_dev":{"confidence_interval":{"confidence_level":0.95,"lower_bound":12860.937021672957,"upper_bound":21905.908811092606},"point_estimate":19175.083209573993,"standard_error":2373.02741210438},"slope":null,"std_dev":{"confidence_interval":{"confidence_level":0.95,"lower_bound":13832.736442311243,"upper_bound":17819.28482479153},"point_estimate":15910.174186874528,"standard_error":1023.1478739853786}}