{"mean":{"confidence_interval":{"confidence_level":0.95,"lower_bound":8374636.9195,"upper_bound":8383009.586125004},"point_estimate":8378761.346666669,"standard_error":2132.461554222359},"median":{"confidence_interval":{"confidence_level":0.95,"lower_bound":8372196.833333333,"upper_bound":8383063.583333334},"point_estimate":8378246.416666666,"standard_error":2728.7892195216787},"median_abs_dev":{"confidence_interval":{"confidence_level":0.95,"lower_bound":14649.446789920099,"upper_bound":22338.210253417263},"point_estimate":18421.55177295185,"standard_error":2038.156165832109},"slope":null,"std_dev":{"confidence_interval":{"confidence_level":0.95,"lower_bound":17239.990188129057,"upper_bound":25643.285656246455},"point_estimate":21530.830012972663,"standard_error":2148.3143258040236}}