{"mean":{"confidence_interval":{"confidence_level":0.95,"lower_bound":6098176.204375001,"upper_bound":6199104.357249999},"point_estimate":6145195.0775,"standard_error":25722.609753153556},"median":{"confidence_interval":{"confidence_level":0.95,"lower_bound":6063563.0,"upper_bound":6137039.0},"point_estimate":6085450.875,"standard_error":19626.199729429525},"median_abs_dev":{"confidence_interval":{"confidence_level":0.95,"lower_bound":102578.49762886763,"upper_bound":190570.80606669188},"point_estimate":156696.5471930802,"standard_error":24138.378767900518},"slope":null,"std_dev":{"confidence_interval":{"confidence_level":0.95,"lower_bound":170364.04649842408,"upper_bound":338277.8815104834},"point_estimate":258309.60368965697,"standard_error":43017.60128573573}}