{"mean":{"confidence_interval":{"confidence_level":0.95,"lower_bound":3754775.2997500002,"upper_bound":3762065.448458333},"point_estimate":3758370.8766666655,"standard_error":1859.3170454788196},"median":{"confidence_interval":{"confidence_level":0.95,"lower_bound":3752772.1666666665,"upper_bound":3759938.6666666665},"point_estimate":3755964.0,"standard_error":1918.2095032813752},"median_abs_dev":{"confidence_interval":{"confidence_level":0.95,"lower_bound":13467.443960904844,"upper_bound":22894.432343542114},"point_estimate":18297.878225147724,"standard_error":2394.133362866201},"slope":null,"std_dev":{"confidence_interval":{"confidence_level":0.95,"lower_bound":15801.303656703687,"upper_bound":21404.22919868041},"point_estimate":18712.778027290995,"standard_error":1435.5117355453015}}