{"mean":{"confidence_interval":{"confidence_level":0.95,"lower_bound":3374530.1583333327,"upper_bound":3386717.0412916653},"point_estimate":3380472.161666666,"standard_error":3120.6993801155377},"median":{"confidence_interval":{"confidence_level":0.95,"lower_bound":3366439.8333333335,"upper_bound":3376023.0},"point_estimate":3369181.25,"standard_error":2874.8356447054125},"median_abs_dev":{"confidence_interval":{"confidence_level":0.95,"lower_bound":14343.907645344965,"upper_bound":27786.641606688037},"point_estimate":19298.262557387352,"standard_error":3627.9823601715043},"slope":null,"std_dev":{"confidence_interval":{"confidence_level":0.95,"lower_bound":25665.31659089467,"upper_bound":36062.98019833975},"point_estimate":31388.180630719133,"standard_error":2663.6264774421074}}