{"mean":{"confidence_interval":{"confidence_level":0.95,"lower_bound":3713440.465333333,"upper_bound":3720876.595500001},"point_estimate":3717092.113333335,"standard_error":1899.1197010035262},"median":{"confidence_interval":{"confidence_level":0.95,"lower_bound":3710185.8333333335,"upper_bound":3717952.8333333335},"point_estimate":3713033.0,"standard_error":1865.4413916775168},"median_abs_dev":{"confidence_interval":{"confidence_level":0.95,"lower_bound":12120.288761072088,"upper_bound":20353.379538655052},"point_estimate":17219.16319429886,"standard_error":2116.2652995450917},"slope":null,"std_dev":{"confidence_interval":{"confidence_level":0.95,"lower_bound":15591.624363116793,"upper_bound":22293.62663533711},"point_estimate":19107.804701307243,"standard_error":1717.7751409313046}}