{"mean":{"confidence_interval":{"confidence_level":0.95,"lower_bound":11529410.51275,"upper_bound":11741142.788399996},"point_estimate":11631886.841999998,"standard_error":54086.638079081895},"median":{"confidence_interval":{"confidence_level":0.95,"lower_bound":11382636.2,"upper_bound":11582829.2},"point_estimate":11494468.5,"standard_error":61460.758620860666},"median_abs_dev":{"confidence_interval":{"confidence_level":0.95,"lower_bound":274949.647718668,"upper_bound":502026.14228725433},"point_estimate":409159.93469595857,"standard_error":58408.76508282073},"slope":null,"std_dev":{"confidence_interval":{"confidence_level":0.95,"lower_bound":428936.7643908206,"upper_bound":642013.4562709194},"point_estimate":542758.3764883678,"standard_error":54489.159586672045}}