{"mean":{"confidence_interval":{"confidence_level":0.95,"lower_bound":9740538.814375002,"upper_bound":9972587.405500004},"point_estimate":9856375.936666666,"standard_error":59476.655017713805},"median":{"confidence_interval":{"confidence_level":0.95,"lower_bound":9657812.5,"upper_bound":10062253.666666666},"point_estimate":9829846.166666668,"standard_error":107530.73887031987},"median_abs_dev":{"confidence_interval":{"confidence_level":0.95,"lower_bound":510651.1676341295,"upper_bound":788547.8534504771},"point_estimate":683591.7596638226,"standard_error":67491.8676965618},"slope":null,"std_dev":{"confidence_interval":{"confidence_level":0.95,"lower_bound":524612.5958635216,"upper_bound":666824.4710652786},"point_estimate":599636.4074334484,"standard_error":36250.758347851486}}