{"mean":{"confidence_interval":{"confidence_level":0.95,"lower_bound":24265442.734833326,"upper_bound":24411924.015333336},"point_estimate":24336987.83333333,"standard_error":37667.48760332093},"median":{"confidence_interval":{"confidence_level":0.95,"lower_bound":24182802.666666668,"upper_bound":24335141.333333332},"point_estimate":24263568.666666664,"standard_error":36501.77769301873},"median_abs_dev":{"confidence_interval":{"confidence_level":0.95,"lower_bound":261450.1672433318,"upper_bound":411022.1791028995},"point_estimate":336380.4363280535,"standard_error":40041.70253880654},"slope":null,"std_dev":{"confidence_interval":{"confidence_level":0.95,"lower_bound":304969.1335864416,"upper_bound":451530.4302149467},"point_estimate":380397.0507467846,"standard_error":37684.38397149686}}