{"mean":{"confidence_interval":{"confidence_level":0.95,"lower_bound":3063803.3256875,"upper_bound":3068263.824734375},"point_estimate":3065979.89125,"standard_error":1139.9947988085592},"median":{"confidence_interval":{"confidence_level":0.95,"lower_bound":3061747.875,"upper_bound":3065954.0},"point_estimate":3063607.1875,"standard_error":1037.4020808370933},"median_abs_dev":{"confidence_interval":{"confidence_level":0.95,"lower_bound":7538.140572421253,"upper_bound":12291.309756785631},"point_estimate":10049.247946590185,"standard_error":1260.3818586468137},"slope":null,"std_dev":{"confidence_interval":{"confidence_level":0.95,"lower_bound":9367.065919091714,"upper_bound":13291.29526740069},"point_estimate":11462.739712282524,"standard_error":1006.9717668102485}}