{"mean":{"confidence_interval":{"confidence_level":0.95,"lower_bound":2611718.766105263,"upper_bound":2617850.9121710537},"point_estimate":2614741.02,"standard_error":1556.3952520334278},"median":{"confidence_interval":{"confidence_level":0.95,"lower_bound":2609459.5263157897,"upper_bound":2618057.236842105},"point_estimate":2614215.1842105263,"standard_error":2210.240792694016},"median_abs_dev":{"confidence_interval":{"confidence_level":0.95,"lower_bound":11634.976403964158,"upper_bound":18888.050554143792},"point_estimate":15985.353900413818,"standard_error":2000.3070897263735},"slope":null,"std_dev":{"confidence_interval":{"confidence_level":0.95,"lower_bound":12929.374486571556,"upper_bound":18324.350009707272},"point_estimate":15606.380042967703,"standard_error":1386.893283044954}}