{"mean":{"confidence_interval":{"confidence_level":0.95,"lower_bound":2632740.3531578938,"upper_bound":2645173.654973684},"point_estimate":2638593.058947368,"standard_error":3162.7670498367925},"median":{"confidence_interval":{"confidence_level":0.95,"lower_bound":2626287.882236842,"upper_bound":2639790.052631579},"point_estimate":2634847.842105263,"standard_error":3443.423436164546},"median_abs_dev":{"confidence_interval":{"confidence_level":0.95,"lower_bound":21825.627323043936,"upper_bound":35707.718081850355},"point_estimate":29207.726686722337,"standard_error":3458.1312037963835},"slope":null,"std_dev":{"confidence_interval":{"confidence_level":0.95,"lower_bound":23140.466831973838,"upper_bound":42429.844519495164},"point_estimate":31875.0592304992,"standard_error":5534.908667589225}}