{"mean":{"confidence_interval":{"confidence_level":0.95,"lower_bound":3282483.990316667,"upper_bound":3289505.927283334},"point_estimate":3285902.396666667,"standard_error":1799.0203499762486},"median":{"confidence_interval":{"confidence_level":0.95,"lower_bound":3278846.3,"upper_bound":3284579.6666666665},"point_estimate":3280446.2,"standard_error":1598.2626223500413},"median_abs_dev":{"confidence_interval":{"confidence_level":0.95,"lower_bound":10456.876454353654,"upper_bound":18290.835875272405},"point_estimate":12987.773449420883,"standard_error":1967.7785460102118},"slope":null,"std_dev":{"confidence_interval":{"confidence_level":0.95,"lower_bound":14979.093528529449,"upper_bound":20915.093895700393},"point_estimate":18070.813927091207,"standard_error":1516.7974184759134}}