{"mean":{"confidence_interval":{"confidence_level":0.95,"lower_bound":4495876.504022725,"upper_bound":4587217.809249998},"point_estimate":4537946.5690909065,"standard_error":23435.708759730987},"median":{"confidence_interval":{"confidence_level":0.95,"lower_bound":4475376.454545454,"upper_bound":4550046.772727273},"point_estimate":4502674.363636363,"standard_error":20227.33555641996},"median_abs_dev":{"confidence_interval":{"confidence_level":0.95,"lower_bound":121844.49510432791,"upper_bound":197389.31704109398},"point_estimate":160616.38989394324,"standard_error":19071.99812308722},"slope":null,"std_dev":{"confidence_interval":{"confidence_level":0.95,"lower_bound":149513.25232844392,"upper_bound":326307.0137371158},"point_estimate":234978.95212879064,"standard_error":47919.36980492982}}