{"mean":{"confidence_interval":{"confidence_level":0.95,"lower_bound":1964.0863412636786,"upper_bound":2381.001176667897},"point_estimate":2145.6339306380505,"standard_error":107.51805601429915},"median":{"confidence_interval":{"confidence_level":0.95,"lower_bound":1787.729005642955,"upper_bound":1867.296906693712},"point_estimate":1825.670816532258,"standard_error":19.58318343763109},"median_abs_dev":{"confidence_interval":{"confidence_level":0.95,"lower_bound":116.09041518543314,"upper_bound":248.75286569641082},"point_estimate":173.56843456942778,"standard_error":32.79333132413187},"slope":{"confidence_interval":{"confidence_level":0.95,"lower_bound":1742.5859928075367,"upper_bound":1786.4349879984218},"point_estimate":1762.3131220444807,"standard_error":11.172452644883851},"std_dev":{"confidence_interval":{"confidence_level":0.95,"lower_bound":437.6394864054484,"upper_bound":1634.9050572233555},"point_estimate":1082.038427552735,"standard_error":316.88824935324965}}