{"mean":{"confidence_interval":{"confidence_level":0.95,"lower_bound":229606439.89150003,"upper_bound":233270704.23075},"point_estimate":231401186.08,"standard_error":935891.580089923},"median":{"confidence_interval":{"confidence_level":0.95,"lower_bound":228091624.5,"upper_bound":232065815.5},"point_estimate":229521179.5,"standard_error":1058601.3705968177},"median_abs_dev":{"confidence_interval":{"confidence_level":0.95,"lower_bound":6781395.359433669,"upper_bound":11436874.789854884},"point_estimate":8623788.117197156,"standard_error":1227232.0523497718},"slope":null,"std_dev":{"confidence_interval":{"confidence_level":0.95,"lower_bound":7873632.065632369,"upper_bound":10783274.922423199},"point_estimate":9375178.517915104,"standard_error":744976.8190375114}}