{"mean":{"confidence_interval":{"confidence_level":0.95,"lower_bound":243383954.67975,"upper_bound":243844275.63375},"point_estimate":243561459.05,"standard_error":125471.65782191337},"median":{"confidence_interval":{"confidence_level":0.95,"lower_bound":243339727.0,"upper_bound":243500658.0},"point_estimate":243389694.0,"standard_error":39541.62451381151},"median_abs_dev":{"confidence_interval":{"confidence_level":0.95,"lower_bound":290085.5108499527,"upper_bound":470804.06944155693},"point_estimate":394893.4681892395,"standard_error":45765.610085575725},"slope":null,"std_dev":{"confidence_interval":{"confidence_level":0.95,"lower_bound":326946.00545076147,"upper_bound":2128650.9899288425},"point_estimate":1272449.7945579991,"standard_error":619290.9513880383}}