{"mean":{"confidence_interval":{"confidence_level":0.95,"lower_bound":270570314.5015,"upper_bound":272203285.47024995},"point_estimate":271407964.66,"standard_error":417439.74151214206},"median":{"confidence_interval":{"confidence_level":0.95,"lower_bound":271755250.0,"upper_bound":273179957.0},"point_estimate":272613367.0,"standard_error":338825.5815689064},"median_abs_dev":{"confidence_interval":{"confidence_level":0.95,"lower_bound":2615141.0436719656,"upper_bound":4720987.498685718},"point_estimate":3456512.8222346306,"standard_error":558403.1100892},"slope":null,"std_dev":{"confidence_interval":{"confidence_level":0.95,"lower_bound":3496449.676981085,"upper_bound":4843303.271095077},"point_estimate":4201560.447059645,"standard_error":343937.74431191134}}