{"mean":{"confidence_interval":{"confidence_level":0.95,"lower_bound":202454219.06675,"upper_bound":202555413.664},"point_estimate":202504916.97,"standard_error":25840.060710016234},"median":{"confidence_interval":{"confidence_level":0.95,"lower_bound":202429557.0,"upper_bound":202601491.0},"point_estimate":202517508.0,"standard_error":40791.53098696448},"median_abs_dev":{"confidence_interval":{"confidence_level":0.95,"lower_bound":225360.51482655114,"upper_bound":355132.0086776464},"point_estimate":292264.1915112734,"standard_error":33865.68066711055},"slope":null,"std_dev":{"confidence_interval":{"confidence_level":0.95,"lower_bound":228576.7024061442,"upper_bound":285778.91203203436},"point_estimate":258748.50409719173,"standard_error":14642.702377361134}}