{"mean":{"confidence_interval":{"confidence_level":0.95,"lower_bound":236984054.8455,"upper_bound":237134672.206},"point_estimate":237048075.15,"standard_error":38693.38954117161},"median":{"confidence_interval":{"confidence_level":0.95,"lower_bound":236936435.0,"upper_bound":237067108.0},"point_estimate":236989869.5,"standard_error":30109.97197276322},"median_abs_dev":{"confidence_interval":{"confidence_level":0.95,"lower_bound":173157.29872584343,"upper_bound":269853.85894663614},"point_estimate":221255.06577193737,"standard_error":25248.324638840808},"slope":null,"std_dev":{"confidence_interval":{"confidence_level":0.95,"lower_bound":187776.91892638276,"upper_bound":605552.3264649655},"point_estimate":389016.88914862846,"standard_error":135616.140032059}}