{"mean":{"confidence_interval":{"confidence_level":0.95,"lower_bound":318647998.18,"upper_bound":319693853.78},"point_estimate":319162727.01,"standard_error":266942.5843678588},"median":{"confidence_interval":{"confidence_level":0.95,"lower_bound":318298912.5,"upper_bound":319224305.0},"point_estimate":318601115.0,"standard_error":254780.00298048233},"median_abs_dev":{"confidence_interval":{"confidence_level":0.95,"lower_bound":1772248.8588362932,"upper_bound":3234769.072978868},"point_estimate":2500594.628405571,"standard_error":364855.50990893145},"slope":null,"std_dev":{"confidence_interval":{"confidence_level":0.95,"lower_bound":2276423.128429156,"upper_bound":3062016.465120105},"point_estimate":2686376.544761617,"standard_error":200652.29889998503}}