{"mean":{"confidence_interval":{"confidence_level":0.95,"lower_bound":258335892.22425,"upper_bound":261656510.423},"point_estimate":260003052.84,"standard_error":848256.447709543},"median":{"confidence_interval":{"confidence_level":0.95,"lower_bound":255698117.0,"upper_bound":263054464.0},"point_estimate":258517378.5,"standard_error":2012750.4474298551},"median_abs_dev":{"confidence_interval":{"confidence_level":0.95,"lower_bound":7632592.939594388,"upper_bound":12569706.486508094},"point_estimate":11097193.344685435,"standard_error":1227096.9714254304},"slope":null,"std_dev":{"confidence_interval":{"confidence_level":0.95,"lower_bound":7765539.229150774,"upper_bound":9178724.062082253},"point_estimate":8541278.698924178,"standard_error":358712.6831981501}}