{"mean":{"confidence_interval":{"confidence_level":0.95,"lower_bound":1501.1463292083743,"upper_bound":1820.6692881578988},"point_estimate":1637.9175713686002,"standard_error":82.2198786740264},"median":{"confidence_interval":{"confidence_level":0.95,"lower_bound":1372.060619026422,"upper_bound":1437.6290175071858},"point_estimate":1395.7335365608017,"standard_error":18.191441731108288},"median_abs_dev":{"confidence_interval":{"confidence_level":0.95,"lower_bound":62.03690119719389,"upper_bound":147.94712349245006},"point_estimate":95.86507863846295,"standard_error":22.719351166262665},"slope":{"confidence_interval":{"confidence_level":0.95,"lower_bound":1349.6901243903744,"upper_bound":1369.1644897448448},"point_estimate":1358.2989734592695,"standard_error":4.972086054368732},"std_dev":{"confidence_interval":{"confidence_level":0.95,"lower_bound":310.630173270901,"upper_bound":1261.0736799566387},"point_estimate":824.5003754805917,"standard_error":253.46342436826922}}