{"mean":{"confidence_interval":{"confidence_level":0.95,"lower_bound":1558.6771949141385,"upper_bound":1869.3161091917957},"point_estimate":1694.1315042476201,"standard_error":79.94675812039732},"median":{"confidence_interval":{"confidence_level":0.95,"lower_bound":1434.1287013020037,"upper_bound":1494.625179638454},"point_estimate":1460.1120241193823,"standard_error":15.445478375875963},"median_abs_dev":{"confidence_interval":{"confidence_level":0.95,"lower_bound":68.20098537205449,"upper_bound":147.31900525659427},"point_estimate":105.21579772605308,"standard_error":20.230507910467445},"slope":{"confidence_interval":{"confidence_level":0.95,"lower_bound":1410.1700213431495,"upper_bound":1428.1184811889352},"point_estimate":1417.9816995936815,"standard_error":4.591399464343769},"std_dev":{"confidence_interval":{"confidence_level":0.95,"lower_bound":308.6410517792453,"upper_bound":1222.4305236528612},"point_estimate":807.8798955542155,"standard_error":238.6454577971489}}