{"mean":{"confidence_interval":{"confidence_level":0.95,"lower_bound":25832067.616,"upper_bound":26169785.779749997},"point_estimate":25998849.94,"standard_error":86394.07568717611},"median":{"confidence_interval":{"confidence_level":0.95,"lower_bound":25788003.0,"upper_bound":26082105.0},"point_estimate":25905954.5,"standard_error":80561.179867523},"median_abs_dev":{"confidence_interval":{"confidence_level":0.95,"lower_bound":583999.0948319435,"upper_bound":1001871.3800132275},"point_estimate":831740.8091336489,"standard_error":109697.4161785983},"slope":null,"std_dev":{"confidence_interval":{"confidence_level":0.95,"lower_bound":716629.2488149274,"upper_bound":1015535.5175868762},"point_estimate":867950.338711944,"standard_error":76452.71099557525}}