{"mean":{"confidence_interval":{"confidence_level":0.95,"lower_bound":89768897.8405,"upper_bound":91223399.05475},"point_estimate":90483479.65,"standard_error":371326.75742577},"median":{"confidence_interval":{"confidence_level":0.95,"lower_bound":89088886.5,"upper_bound":90686349.5},"point_estimate":89576389.5,"standard_error":380071.54379840655},"median_abs_dev":{"confidence_interval":{"confidence_level":0.95,"lower_bound":2490642.1942372625,"upper_bound":4294688.1152540445},"point_estimate":3490227.1456360817,"standard_error":439516.0472451885},"slope":null,"std_dev":{"confidence_interval":{"confidence_level":0.95,"lower_bound":3059896.777676773,"upper_bound":4330185.209805446},"point_estimate":3734550.3091610144,"standard_error":325115.81643442484}}