{"mean":{"confidence_interval":{"confidence_level":0.95,"lower_bound":75001436.56324999,"upper_bound":76303937.53175},"point_estimate":75675111.06,"standard_error":333680.6472129545},"median":{"confidence_interval":{"confidence_level":0.95,"lower_bound":76740970.0,"upper_bound":77053324.0},"point_estimate":76925822.5,"standard_error":81260.04150439703},"median_abs_dev":{"confidence_interval":{"confidence_level":0.95,"lower_bound":561763.060426712,"upper_bound":1082830.2341759205},"point_estimate":809731.6125243902,"standard_error":126094.05288952122},"slope":null,"std_dev":{"confidence_interval":{"confidence_level":0.95,"lower_bound":2749256.1312409886,"upper_bound":3796801.055346438},"point_estimate":3345586.1540642795,"standard_error":268447.74787301157}}