{"mean":{"confidence_interval":{"confidence_level":0.95,"lower_bound":100448139.92825001,"upper_bound":102792005.12575},"point_estimate":101557072.5,"standard_error":597267.858690718},"median":{"confidence_interval":{"confidence_level":0.95,"lower_bound":99046939.5,"upper_bound":100978164.22499971},"point_estimate":99901402.5,"standard_error":516922.474995414},"median_abs_dev":{"confidence_interval":{"confidence_level":0.95,"lower_bound":2461857.256293297,"upper_bound":4352668.89372468},"point_estimate":3128434.2044591904,"standard_error":494753.01007331087},"slope":null,"std_dev":{"confidence_interval":{"confidence_level":0.95,"lower_bound":4269803.253076857,"upper_bound":7676142.776559875},"point_estimate":6002784.224833575,"standard_error":878465.930515429}}