{"mean":{"confidence_interval":{"confidence_level":0.95,"lower_bound":93287347.21,"upper_bound":94276973.99},"point_estimate":93772672.21,"standard_error":252200.10495592927},"median":{"confidence_interval":{"confidence_level":0.95,"lower_bound":92788268.0,"upper_bound":93876911.0},"point_estimate":93342740.0,"standard_error":238453.36662576708},"median_abs_dev":{"confidence_interval":{"confidence_level":0.95,"lower_bound":1725814.5689606667,"upper_bound":2954048.571655154},"point_estimate":2502357.439774275,"standard_error":306884.5840890468},"slope":null,"std_dev":{"confidence_interval":{"confidence_level":0.95,"lower_bound":2119893.309048542,"upper_bound":2887921.2697614282},"point_estimate":2526279.912272566,"standard_error":196381.11929653893}}