{"mean":{"confidence_interval":{"confidence_level":0.95,"lower_bound":79368.49820093215,"upper_bound":97737.55781229885},"point_estimate":87052.25156639033,"standard_error":4757.248439347886},"median":{"confidence_interval":{"confidence_level":0.95,"lower_bound":73337.28373015873,"upper_bound":76608.77747252748},"point_estimate":74736.41512605041,"standard_error":838.3507867391446},"median_abs_dev":{"confidence_interval":{"confidence_level":0.95,"lower_bound":4833.885348969564,"upper_bound":10392.073595561775},"point_estimate":6388.972173646008,"standard_error":1402.6671528613722},"slope":{"confidence_interval":{"confidence_level":0.95,"lower_bound":71275.9880557671,"upper_bound":73405.5064557912},"point_estimate":72228.42403998396,"standard_error":544.6073591650543},"std_dev":{"confidence_interval":{"confidence_level":0.95,"lower_bound":15961.543174391829,"upper_bound":75288.70441711725},"point_estimate":47764.398227174876,"standard_error":16876.623454061602}}