{"mean":{"confidence_interval":{"confidence_level":0.95,"lower_bound":71481.03875572058,"upper_bound":89535.99963850286},"point_estimate":79076.259090959,"standard_error":4683.430700281023},"median":{"confidence_interval":{"confidence_level":0.95,"lower_bound":64944.74117647059,"upper_bound":68609.53088235293},"point_estimate":66465.58664936564,"standard_error":941.2650311510924},"median_abs_dev":{"confidence_interval":{"confidence_level":0.95,"lower_bound":3500.6555396466024,"upper_bound":8108.01983700448},"point_estimate":5550.097382487249,"standard_error":1161.742178347486},"slope":{"confidence_interval":{"confidence_level":0.95,"lower_bound":63854.777214390684,"upper_bound":66222.75862240743},"point_estimate":64833.49893270978,"standard_error":614.5886187512258},"std_dev":{"confidence_interval":{"confidence_level":0.95,"lower_bound":15656.850902383343,"upper_bound":73966.42225139681},"point_estimate":47021.09598471514,"standard_error":16372.983006641509}}