{"mean":{"confidence_interval":{"confidence_level":0.95,"lower_bound":83667.40757114084,"upper_bound":106984.9116072805},"point_estimate":93581.7109751855,"standard_error":6015.452311457809},"median":{"confidence_interval":{"confidence_level":0.95,"lower_bound":74568.0794044665,"upper_bound":81448.05594405594},"point_estimate":77891.09265313676,"standard_error":1579.684181426117},"median_abs_dev":{"confidence_interval":{"confidence_level":0.95,"lower_bound":6266.17950870952,"upper_bound":13740.709065712463},"point_estimate":9782.221206179109,"standard_error":1800.851444597247},"slope":{"confidence_interval":{"confidence_level":0.95,"lower_bound":73199.12527678689,"upper_bound":75562.2665079098},"point_estimate":74289.8405901945,"standard_error":602.5551066633567},"std_dev":{"confidence_interval":{"confidence_level":0.95,"lower_bound":20676.4909537789,"upper_bound":93832.09922572337},"point_estimate":60311.18618189654,"standard_error":19782.86269416872}}