{"mean":{"confidence_interval":{"confidence_level":0.95,"lower_bound":49136.021209592465,"upper_bound":59753.47761301265},"point_estimate":53570.639326716344,"standard_error":2759.387573524609},"median":{"confidence_interval":{"confidence_level":0.95,"lower_bound":45778.697081653976,"upper_bound":47391.536540214176},"point_estimate":46307.85629668534,"standard_error":451.449062993665},"median_abs_dev":{"confidence_interval":{"confidence_level":0.95,"lower_bound":1851.1257656393816,"upper_bound":3892.6293102518603},"point_estimate":2655.3052094094405,"standard_error":565.1252015722964},"slope":{"confidence_interval":{"confidence_level":0.95,"lower_bound":45033.28569094671,"upper_bound":45523.08753058842},"point_estimate":45247.33753298571,"standard_error":124.83129662536417},"std_dev":{"confidence_interval":{"confidence_level":0.95,"lower_bound":8607.045663226703,"upper_bound":44011.654556054586},"point_estimate":27754.52608255431,"standard_error":10079.377657861267}}