{"mean":{"confidence_interval":{"confidence_level":0.95,"lower_bound":52698.32261666553,"upper_bound":64531.99548737127},"point_estimate":57682.462192992956,"standard_error":3065.6791751570354},"median":{"confidence_interval":{"confidence_level":0.95,"lower_bound":48326.01901408451,"upper_bound":50373.31831790124},"point_estimate":48969.40375033043,"standard_error":537.3859992174656},"median_abs_dev":{"confidence_interval":{"confidence_level":0.95,"lower_bound":1984.4272325855202,"upper_bound":5142.846534750835},"point_estimate":3207.2433051572893,"standard_error":863.6194769644986},"slope":{"confidence_interval":{"confidence_level":0.95,"lower_bound":47995.47350913298,"upper_bound":48706.65668021197},"point_estimate":48341.35458873947,"standard_error":181.48994759797762},"std_dev":{"confidence_interval":{"confidence_level":0.95,"lower_bound":10543.223123699034,"upper_bound":48324.68363871971},"point_estimate":30830.377729948523,"standard_error":10676.711968204916}}