{"mean":{"confidence_interval":{"confidence_level":0.95,"lower_bound":48069.640867590584,"upper_bound":58188.20198063098},"point_estimate":52300.49517760988,"standard_error":2629.1573081859174},"median":{"confidence_interval":{"confidence_level":0.95,"lower_bound":44686.7594834544,"upper_bound":46512.94627594628},"point_estimate":45436.89174717506,"standard_error":508.03805744850473},"median_abs_dev":{"confidence_interval":{"confidence_level":0.95,"lower_bound":1813.5061326589005,"upper_bound":4156.452074027939},"point_estimate":2630.882822375724,"standard_error":633.1295457434838},"slope":{"confidence_interval":{"confidence_level":0.95,"lower_bound":44072.38945466421,"upper_bound":44577.47917912089},"point_estimate":44294.1588930876,"standard_error":127.94888227845837},"std_dev":{"confidence_interval":{"confidence_level":0.95,"lower_bound":8299.594791885005,"upper_bound":41801.38803471115},"point_estimate":26397.39738159587,"standard_error":9513.685850877875}}