{"mean":{"confidence_interval":{"confidence_level":0.95,"lower_bound":13925.198821712374,"upper_bound":14074.204972312538},"point_estimate":13989.406549115509,"standard_error":38.423609452792036},"median":{"confidence_interval":{"confidence_level":0.95,"lower_bound":13895.630908740111,"upper_bound":13941.760563380281},"point_estimate":13914.483258642766,"standard_error":10.82546325002534},"median_abs_dev":{"confidence_interval":{"confidence_level":0.95,"lower_bound":62.87926087153995,"upper_bound":109.11224514981016},"point_estimate":88.41774742045307,"standard_error":12.010288673165496},"slope":{"confidence_interval":{"confidence_level":0.95,"lower_bound":13851.657150371608,"upper_bound":13889.056390705957},"point_estimate":13870.421276451378,"standard_error":9.508390455127502},"std_dev":{"confidence_interval":{"confidence_level":0.95,"lower_bound":133.30667108429373,"upper_bound":599.2983052185201},"point_estimate":387.76061437383163,"standard_error":126.09899812106798}}