{"mean":{"confidence_interval":{"confidence_level":0.95,"lower_bound":13685.894045387677,"upper_bound":13829.765355544738},"point_estimate":13746.770516132512,"standard_error":37.345827572350466},"median":{"confidence_interval":{"confidence_level":0.95,"lower_bound":13662.185151637144,"upper_bound":13703.397982253086},"point_estimate":13671.403634071063,"standard_error":11.152814499574106},"median_abs_dev":{"confidence_interval":{"confidence_level":0.95,"lower_bound":66.78229088855633,"upper_bound":105.09315226954958},"point_estimate":90.17363828005125,"standard_error":9.671573425994808},"slope":{"confidence_interval":{"confidence_level":0.95,"lower_bound":13630.905172461336,"upper_bound":13662.375658027557},"point_estimate":13646.647327184211,"standard_error":8.049623135071366},"std_dev":{"confidence_interval":{"confidence_level":0.95,"lower_bound":130.26917963160494,"upper_bound":587.452572321085},"point_estimate":375.342722923011,"standard_error":128.45449487611683}}