{"mean":{"confidence_interval":{"confidence_level":0.95,"lower_bound":16728.928487788984,"upper_bound":16929.26927406864},"point_estimate":16814.96292902324,"standard_error":51.63105156939403},"median":{"confidence_interval":{"confidence_level":0.95,"lower_bound":16663.668972673815,"upper_bound":16704.464041209703},"point_estimate":16680.125355378692,"standard_error":10.428239616805007},"median_abs_dev":{"confidence_interval":{"confidence_level":0.95,"lower_bound":54.9861899892253,"upper_bound":100.91440416678704},"point_estimate":73.55581357050391,"standard_error":12.262537022916165},"slope":{"confidence_interval":{"confidence_level":0.95,"lower_bound":16640.739871142992,"upper_bound":16662.819324980614},"point_estimate":16651.673659408945,"standard_error":5.627006129874035},"std_dev":{"confidence_interval":{"confidence_level":0.95,"lower_bound":193.6652945826411,"upper_bound":797.6225363226608},"point_estimate":518.4836975028695,"standard_error":162.9160214751494}}