{"mean":{"confidence_interval":{"confidence_level":0.95,"lower_bound":16234.890509098685,"upper_bound":16551.320538052147},"point_estimate":16387.59485106583,"standard_error":80.67436276098},"median":{"confidence_interval":{"confidence_level":0.95,"lower_bound":16125.067442071786,"upper_bound":16354.98604790865},"point_estimate":16236.085220146013,"standard_error":69.86097931174297},"median_abs_dev":{"confidence_interval":{"confidence_level":0.95,"lower_bound":339.63240289163144,"upper_bound":724.5984033865661},"point_estimate":487.0369932068214,"standard_error":99.19453008710907},"slope":{"confidence_interval":{"confidence_level":0.95,"lower_bound":16045.061596143301,"upper_bound":16356.223355213058},"point_estimate":16189.802760073793,"standard_error":79.32331015878808},"std_dev":{"confidence_interval":{"confidence_level":0.95,"lower_bound":633.3431884438952,"upper_bound":983.2021626035789},"point_estimate":814.9871459816196,"standard_error":89.48043004550048}}