{"mean":{"confidence_interval":{"confidence_level":0.95,"lower_bound":17924.172169729936,"upper_bound":18041.372499080528},"point_estimate":17977.264800666548,"standard_error":29.933620681935423},"median":{"confidence_interval":{"confidence_level":0.95,"lower_bound":17886.386,"upper_bound":17938.460034305317},"point_estimate":17910.586243668353,"standard_error":10.714032402869435},"median_abs_dev":{"confidence_interval":{"confidence_level":0.95,"lower_bound":99.56834860663844,"upper_bound":181.45487097140304},"point_estimate":140.18269825236683,"standard_error":20.568989645173364},"slope":{"confidence_interval":{"confidence_level":0.95,"lower_bound":17826.553518810302,"upper_bound":17903.38280776542},"point_estimate":17860.231212488412,"standard_error":19.659937315986284},"std_dev":{"confidence_interval":{"confidence_level":0.95,"lower_bound":169.49699911530527,"upper_bound":429.03865995307},"point_estimate":301.34095193047557,"standard_error":69.03831301882094}}