{"mean":{"confidence_interval":{"confidence_level":0.95,"lower_bound":17370.788715348488,"upper_bound":17566.04446417583},"point_estimate":17468.77475849384,"standard_error":49.83143391683084},"median":{"confidence_interval":{"confidence_level":0.95,"lower_bound":17350.250230840258,"upper_bound":17585.23523093448},"point_estimate":17500.330795593636,"standard_error":50.47467208759792},"median_abs_dev":{"confidence_interval":{"confidence_level":0.95,"lower_bound":379.8997979909777,"upper_bound":655.907593609043},"point_estimate":532.3957871582531,"standard_error":71.3948926628365},"slope":{"confidence_interval":{"confidence_level":0.95,"lower_bound":17347.782359858564,"upper_bound":17550.1618933854},"point_estimate":17450.190173934912,"standard_error":51.57014950137153},"std_dev":{"confidence_interval":{"confidence_level":0.95,"lower_bound":428.90480209786443,"upper_bound":568.4460700796434},"point_estimate":501.36892399845857,"standard_error":35.604082373466156}}