{"mean":{"confidence_interval":{"confidence_level":0.95,"lower_bound":17820.072585876325,"upper_bound":17999.29615874359},"point_estimate":17903.778796095692,"standard_error":45.728748872866305},"median":{"confidence_interval":{"confidence_level":0.95,"lower_bound":17844.70588235294,"upper_bound":17978.2496969697},"point_estimate":17917.93314141414,"standard_error":33.812593656437734},"median_abs_dev":{"confidence_interval":{"confidence_level":0.95,"lower_bound":234.21561462833156,"upper_bound":406.9286909066163},"point_estimate":321.88042455645854,"standard_error":43.87402231721322},"slope":{"confidence_interval":{"confidence_level":0.95,"lower_bound":17798.685729963505,"upper_bound":17933.059312573594},"point_estimate":17867.066410467913,"standard_error":34.36820819210644},"std_dev":{"confidence_interval":{"confidence_level":0.95,"lower_bound":303.01076727166577,"upper_bound":641.7215234568963},"point_estimate":459.6283197918891,"standard_error":95.60604369109515}}