{"mean":{"confidence_interval":{"confidence_level":0.95,"lower_bound":15210.771697677965,"upper_bound":15481.614639961632},"point_estimate":15343.515457256308,"standard_error":69.51748200249715},"median":{"confidence_interval":{"confidence_level":0.95,"lower_bound":15117.826799007444,"upper_bound":15460.112945590994},"point_estimate":15235.516268382353,"standard_error":88.75039690166844},"median_abs_dev":{"confidence_interval":{"confidence_level":0.95,"lower_bound":489.00803458184635,"upper_bound":803.0281558025712},"point_estimate":649.948123670724,"standard_error":79.60486310898321},"slope":{"confidence_interval":{"confidence_level":0.95,"lower_bound":15100.67340028989,"upper_bound":15428.79401975593},"point_estimate":15257.325398551795,"standard_error":83.88369250447255},"std_dev":{"confidence_interval":{"confidence_level":0.95,"lower_bound":563.2767031693078,"upper_bound":846.4401347000904},"point_estimate":700.0210605478942,"standard_error":73.37312075000415}}