{"mean":{"confidence_interval":{"confidence_level":0.95,"lower_bound":17380.965224485644,"upper_bound":17758.433314100348},"point_estimate":17565.156845862923,"standard_error":96.42660129578549},"median":{"confidence_interval":{"confidence_level":0.95,"lower_bound":17277.943875536977,"upper_bound":17671.75888222251},"point_estimate":17458.756877470354,"standard_error":93.68881628922121},"median_abs_dev":{"confidence_interval":{"confidence_level":0.95,"lower_bound":685.8161837758428,"upper_bound":1035.7906826790654},"point_estimate":914.5286503994635,"standard_error":89.77564376654333},"slope":{"confidence_interval":{"confidence_level":0.95,"lower_bound":17165.44434089091,"upper_bound":17597.93942971879},"point_estimate":17374.155704286848,"standard_error":110.22640791510295},"std_dev":{"confidence_interval":{"confidence_level":0.95,"lower_bound":792.5870452030483,"upper_bound":1117.7435962813022},"point_estimate":964.6142575313872,"standard_error":83.16951599409066}}