{"mean":{"confidence_interval":{"confidence_level":0.95,"lower_bound":19367.552353094397,"upper_bound":19670.088817296986},"point_estimate":19509.05613064802,"standard_error":77.2347882512453},"median":{"confidence_interval":{"confidence_level":0.95,"lower_bound":19213.119631185808,"upper_bound":19414.665206508136},"point_estimate":19263.175562532706,"standard_error":52.04358366132294},"median_abs_dev":{"confidence_interval":{"confidence_level":0.95,"lower_bound":299.46584534958504,"upper_bound":487.1297765609234},"point_estimate":370.662106164531,"standard_error":48.71723006985422},"slope":{"confidence_interval":{"confidence_level":0.95,"lower_bound":19265.860713386202,"upper_bound":19531.99985254438},"point_estimate":19392.746463083535,"standard_error":67.9289504674817},"std_dev":{"confidence_interval":{"confidence_level":0.95,"lower_bound":494.06927819057984,"upper_bound":1014.1488942222567},"point_estimate":777.3663790556815,"standard_error":132.69726585115504}}