{"mean":{"confidence_interval":{"confidence_level":0.95,"lower_bound":17998.974620952315,"upper_bound":18115.689215874107},"point_estimate":18053.5520176437,"standard_error":29.81889032851488},"median":{"confidence_interval":{"confidence_level":0.95,"lower_bound":17986.107751196174,"upper_bound":18106.577430880978},"point_estimate":18031.092564298444,"standard_error":36.36625172691754},"median_abs_dev":{"confidence_interval":{"confidence_level":0.95,"lower_bound":173.91807224336284,"upper_bound":274.4845384314625},"point_estimate":219.24526997845322,"standard_error":27.23297525218448},"slope":{"confidence_interval":{"confidence_level":0.95,"lower_bound":18004.77847351821,"upper_bound":18076.28845739738},"point_estimate":18041.00962682537,"standard_error":18.274304179075703},"std_dev":{"confidence_interval":{"confidence_level":0.95,"lower_bound":197.26375984416413,"upper_bound":414.4485613614333},"point_estimate":299.622599294681,"standard_error":60.80673492449828}}