{"mean":{"confidence_interval":{"confidence_level":0.95,"lower_bound":88218.35612789224,"upper_bound":90410.46281190103},"point_estimate":89370.07250679376,"standard_error":561.0127203561512},"median":{"confidence_interval":{"confidence_level":0.95,"lower_bound":89488.61352657004,"upper_bound":91124.51555555555},"point_estimate":90359.33182236238,"standard_error":366.42041948209686},"median_abs_dev":{"confidence_interval":{"confidence_level":0.95,"lower_bound":2573.1640370229366,"upper_bound":4627.571026714606},"point_estimate":3638.229209166798,"standard_error":503.542645667667},"slope":{"confidence_interval":{"confidence_level":0.95,"lower_bound":91041.55132454648,"upper_bound":92596.15737768037},"point_estimate":91843.93801060703,"standard_error":393.7582464619653},"std_dev":{"confidence_interval":{"confidence_level":0.95,"lower_bound":4113.150170920024,"upper_bound":7181.0005295491155},"point_estimate":5644.527262253716,"standard_error":789.7834821612225}}