{"mean":{"confidence_interval":{"confidence_level":0.95,"lower_bound":49271.99027783249,"upper_bound":50984.51428799624},"point_estimate":50128.25882068863,"standard_error":438.61868210530287},"median":{"confidence_interval":{"confidence_level":0.95,"lower_bound":49469.95199450904,"upper_bound":51124.7080882353},"point_estimate":50341.882994186046,"standard_error":451.452477202187},"median_abs_dev":{"confidence_interval":{"confidence_level":0.95,"lower_bound":3281.1898863251376,"upper_bound":5545.963926652214},"point_estimate":4403.394234912365,"standard_error":604.529345147346},"slope":{"confidence_interval":{"confidence_level":0.95,"lower_bound":51551.636099861964,"upper_bound":53040.41394973014},"point_estimate":52304.616638650805,"standard_error":380.65037094996956},"std_dev":{"confidence_interval":{"confidence_level":0.95,"lower_bound":3794.680141249187,"upper_bound":5017.332660193686},"point_estimate":4424.147285532345,"standard_error":311.1907673478157}}