{"mean":{"confidence_interval":{"confidence_level":0.95,"lower_bound":4625424.050375001,"upper_bound":4802510.2241875},"point_estimate":4709324.19,"standard_error":45360.01521503283},"median":{"confidence_interval":{"confidence_level":0.95,"lower_bound":4517620.0,"upper_bound":4701169.25},"point_estimate":4615907.0,"standard_error":48964.71790265811},"median_abs_dev":{"confidence_interval":{"confidence_level":0.95,"lower_bound":234841.4451382311,"upper_bound":424245.24116814137},"point_estimate":337253.68771255016,"standard_error":48798.02789863542},"slope":null,"std_dev":{"confidence_interval":{"confidence_level":0.95,"lower_bound":331252.5504022812,"upper_bound":590543.1993492674},"point_estimate":457353.77394832624,"standard_error":68260.46978057636}}