{"mean":{"confidence_interval":{"confidence_level":0.95,"lower_bound":5391800.7782499995,"upper_bound":5454021.400333334},"point_estimate":5421888.206666667,"standard_error":15903.880289006976},"median":{"confidence_interval":{"confidence_level":0.95,"lower_bound":5353880.166666666,"upper_bound":5412113.0},"point_estimate":5377546.666666666,"standard_error":14536.974092350265},"median_abs_dev":{"confidence_interval":{"confidence_level":0.95,"lower_bound":92307.66276121186,"upper_bound":160352.57695317222},"point_estimate":131580.2534639833,"standard_error":16084.408807264632},"slope":null,"std_dev":{"confidence_interval":{"confidence_level":0.95,"lower_bound":129006.05609902878,"upper_bound":187702.96979171364},"point_estimate":159845.75464159195,"standard_error":15047.514587394076}}