{"mean":{"confidence_interval":{"confidence_level":0.95,"lower_bound":5838923.504,"upper_bound":5894922.901749999},"point_estimate":5866093.323333331,"standard_error":14272.25546088923},"median":{"confidence_interval":{"confidence_level":0.95,"lower_bound":5826095.6625,"upper_bound":5868395.333333333},"point_estimate":5847928.833333333,"standard_error":11894.183261512624},"median_abs_dev":{"confidence_interval":{"confidence_level":0.95,"lower_bound":76254.56444621086,"upper_bound":127750.20353198143},"point_estimate":95034.16411280679,"standard_error":13604.491417499581},"slope":null,"std_dev":{"confidence_interval":{"confidence_level":0.95,"lower_bound":112802.02245533477,"upper_bound":169940.4218951831},"point_estimate":143587.27806818087,"standard_error":14581.814965475025}}