{"mean":{"confidence_interval":{"confidence_level":0.95,"lower_bound":4227591.46425,"upper_bound":4396206.726083334},"point_estimate":4307785.643333333,"standard_error":42873.38665426981},"median":{"confidence_interval":{"confidence_level":0.95,"lower_bound":4168004.6666666665,"upper_bound":4304971.666666666},"point_estimate":4236388.333333334,"standard_error":36195.06984372625},"median_abs_dev":{"confidence_interval":{"confidence_level":0.95,"lower_bound":258590.39250910375,"upper_bound":442384.11054611206},"point_estimate":342975.28811097157,"standard_error":46232.87057313333},"slope":null,"std_dev":{"confidence_interval":{"confidence_level":0.95,"lower_bound":306071.9997484249,"upper_bound":551285.1707056961},"point_estimate":433052.41237240104,"standard_error":63096.45120140398}}