{"mean":{"confidence_interval":{"confidence_level":0.95,"lower_bound":5037574.961583333,"upper_bound":5140180.443833333},"point_estimate":5085082.329999997,"standard_error":26135.393395480336},"median":{"confidence_interval":{"confidence_level":0.95,"lower_bound":5037957.0,"upper_bound":5133408.0},"point_estimate":5093741.0,"standard_error":23714.87629730275},"median_abs_dev":{"confidence_interval":{"confidence_level":0.95,"lower_bound":146753.42869460536,"upper_bound":255898.73225688888},"point_estimate":195852.19782292843,"standard_error":28820.52014233332},"slope":null,"std_dev":{"confidence_interval":{"confidence_level":0.95,"lower_bound":175909.64254905834,"upper_bound":367845.7007152381},"point_estimate":263037.34100102173,"standard_error":57068.7070685134}}