{"mean":{"confidence_interval":{"confidence_level":0.95,"lower_bound":4201128.335916666,"upper_bound":4294438.955416667},"point_estimate":4248652.319999999,"standard_error":23826.07685928453},"median":{"confidence_interval":{"confidence_level":0.95,"lower_bound":4208859.333333333,"upper_bound":4336859.666666667},"point_estimate":4280542.833333333,"standard_error":29523.99574832629},"median_abs_dev":{"confidence_interval":{"confidence_level":0.95,"lower_bound":165557.73836076236,"upper_bound":287528.2729953539},"point_estimate":226320.1214820142,"standard_error":30700.393594396624},"slope":null,"std_dev":{"confidence_interval":{"confidence_level":0.95,"lower_bound":204532.49985264946,"upper_bound":271672.75821890036},"point_estimate":239908.99956874512,"standard_error":17113.61914101601}}