{"mean":{"confidence_interval":{"confidence_level":0.95,"lower_bound":4344698.262375,"upper_bound":4354658.9683125},"point_estimate":4349533.6,"standard_error":2545.0121264058134},"median":{"confidence_interval":{"confidence_level":0.95,"lower_bound":4344403.625,"upper_bound":4350528.5},"point_estimate":4347103.625,"standard_error":1513.6575454576766},"median_abs_dev":{"confidence_interval":{"confidence_level":0.95,"lower_bound":14029.287575930357,"upper_bound":25538.155196607113},"point_estimate":19329.767806828022,"standard_error":3112.518982804987},"slope":null,"std_dev":{"confidence_interval":{"confidence_level":0.95,"lower_bound":20581.61526503827,"upper_bound":30121.917215622176},"point_estimate":25519.570498477588,"standard_error":2450.224011735131}}