{"mean":{"confidence_interval":{"confidence_level":0.95,"lower_bound":21201.80298304361,"upper_bound":21850.87330952256},"point_estimate":21533.934141483405,"standard_error":165.89042340218145},"median":{"confidence_interval":{"confidence_level":0.95,"lower_bound":21365.342391304348,"upper_bound":21976.229855072463},"point_estimate":21780.369140071423,"standard_error":138.28526722194277},"median_abs_dev":{"confidence_interval":{"confidence_level":0.95,"lower_bound":1036.4050328407034,"upper_bound":1832.1635842286635},"point_estimate":1361.6818883497515,"standard_error":209.1092890007837},"slope":{"confidence_interval":{"confidence_level":0.95,"lower_bound":22157.26190539522,"upper_bound":22699.33129898277},"point_estimate":22441.83520421997,"standard_error":138.62842190394875},"std_dev":{"confidence_interval":{"confidence_level":0.95,"lower_bound":1369.6338033319792,"upper_bound":1931.049102252425},"point_estimate":1666.658340180012,"standard_error":143.06235338429897}}