{"mean":{"confidence_interval":{"confidence_level":0.95,"lower_bound":27254.169590131034,"upper_bound":28530.70293255985},"point_estimate":27895.55819863369,"standard_error":325.11823687148984},"median":{"confidence_interval":{"confidence_level":0.95,"lower_bound":28166.294027611046,"upper_bound":28858.69391762452},"point_estimate":28429.461827956988,"standard_error":180.64302534663764},"median_abs_dev":{"confidence_interval":{"confidence_level":0.95,"lower_bound":1724.8099942750516,"upper_bound":3212.881898928845},"point_estimate":2352.8704753491693,"standard_error":380.29087530126026},"slope":{"confidence_interval":{"confidence_level":0.95,"lower_bound":29136.771913041863,"upper_bound":29914.647290938443},"point_estimate":29523.868347273532,"standard_error":198.85643811482254},"std_dev":{"confidence_interval":{"confidence_level":0.95,"lower_bound":2744.037424187497,"upper_bound":3754.280860595267},"point_estimate":3274.9107259682874,"standard_error":256.5200937596467}}