{"mean":{"confidence_interval":{"confidence_level":0.95,"lower_bound":20280.16437472246,"upper_bound":20978.572964724943},"point_estimate":20633.238815295696,"standard_error":178.07947262938382},"median":{"confidence_interval":{"confidence_level":0.95,"lower_bound":20374.151785714286,"upper_bound":21512.434749793218},"point_estimate":21255.657903719395,"standard_error":299.8846521089651},"median_abs_dev":{"confidence_interval":{"confidence_level":0.95,"lower_bound":1091.3581223958965,"upper_bound":2140.5144388970907},"point_estimate":1495.9819818459102,"standard_error":275.8545790887719},"slope":{"confidence_interval":{"confidence_level":0.95,"lower_bound":21700.68552673673,"upper_bound":22006.607594424284},"point_estimate":21865.870930742327,"standard_error":78.00740701922615},"std_dev":{"confidence_interval":{"confidence_level":0.95,"lower_bound":1518.0837786817149,"upper_bound":2028.0744198975658},"point_estimate":1787.8381246586312,"standard_error":130.10699633856794}}