{"mean":{"confidence_interval":{"confidence_level":0.95,"lower_bound":24554.602310046626,"upper_bound":25404.82788058304},"point_estimate":24987.968445315968,"standard_error":217.83520975200432},"median":{"confidence_interval":{"confidence_level":0.95,"lower_bound":25091.477142857144,"upper_bound":26026.01563610519},"point_estimate":25662.61332565284,"standard_error":249.06991697479702},"median_abs_dev":{"confidence_interval":{"confidence_level":0.95,"lower_bound":1200.794862653885,"upper_bound":2188.4264965597517},"point_estimate":1638.101961030121,"standard_error":245.69433999283197},"slope":{"confidence_interval":{"confidence_level":0.95,"lower_bound":26203.78680920161,"upper_bound":26652.294291133236},"point_estimate":26435.542553287312,"standard_error":113.9572884354631},"std_dev":{"confidence_interval":{"confidence_level":0.95,"lower_bound":1805.1098442973964,"upper_bound":2515.4105261954765},"point_estimate":2188.725270307447,"standard_error":181.17786118842227}}