{"mean":{"confidence_interval":{"confidence_level":0.95,"lower_bound":23698.89205577916,"upper_bound":24431.56825912285},"point_estimate":24069.751597195765,"standard_error":187.15253473194892},"median":{"confidence_interval":{"confidence_level":0.95,"lower_bound":23561.901470588236,"upper_bound":25233.05775862069},"point_estimate":24397.09008152174,"standard_error":475.2139242335572},"median_abs_dev":{"confidence_interval":{"confidence_level":0.95,"lower_bound":1455.6319670974492,"upper_bound":2608.4166345094286},"point_estimate":1977.260204414482,"standard_error":314.22354002052407},"slope":{"confidence_interval":{"confidence_level":0.95,"lower_bound":25287.989752220084,"upper_bound":25672.13072474374},"point_estimate":25499.37783567312,"standard_error":97.98234239259112},"std_dev":{"confidence_interval":{"confidence_level":0.95,"lower_bound":1626.4953913779407,"upper_bound":2106.809795659029},"point_estimate":1882.4264267427884,"standard_error":122.53142563117437}}