{"mean":{"confidence_interval":{"confidence_level":0.95,"lower_bound":4818316.068549999,"upper_bound":4941049.904900002},"point_estimate":4879685.804,"standard_error":31347.784349672147},"median":{"confidence_interval":{"confidence_level":0.95,"lower_bound":4778110.6,"upper_bound":4935141.6},"point_estimate":4883351.4,"standard_error":39552.78486385838},"median_abs_dev":{"confidence_interval":{"confidence_level":0.95,"lower_bound":283697.13582336914,"upper_bound":421950.91770887375},"point_estimate":371260.52808880917,"standard_error":37020.61685752545},"slope":null,"std_dev":{"confidence_interval":{"confidence_level":0.95,"lower_bound":276151.9747935888,"upper_bound":349718.57073183684},"point_estimate":315091.5836154179,"standard_error":18836.83127976594}}