{"mean":{"confidence_interval":{"confidence_level":0.95,"lower_bound":4752658.000500003,"upper_bound":4921720.9979},"point_estimate":4836337.174000001,"standard_error":42967.26993991406},"median":{"confidence_interval":{"confidence_level":0.95,"lower_bound":4670737.9,"upper_bound":4842891.0},"point_estimate":4768209.8,"standard_error":52277.19346038249},"median_abs_dev":{"confidence_interval":{"confidence_level":0.95,"lower_bound":260037.50892341122,"upper_bound":497049.94373559963},"point_estimate":357905.26752591104,"standard_error":58745.32451673744},"slope":null,"std_dev":{"confidence_interval":{"confidence_level":0.95,"lower_bound":369929.54635331716,"upper_bound":485328.9224149092},"point_estimate":431814.61976439005,"standard_error":29531.563374501802}}