{"mean":{"confidence_interval":{"confidence_level":0.95,"lower_bound":5589283.0781875,"upper_bound":5714992.072624999},"point_estimate":5651392.4725,"standard_error":32010.190005257195},"median":{"confidence_interval":{"confidence_level":0.95,"lower_bound":5549831.875,"upper_bound":5723672.5},"point_estimate":5613470.0,"standard_error":37137.18721597843},"median_abs_dev":{"confidence_interval":{"confidence_level":0.95,"lower_bound":259372.15512022376,"upper_bound":387792.5556153059},"point_estimate":332632.6089195907,"standard_error":32578.698770137147},"slope":null,"std_dev":{"confidence_interval":{"confidence_level":0.95,"lower_bound":269665.1245308905,"upper_bound":369595.1308585752},"point_estimate":320417.9838306495,"standard_error":25640.617952415778}}