{"mean":{"confidence_interval":{"confidence_level":0.95,"lower_bound":4090286.5099000004,"upper_bound":4161839.288199998},"point_estimate":4125970.1680000005,"standard_error":18268.220959508464},"median":{"confidence_interval":{"confidence_level":0.95,"lower_bound":4097372.8,"upper_bound":4199873.6},"point_estimate":4159283.2,"standard_error":21657.47777730667},"median_abs_dev":{"confidence_interval":{"confidence_level":0.95,"lower_bound":114161.82883322322,"upper_bound":215024.14286255842},"point_estimate":158640.272823572,"standard_error":25436.55586741318},"slope":null,"std_dev":{"confidence_interval":{"confidence_level":0.95,"lower_bound":157463.92086611205,"upper_bound":206786.7596530077},"point_estimate":183353.161921757,"standard_error":12611.296935448074}}