{"mean":{"confidence_interval":{"confidence_level":0.95,"lower_bound":4743199.25475,"upper_bound":5313276.5320625},"point_estimate":5020066.4675,"standard_error":145543.63785551075},"median":{"confidence_interval":{"confidence_level":0.95,"lower_bound":4141192.75,"upper_bound":4361310.375},"point_estimate":4225794.625,"standard_error":65866.81213856669},"median_abs_dev":{"confidence_interval":{"confidence_level":0.95,"lower_bound":244968.14040094614,"upper_bound":674320.1971784234},"point_estimate":410188.71081769466,"standard_error":115468.76931276926},"slope":null,"std_dev":{"confidence_interval":{"confidence_level":0.95,"lower_bound":1213955.3594502767,"upper_bound":1634697.0458252158},"point_estimate":1451777.0756807069,"standard_error":107396.10935389582}}