{"mean":{"confidence_interval":{"confidence_level":0.95,"lower_bound":1407.7410669917565,"upper_bound":1465.7821888483427},"point_estimate":1432.0613359878341,"standard_error":15.08836135497512},"median":{"confidence_interval":{"confidence_level":0.95,"lower_bound":1388.9257383966244,"upper_bound":1397.0900140646977},"point_estimate":1392.5424251634558,"standard_error":2.2072193426085063},"median_abs_dev":{"confidence_interval":{"confidence_level":0.95,"lower_bound":12.009429420121739,"upper_bound":22.99280386389653},"point_estimate":17.7047548731999,"standard_error":2.8440763827182565},"slope":{"confidence_interval":{"confidence_level":0.95,"lower_bound":1384.0295891360968,"upper_bound":1387.4912356041862},"point_estimate":1385.5922437692475,"standard_error":0.8846360758570017},"std_dev":{"confidence_interval":{"confidence_level":0.95,"lower_bound":48.95766665744388,"upper_bound":239.93163410739996},"point_estimate":151.77438081671576,"standard_error":53.97359886650891}}