{"mean":{"confidence_interval":{"confidence_level":0.95,"lower_bound":899.4016974277021,"upper_bound":924.6584968021644},"point_estimate":909.9119131320361,"standard_error":6.559612849679305},"median":{"confidence_interval":{"confidence_level":0.95,"lower_bound":891.5618931361607,"upper_bound":900.536347179878},"point_estimate":895.6524448423033,"standard_error":2.392891668579861},"median_abs_dev":{"confidence_interval":{"confidence_level":0.95,"lower_bound":12.081821870758043,"upper_bound":19.671322894732246},"point_estimate":15.506227971441787,"standard_error":1.9222195504976873},"slope":{"confidence_interval":{"confidence_level":0.95,"lower_bound":887.7155519951466,"upper_bound":892.744359700103},"point_estimate":890.162985608583,"standard_error":1.2867446861929877},"std_dev":{"confidence_interval":{"confidence_level":0.95,"lower_bound":21.575431847846144,"upper_bound":105.09212260465495},"point_estimate":66.35888749990067,"standard_error":24.11135838014999}}