{"mean":{"confidence_interval":{"confidence_level":0.95,"lower_bound":1551135.139128872,"upper_bound":1607225.5245938553},"point_estimate":1578704.1321624178,"standard_error":14299.460236463992},"median":{"confidence_interval":{"confidence_level":0.95,"lower_bound":1529439.4647887324,"upper_bound":1602805.8636363635},"point_estimate":1567400.738980263,"standard_error":19898.00000291788},"median_abs_dev":{"confidence_interval":{"confidence_level":0.95,"lower_bound":99564.558509425,"upper_bound":165744.6135118248},"point_estimate":127309.6283927435,"standard_error":16172.22002071335},"slope":{"confidence_interval":{"confidence_level":0.95,"lower_bound":1553619.8030808074,"upper_bound":1612646.8302391474},"point_estimate":1583049.5952327473,"standard_error":15105.644608736942},"std_dev":{"confidence_interval":{"confidence_level":0.95,"lower_bound":117649.82736716045,"upper_bound":170287.09698238433},"point_estimate":143968.8776804255,"standard_error":13534.748575897192}}