{"mean":{"confidence_interval":{"confidence_level":0.95,"lower_bound":974343.0183883625,"upper_bound":1019965.7990635361},"point_estimate":996417.6665515541,"standard_error":11637.086328567},"median":{"confidence_interval":{"confidence_level":0.95,"lower_bound":958031.9185185186,"upper_bound":988002.04},"point_estimate":968221.2536978933,"standard_error":7884.742397960522},"median_abs_dev":{"confidence_interval":{"confidence_level":0.95,"lower_bound":50578.34515857825,"upper_bound":95187.30908701057},"point_estimate":64682.1859653188,"standard_error":11213.395945229433},"slope":{"confidence_interval":{"confidence_level":0.95,"lower_bound":944823.5710428429,"upper_bound":981921.418135507},"point_estimate":963222.9544968228,"standard_error":9475.050694379095},"std_dev":{"confidence_interval":{"confidence_level":0.95,"lower_bound":89357.80018462852,"upper_bound":142248.92988194793},"point_estimate":116987.52066888419,"standard_error":13563.621141610989}}