{"mean":{"confidence_interval":{"confidence_level":0.95,"lower_bound":907.8959822673402,"upper_bound":935.1572382779735},"point_estimate":919.2745891370138,"standard_error":7.101940035981844},"median":{"confidence_interval":{"confidence_level":0.95,"lower_bound":898.6402657901106,"upper_bound":905.5299043062201},"point_estimate":902.306167737546,"standard_error":1.728998652096535},"median_abs_dev":{"confidence_interval":{"confidence_level":0.95,"lower_bound":6.829659059740194,"upper_bound":13.91186238169813},"point_estimate":9.387806086299161,"standard_error":1.7414934533391884},"slope":{"confidence_interval":{"confidence_level":0.95,"lower_bound":896.783068485358,"upper_bound":898.6909669261536},"point_estimate":897.6565694363077,"standard_error":0.48780714603987846},"std_dev":{"confidence_interval":{"confidence_level":0.95,"lower_bound":22.24290750952818,"upper_bound":113.40306908785384},"point_estimate":71.45715714622474,"standard_error":25.954309320911204}}