{"mean":{"confidence_interval":{"confidence_level":0.95,"lower_bound":1291.755502412242,"upper_bound":1339.0541169423966},"point_estimate":1312.8439105881064,"standard_error":12.173321436190406},"median":{"confidence_interval":{"confidence_level":0.95,"lower_bound":1275.5482774611514,"upper_bound":1309.8303948576677},"point_estimate":1290.7428589105925,"standard_error":9.471751426159376},"median_abs_dev":{"confidence_interval":{"confidence_level":0.95,"lower_bound":49.68558130351384,"upper_bound":81.91860639406198},"point_estimate":64.63339351186585,"standard_error":8.300621063381913},"slope":{"confidence_interval":{"confidence_level":0.95,"lower_bound":1257.6887494495506,"upper_bound":1279.5256252855106},"point_estimate":1268.0236351179215,"standard_error":5.563587296877098},"std_dev":{"confidence_interval":{"confidence_level":0.95,"lower_bound":61.31732207366282,"upper_bound":181.96662089023616},"point_estimate":122.28990678063035,"standard_error":33.84937265012636}}