{"mean":{"confidence_interval":{"confidence_level":0.95,"lower_bound":48425.63859809989,"upper_bound":49095.94033612792},"point_estimate":48707.48947549042,"standard_error":173.2972972150981},"median":{"confidence_interval":{"confidence_level":0.95,"lower_bound":48231.621212121216,"upper_bound":48429.17636195753},"point_estimate":48355.48591499073,"standard_error":58.67082767759989},"median_abs_dev":{"confidence_interval":{"confidence_level":0.95,"lower_bound":310.1368546241232,"upper_bound":572.740349399433},"point_estimate":436.1807234902277,"standard_error":66.97545467752224},"slope":{"confidence_interval":{"confidence_level":0.95,"lower_bound":48042.658081419606,"upper_bound":48160.01603864811},"point_estimate":48098.25184945518,"standard_error":29.869205946205447},"std_dev":{"confidence_interval":{"confidence_level":0.95,"lower_bound":611.4452928280494,"upper_bound":2730.788950747888},"point_estimate":1737.4659824324478,"standard_error":604.4153072845914}}