{"mean":{"confidence_interval":{"confidence_level":0.95,"lower_bound":47389.07948888013,"upper_bound":48004.97551102758},"point_estimate":47648.01550261527,"standard_error":160.88640187285046},"median":{"confidence_interval":{"confidence_level":0.95,"lower_bound":47191.47534668721,"upper_bound":47433.63370060173},"point_estimate":47294.64962404991,"standard_error":62.16986200671703},"median_abs_dev":{"confidence_interval":{"confidence_level":0.95,"lower_bound":282.94101834593425,"upper_bound":511.69307526985665},"point_estimate":376.6709186094766,"standard_error":58.19011697062422},"slope":{"confidence_interval":{"confidence_level":0.95,"lower_bound":47098.602341129,"upper_bound":47193.89371777937},"point_estimate":47145.107246396285,"standard_error":24.340871840340473},"std_dev":{"confidence_interval":{"confidence_level":0.95,"lower_bound":516.4317926273285,"upper_bound":2581.9101254676248},"point_estimate":1625.799082011184,"standard_error":602.8061458516893}}