{"mean":{"confidence_interval":{"confidence_level":0.95,"lower_bound":48310.30390841867,"upper_bound":49012.39685637467},"point_estimate":48602.33322899738,"standard_error":182.03099191465873},"median":{"confidence_interval":{"confidence_level":0.95,"lower_bound":48095.26650629472,"upper_bound":48240.00071123755},"point_estimate":48162.290100250626,"standard_error":37.25129923486706},"median_abs_dev":{"confidence_interval":{"confidence_level":0.95,"lower_bound":201.64278064361233,"upper_bound":374.92346513254756},"point_estimate":291.32493795295295,"standard_error":44.37609514706813},"slope":{"confidence_interval":{"confidence_level":0.95,"lower_bound":47994.02185130992,"upper_bound":48088.27794476652},"point_estimate":48041.963702799185,"standard_error":24.09999268971952},"std_dev":{"confidence_interval":{"confidence_level":0.95,"lower_bound":608.2034806390967,"upper_bound":2887.7515315808982},"point_estimate":1826.0110905885717,"standard_error":651.9386217598935}}