{"mean":{"confidence_interval":{"confidence_level":0.95,"lower_bound":48805.751686037955,"upper_bound":49573.37590434467},"point_estimate":49120.416847393404,"standard_error":200.8499907549775},"median":{"confidence_interval":{"confidence_level":0.95,"lower_bound":48638.36842105263,"upper_bound":48814.23976608187},"point_estimate":48712.04855549199,"standard_error":44.29499996306898},"median_abs_dev":{"confidence_interval":{"confidence_level":0.95,"lower_bound":291.5337128934394,"upper_bound":542.4459526296683},"point_estimate":417.57629227666666,"standard_error":64.99929318930556},"slope":{"confidence_interval":{"confidence_level":0.95,"lower_bound":48425.75114694788,"upper_bound":48543.80370359139},"point_estimate":48481.08211801856,"standard_error":30.09234784362215},"std_dev":{"confidence_interval":{"confidence_level":0.95,"lower_bound":602.9751972409291,"upper_bound":3239.7390955081146},"point_estimate":2009.2609828912548,"standard_error":772.7002222400263}}