{"mean":{"confidence_interval":{"confidence_level":0.95,"lower_bound":4291597.405312501,"upper_bound":4300827.100500001},"point_estimate":4295723.435,"standard_error":2382.5969619826833},"median":{"confidence_interval":{"confidence_level":0.95,"lower_bound":4290029.875,"upper_bound":4295379.25},"point_estimate":4292692.375,"standard_error":1624.6395031160866},"median_abs_dev":{"confidence_interval":{"confidence_level":0.95,"lower_bound":7784.7618117928505,"upper_bound":13066.338893026114},"point_estimate":10118.744820356369,"standard_error":1424.8709949939514},"slope":null,"std_dev":{"confidence_interval":{"confidence_level":0.95,"lower_bound":10980.236491078835,"upper_bound":34441.54379875878},"point_estimate":23964.872208252087,"standard_error":6177.595535367741}}