{"mean":{"confidence_interval":{"confidence_level":0.95,"lower_bound":3561573.2654999993,"upper_bound":3569423.4741},"point_estimate":3565442.8700000024,"standard_error":1997.8273639565311},"median":{"confidence_interval":{"confidence_level":0.95,"lower_bound":3559408.8,"upper_bound":3567173.8},"point_estimate":3564058.7,"standard_error":2027.9354144211202},"median_abs_dev":{"confidence_interval":{"confidence_level":0.95,"lower_bound":16213.26853215722,"upper_bound":25497.309567332544},"point_estimate":22428.17936182036,"standard_error":2453.785966363318},"slope":null,"std_dev":{"confidence_interval":{"confidence_level":0.95,"lower_bound":17010.14879239425,"upper_bound":22963.204525862868},"point_estimate":20120.4364840173,"standard_error":1521.0587148808102}}