{"mean":{"confidence_interval":{"confidence_level":0.95,"lower_bound":3577332.1153000006,"upper_bound":3584660.6361000007},"point_estimate":3580819.790000002,"standard_error":1872.1116999047408},"median":{"confidence_interval":{"confidence_level":0.95,"lower_bound":3575867.4,"upper_bound":3582147.5},"point_estimate":3578697.6,"standard_error":1637.7710283346446},"median_abs_dev":{"confidence_interval":{"confidence_level":0.95,"lower_bound":9028.8855797051,"upper_bound":15152.468250989845},"point_estimate":11505.272315740862,"standard_error":1583.4048819442462},"slope":null,"std_dev":{"confidence_interval":{"confidence_level":0.95,"lower_bound":13303.108157682465,"upper_bound":24388.866118830694},"point_estimate":18830.464113161706,"standard_error":2873.7130059849815}}