{"mean":{"confidence_interval":{"confidence_level":0.95,"lower_bound":3332006.8919500015,"upper_bound":3416410.928850001},"point_estimate":3373080.115999999,"standard_error":21582.083788785207},"median":{"confidence_interval":{"confidence_level":0.95,"lower_bound":3264527.9,"upper_bound":3418257.6},"point_estimate":3324707.4,"standard_error":42729.82078919932},"median_abs_dev":{"confidence_interval":{"confidence_level":0.95,"lower_bound":160120.50063729327,"upper_bound":282034.69647288293},"point_estimate":201708.0229389667,"standard_error":32038.364255829336},"slope":null,"std_dev":{"confidence_interval":{"confidence_level":0.95,"lower_bound":176269.07322887742,"upper_bound":263394.5840803023},"point_estimate":216886.4395021378,"standard_error":22992.456834843713}}