{"mean":{"confidence_interval":{"confidence_level":0.95,"lower_bound":5851235.7610625,"upper_bound":5911934.649437499},"point_estimate":5880474.45,"standard_error":15511.419422023457},"median":{"confidence_interval":{"confidence_level":0.95,"lower_bound":5831425.5,"upper_bound":5887163.125},"point_estimate":5848687.625,"standard_error":14376.869096638895},"median_abs_dev":{"confidence_interval":{"confidence_level":0.95,"lower_bound":80172.52020165324,"upper_bound":131898.1120877153},"point_estimate":105710.67539826035,"standard_error":12832.014019739154},"slope":null,"std_dev":{"confidence_interval":{"confidence_level":0.95,"lower_bound":120345.30292294317,"upper_bound":185403.98114533222},"point_estimate":155034.09279344123,"standard_error":16641.07764222087}}