{"mean":{"confidence_interval":{"confidence_level":0.95,"lower_bound":4317519.254949998,"upper_bound":4393610.552149999},"point_estimate":4352571.331999999,"standard_error":19452.56688226884},"median":{"confidence_interval":{"confidence_level":0.95,"lower_bound":4308689.0,"upper_bound":4346211.2},"point_estimate":4335319.9,"standard_error":9354.93967112769},"median_abs_dev":{"confidence_interval":{"confidence_level":0.95,"lower_bound":68515.98562359797,"upper_bound":123123.25611412525},"point_estimate":83149.09910380881,"standard_error":13772.896539272671},"slope":null,"std_dev":{"confidence_interval":{"confidence_level":0.95,"lower_bound":119099.03143278493,"upper_bound":277388.13171202305},"point_estimate":196563.03591265823,"standard_error":43435.68870425911}}