{"mean":{"confidence_interval":{"confidence_level":0.95,"lower_bound":5594004.177849999,"upper_bound":5707693.506550003},"point_estimate":5650517.7859999975,"standard_error":29085.929800659032},"median":{"confidence_interval":{"confidence_level":0.95,"lower_bound":5606349.6,"upper_bound":5707071.0},"point_estimate":5661330.300000001,"standard_error":25537.76540328545},"median_abs_dev":{"confidence_interval":{"confidence_level":0.95,"lower_bound":214964.98712360844,"upper_bound":376303.1471192837},"point_estimate":297294.3567019698,"standard_error":42168.1717668254},"slope":null,"std_dev":{"confidence_interval":{"confidence_level":0.95,"lower_bound":253444.95324972653,"upper_bound":326097.00323215796},"point_estimate":291726.9583310779,"standard_error":18621.752573882673}}