{"mean":{"confidence_interval":{"confidence_level":0.95,"lower_bound":3462522.4357000003,"upper_bound":3589670.0712499996},"point_estimate":3525224.488,"standard_error":32412.80380395424},"median":{"confidence_interval":{"confidence_level":0.95,"lower_bound":3394587.6,"upper_bound":3576478.6},"point_estimate":3473718.0,"standard_error":45524.054510713555},"median_abs_dev":{"confidence_interval":{"confidence_level":0.95,"lower_bound":257662.38376557812,"upper_bound":390059.16557456594},"point_estimate":300732.06126093864,"standard_error":33386.209708403585},"slope":null,"std_dev":{"confidence_interval":{"confidence_level":0.95,"lower_bound":275474.5438374617,"upper_bound":374390.1539831063},"point_estimate":328041.21685826423,"standard_error":25142.575637775608}}