{"mean":{"confidence_interval":{"confidence_level":0.95,"lower_bound":6023963.5088125,"upper_bound":6097342.0779375},"point_estimate":6058025.3225,"standard_error":18836.296006937046},"median":{"confidence_interval":{"confidence_level":0.95,"lower_bound":6001579.75,"upper_bound":6070041.5},"point_estimate":6041329.375,"standard_error":17872.897904326197},"median_abs_dev":{"confidence_interval":{"confidence_level":0.95,"lower_bound":96812.6663312316,"upper_bound":163196.0801526904},"point_estimate":134248.31566661596,"standard_error":17323.55230035098},"slope":null,"std_dev":{"confidence_interval":{"confidence_level":0.95,"lower_bound":119427.15210818587,"upper_bound":262932.39132588817},"point_estimate":188958.1993767134,"standard_error":38890.532195511645}}