{"mean":{"confidence_interval":{"confidence_level":0.95,"lower_bound":4545512.33375,"upper_bound":4563983.2095625},"point_estimate":4554248.5025,"standard_error":4733.489548211687},"median":{"confidence_interval":{"confidence_level":0.95,"lower_bound":4534448.25,"upper_bound":4551785.75},"point_estimate":4540898.25,"standard_error":3809.0066266691542},"median_abs_dev":{"confidence_interval":{"confidence_level":0.95,"lower_bound":22331.398015413473,"upper_bound":36528.66880148649},"point_estimate":29597.14327454567,"standard_error":3721.3087004961235},"slope":null,"std_dev":{"confidence_interval":{"confidence_level":0.95,"lower_bound":33082.62117622659,"upper_bound":60777.28570985168},"point_estimate":47572.04950115692,"standard_error":7116.909703432016}}