{"mean":{"confidence_interval":{"confidence_level":0.95,"lower_bound":6760522.6835,"upper_bound":6917961.394333333},"point_estimate":6832876.6,"standard_error":40187.65190677274},"median":{"confidence_interval":{"confidence_level":0.95,"lower_bound":6690717.333333333,"upper_bound":6768618.666666667},"point_estimate":6735568.333333334,"standard_error":17892.723804027963},"median_abs_dev":{"confidence_interval":{"confidence_level":0.95,"lower_bound":118239.07760083652,"upper_bound":229781.49822056293},"point_estimate":166300.27384757996,"standard_error":27764.84763385776},"slope":null,"std_dev":{"confidence_interval":{"confidence_level":0.95,"lower_bound":242875.43426287122,"upper_bound":540903.4616187123},"point_estimate":403128.0955008014,"standard_error":76340.01982327491}}