{"mean":{"confidence_interval":{"confidence_level":0.95,"lower_bound":5533299.527125,"upper_bound":5783007.9935},"point_estimate":5645862.13,"standard_error":64214.045198780834},"median":{"confidence_interval":{"confidence_level":0.95,"lower_bound":5489572.0,"upper_bound":5664474.0},"point_estimate":5567197.25,"standard_error":43660.51912470663},"median_abs_dev":{"confidence_interval":{"confidence_level":0.95,"lower_bound":233438.33105564117,"upper_bound":461947.01719880104},"point_estimate":330809.19627696276,"standard_error":58405.96784167799},"slope":null,"std_dev":{"confidence_interval":{"confidence_level":0.95,"lower_bound":335972.58788737276,"upper_bound":920606.2452771664},"point_estimate":644755.9237135439,"standard_error":155270.1502231826}}