{"mean":{"confidence_interval":{"confidence_level":0.95,"lower_bound":5196085.487500002,"upper_bound":5207962.529999999},"point_estimate":5201940.883333336,"standard_error":3033.194177242672},"median":{"confidence_interval":{"confidence_level":0.95,"lower_bound":5189768.666666667,"upper_bound":5204829.0},"point_estimate":5196568.833333334,"standard_error":3977.969306278785},"median_abs_dev":{"confidence_interval":{"confidence_level":0.95,"lower_bound":22857.490894197497,"upper_bound":37485.56353449729},"point_estimate":30912.950751185417,"standard_error":3743.5137095359432},"slope":null,"std_dev":{"confidence_interval":{"confidence_level":0.95,"lower_bound":25356.81443813033,"upper_bound":35936.814203956594},"point_estimate":30500.53731647091,"standard_error":2721.4695285958755}}