{"mean":{"confidence_interval":{"confidence_level":0.95,"lower_bound":5129721.869833334,"upper_bound":5140654.594583333},"point_estimate":5134849.923333335,"standard_error":2799.5343684258464},"median":{"confidence_interval":{"confidence_level":0.95,"lower_bound":5126228.0,"upper_bound":5134267.0},"point_estimate":5130784.0,"standard_error":2215.0636367951415},"median_abs_dev":{"confidence_interval":{"confidence_level":0.95,"lower_bound":12305.579781532288,"upper_bound":22862.185794114605},"point_estimate":16996.03189826058,"standard_error":2631.0905909110384},"slope":null,"std_dev":{"confidence_interval":{"confidence_level":0.95,"lower_bound":19102.19541267843,"upper_bound":38423.37847744927},"point_estimate":28200.41629023292,"standard_error":5290.18279376193}}