{"mean":{"confidence_interval":{"confidence_level":0.95,"lower_bound":5151543.982666665,"upper_bound":5162758.547249997},"point_estimate":5156833.256666665,"standard_error":2869.408016183879},"median":{"confidence_interval":{"confidence_level":0.95,"lower_bound":5146985.333333333,"upper_bound":5155185.0},"point_estimate":5150491.666666666,"standard_error":2026.2647233611153},"median_abs_dev":{"confidence_interval":{"confidence_level":0.95,"lower_bound":12867.485171556473,"upper_bound":24922.999757529225},"point_estimate":21200.685423613744,"standard_error":3145.0357421564636},"slope":null,"std_dev":{"confidence_interval":{"confidence_level":0.95,"lower_bound":21067.269705404775,"upper_bound":37102.552975049395},"point_estimate":28746.82223979404,"standard_error":4240.717241300608}}