{"mean":{"confidence_interval":{"confidence_level":0.95,"lower_bound":5760475.970333333,"upper_bound":5808670.178249999},"point_estimate":5784228.626666668,"standard_error":12241.23684177539},"median":{"confidence_interval":{"confidence_level":0.95,"lower_bound":5769460.166666667,"upper_bound":5806126.666666667},"point_estimate":5779959.5,"standard_error":9635.005251621646},"median_abs_dev":{"confidence_interval":{"confidence_level":0.95,"lower_bound":72128.24161946865,"upper_bound":123452.1462082872},"point_estimate":96197.01669216156,"standard_error":12428.846014175915},"slope":null,"std_dev":{"confidence_interval":{"confidence_level":0.95,"lower_bound":98233.7920469021,"upper_bound":148217.42900134114},"point_estimate":122914.74683392822,"standard_error":12950.503811138899}}