{"mean":{"confidence_interval":{"confidence_level":0.95,"lower_bound":6574019.208333332,"upper_bound":6731833.6319166655},"point_estimate":6646527.809999999,"standard_error":40438.288344228764},"median":{"confidence_interval":{"confidence_level":0.95,"lower_bound":6538369.0,"upper_bound":6605752.666666667},"point_estimate":6568252.5,"standard_error":19514.337469476926},"median_abs_dev":{"confidence_interval":{"confidence_level":0.95,"lower_bound":125008.87618064904,"upper_bound":244556.84245824767},"point_estimate":189576.84633433772,"standard_error":30706.40216315498},"slope":null,"std_dev":{"confidence_interval":{"confidence_level":0.95,"lower_bound":246034.90506719303,"upper_bound":560467.2433178795},"point_estimate":407646.4176296539,"standard_error":82249.9242354701}}