{"mean":{"confidence_interval":{"confidence_level":0.95,"lower_bound":4381815.645916668,"upper_bound":4400890.316249999},"point_estimate":4391085.530000001,"standard_error":4870.182015220345},"median":{"confidence_interval":{"confidence_level":0.95,"lower_bound":4373366.666666667,"upper_bound":4397817.0},"point_estimate":4383850.166666667,"standard_error":6355.941407134486},"median_abs_dev":{"confidence_interval":{"confidence_level":0.95,"lower_bound":34348.36345769511,"upper_bound":53720.28034627392},"point_estimate":45368.30049455097,"standard_error":4991.461754358842},"slope":null,"std_dev":{"confidence_interval":{"confidence_level":0.95,"lower_bound":38832.189990338244,"upper_bound":58532.62271303935},"point_estimate":48939.43833041745,"standard_error":5056.360288088404}}