{"mean":{"confidence_interval":{"confidence_level":0.95,"lower_bound":9178499.333083332,"upper_bound":9380165.85895833},"point_estimate":9271782.793333333,"standard_error":51466.94117018706},"median":{"confidence_interval":{"confidence_level":0.95,"lower_bound":9109974.666666666,"upper_bound":9240730.583333332},"point_estimate":9174515.083333332,"standard_error":27913.517202573068},"median_abs_dev":{"confidence_interval":{"confidence_level":0.95,"lower_bound":199257.6064124708,"upper_bound":391559.4714984298},"point_estimate":297267.9664224372,"standard_error":53304.00075460257},"slope":null,"std_dev":{"confidence_interval":{"confidence_level":0.95,"lower_bound":323472.58477265487,"upper_bound":713386.1690740784},"point_estimate":519510.49944281083,"standard_error":101832.68946925782}}