{"mean":{"confidence_interval":{"confidence_level":0.95,"lower_bound":167887506.58200002,"upper_bound":168471948.9385},"point_estimate":168176919.77,"standard_error":149173.52592261048},"median":{"confidence_interval":{"confidence_level":0.95,"lower_bound":167709642.0,"upper_bound":168523653.0},"point_estimate":168255502.0,"standard_error":248508.76405166034},"median_abs_dev":{"confidence_interval":{"confidence_level":0.95,"lower_bound":1140212.7835571766,"upper_bound":1890050.3594098985},"point_estimate":1403016.9722914696,"standard_error":195920.16858760867},"slope":null,"std_dev":{"confidence_interval":{"confidence_level":0.95,"lower_bound":1308479.965703031,"upper_bound":1674988.0106918444},"point_estimate":1504922.2618968878,"standard_error":93620.38371027603}}