{"mean":{"confidence_interval":{"confidence_level":0.95,"lower_bound":204576538.70075,"upper_bound":206303626.15875},"point_estimate":205429600.4,"standard_error":440206.9954164597},"median":{"confidence_interval":{"confidence_level":0.95,"lower_bound":203771526.0,"upper_bound":206268644.0},"point_estimate":205086431.5,"standard_error":643196.7577016966},"median_abs_dev":{"confidence_interval":{"confidence_level":0.95,"lower_bound":3124002.713137865,"upper_bound":5127369.912058471},"point_estimate":3825492.666783929,"standard_error":507116.47476767516},"slope":null,"std_dev":{"confidence_interval":{"confidence_level":0.95,"lower_bound":3711466.2297732704,"upper_bound":5039910.191515461},"point_estimate":4412944.6689501945,"standard_error":339549.3820006116}}