{"mean":{"confidence_interval":{"confidence_level":0.95,"lower_bound":175752694.886,"upper_bound":177393900.79},"point_estimate":176571465.08,"standard_error":418937.6997141209},"median":{"confidence_interval":{"confidence_level":0.95,"lower_bound":175209046.5,"upper_bound":176728423.0},"point_estimate":176257584.0,"standard_error":411152.08769157605},"median_abs_dev":{"confidence_interval":{"confidence_level":0.95,"lower_bound":3326194.508448243,"upper_bound":5907396.614822745},"point_estimate":4800838.109368086,"standard_error":626788.6347730936},"slope":null,"std_dev":{"confidence_interval":{"confidence_level":0.95,"lower_bound":3732593.4907294735,"upper_bound":4639731.183740879},"point_estimate":4215948.096598422,"standard_error":231417.23742586854}}