{"mean":{"confidence_interval":{"confidence_level":0.95,"lower_bound":175461231.39625,"upper_bound":175851555.87600002},"point_estimate":175654589.58,"standard_error":99300.04762119902},"median":{"confidence_interval":{"confidence_level":0.95,"lower_bound":175273368.5,"upper_bound":175825117.5},"point_estimate":175593304.0,"standard_error":131186.1965882247},"median_abs_dev":{"confidence_interval":{"confidence_level":0.95,"lower_bound":867033.3602070808,"upper_bound":1340813.0448608084},"point_estimate":1094976.4344602823,"standard_error":118665.42552271251},"slope":null,"std_dev":{"confidence_interval":{"confidence_level":0.95,"lower_bound":873490.9320937389,"upper_bound":1119264.362389645},"point_estimate":1004241.8012021213,"standard_error":62642.815144783985}}