{"mean":{"confidence_interval":{"confidence_level":0.95,"lower_bound":201803347.384,"upper_bound":203871832.778},"point_estimate":202791125.81,"standard_error":527514.5009827833},"median":{"confidence_interval":{"confidence_level":0.95,"lower_bound":200668594.5,"upper_bound":201969280.0},"point_estimate":201125719.5,"standard_error":376426.57864787086},"median_abs_dev":{"confidence_interval":{"confidence_level":0.95,"lower_bound":2429494.3227678537,"upper_bound":4468313.91557157},"point_estimate":3383482.9127311707,"standard_error":522272.00826979405},"slope":null,"std_dev":{"confidence_interval":{"confidence_level":0.95,"lower_bound":3942830.8166613686,"upper_bound":6439110.87561008},"point_estimate":5274293.940656603,"standard_error":636281.6157151033}}