{"mean":{"confidence_interval":{"confidence_level":0.95,"lower_bound":182693651.11150002,"upper_bound":184939053.667},"point_estimate":183793627.6,"standard_error":571310.7298240524},"median":{"confidence_interval":{"confidence_level":0.95,"lower_bound":181294611.0,"upper_bound":184098365.5},"point_estimate":182963276.0,"standard_error":732295.633393011},"median_abs_dev":{"confidence_interval":{"confidence_level":0.95,"lower_bound":4083240.448307991,"upper_bound":6763028.039932251},"point_estimate":5335802.433970571,"standard_error":719588.8105855688},"slope":null,"std_dev":{"confidence_interval":{"confidence_level":0.95,"lower_bound":4837162.04028791,"upper_bound":6552166.941313927},"point_estimate":5749734.897924864,"standard_error":438135.83178166434}}