{"mean":{"confidence_interval":{"confidence_level":0.95,"lower_bound":2815051.592161764,"upper_bound":2838218.969294117},"point_estimate":2826458.716470587,"standard_error":5894.821044866463},"median":{"confidence_interval":{"confidence_level":0.95,"lower_bound":2807590.470588235,"upper_bound":2840821.705882353},"point_estimate":2818117.088235294,"standard_error":9766.274963646123},"median_abs_dev":{"confidence_interval":{"confidence_level":0.95,"lower_bound":48629.71519547375,"upper_bound":79994.7281209859},"point_estimate":61409.988603872596,"standard_error":7950.050166241026},"slope":null,"std_dev":{"confidence_interval":{"confidence_level":0.95,"lower_bound":50727.81396968791,"upper_bound":66857.76952490982},"point_estimate":59063.66313018855,"standard_error":4135.700102939456}}