{"mean":{"confidence_interval":{"confidence_level":0.95,"lower_bound":2962073.0401323526,"upper_bound":2968710.2335882345},"point_estimate":2965315.0776470574,"standard_error":1695.5334363212091},"median":{"confidence_interval":{"confidence_level":0.95,"lower_bound":2957980.0588235296,"upper_bound":2965562.411764706},"point_estimate":2962456.5,"standard_error":1910.3287517518352},"median_abs_dev":{"confidence_interval":{"confidence_level":0.95,"lower_bound":10478.426844411873,"upper_bound":17594.93288159872},"point_estimate":13792.627555131912,"standard_error":1804.7329393296764},"slope":null,"std_dev":{"confidence_interval":{"confidence_level":0.95,"lower_bound":14005.49490275759,"upper_bound":19663.508525345464},"point_estimate":17013.385404502944,"standard_error":1439.5733749978367}}