{"mean":{"confidence_interval":{"confidence_level":0.95,"lower_bound":3079410.305941178,"upper_bound":3134420.2319705896},"point_estimate":3107351.3423529402,"standard_error":14009.246043807016},"median":{"confidence_interval":{"confidence_level":0.95,"lower_bound":3094706.9411764704,"upper_bound":3170917.117647059},"point_estimate":3134864.8529411764,"standard_error":19559.43371223915},"median_abs_dev":{"confidence_interval":{"confidence_level":0.95,"lower_bound":102921.60178689433,"upper_bound":178640.4919611437},"point_estimate":137319.4561032689,"standard_error":19488.361023972768},"slope":null,"std_dev":{"confidence_interval":{"confidence_level":0.95,"lower_bound":122261.97715207632,"upper_bound":155586.87545876377},"point_estimate":140318.8081370958,"standard_error":8473.67524021123}}