{"mean":{"confidence_interval":{"confidence_level":0.95,"lower_bound":3056616.2293676473,"upper_bound":3083758.93464706},"point_estimate":3069883.223529411,"standard_error":6912.967455036811},"median":{"confidence_interval":{"confidence_level":0.95,"lower_bound":3043694.9411764704,"upper_bound":3080424.8235294116},"point_estimate":3063453.970588235,"standard_error":9950.352885171302},"median_abs_dev":{"confidence_interval":{"confidence_level":0.95,"lower_bound":59051.956951618195,"upper_bound":92524.26771030715},"point_estimate":76748.70629626152,"standard_error":8640.194339144076},"slope":null,"std_dev":{"confidence_interval":{"confidence_level":0.95,"lower_bound":59224.993723429914,"upper_bound":79251.11138627717},"point_estimate":69715.70162645185,"standard_error":5130.261044467429}}