{"mean":{"confidence_interval":{"confidence_level":0.95,"lower_bound":3697511.2502499996,"upper_bound":3754773.247903846},"point_estimate":3725265.1861538454,"standard_error":14630.136206731782},"median":{"confidence_interval":{"confidence_level":0.95,"lower_bound":3697795.6923076925,"upper_bound":3754180.769230769},"point_estimate":3726969.038461538,"standard_error":14351.833739750682},"median_abs_dev":{"confidence_interval":{"confidence_level":0.95,"lower_bound":78607.50762751474,"upper_bound":138368.09034347534},"point_estimate":108219.70499410106,"standard_error":15972.281421314148},"slope":null,"std_dev":{"confidence_interval":{"confidence_level":0.95,"lower_bound":112113.91782301363,"upper_bound":186411.5799147258},"point_estimate":147520.26055609222,"standard_error":19557.018570585977}}