{"mean":{"confidence_interval":{"confidence_level":0.95,"lower_bound":2927403.2013382358,"upper_bound":2931120.777514707},"point_estimate":2929227.0729411785,"standard_error":946.1556465384718},"median":{"confidence_interval":{"confidence_level":0.95,"lower_bound":2926926.2352941176,"upper_bound":2930614.2352941176},"point_estimate":2929367.382352941,"standard_error":957.5701806709945},"median_abs_dev":{"confidence_interval":{"confidence_level":0.95,"lower_bound":7339.341903377501,"upper_bound":11582.07426481825},"point_estimate":9977.112916988668,"standard_error":1111.955547962779},"slope":null,"std_dev":{"confidence_interval":{"confidence_level":0.95,"lower_bound":7941.012118019565,"upper_bound":11085.418751555739},"point_estimate":9563.770428135418,"standard_error":805.1706609526929}}