{"mean":{"confidence_interval":{"confidence_level":0.95,"lower_bound":3051957.5118750003,"upper_bound":3056498.007671875},"point_estimate":3054184.318125,"standard_error":1159.5769793881104},"median":{"confidence_interval":{"confidence_level":0.95,"lower_bound":3050272.75,"upper_bound":3055310.25},"point_estimate":3053057.1875,"standard_error":1254.5874035333559},"median_abs_dev":{"confidence_interval":{"confidence_level":0.95,"lower_bound":9192.34685992822,"upper_bound":15303.211603313684},"point_estimate":11897.864788770676,"standard_error":1626.2134812486522},"slope":null,"std_dev":{"confidence_interval":{"confidence_level":0.95,"lower_bound":9540.071348436542,"upper_bound":13653.342005972889},"point_estimate":11603.892189153927,"standard_error":1056.4792785097738}}