{"mean":{"confidence_interval":{"confidence_level":0.95,"lower_bound":3954388.371192309,"upper_bound":4015965.7746153856},"point_estimate":3983894.33,"standard_error":15736.462193827798},"median":{"confidence_interval":{"confidence_level":0.95,"lower_bound":3922918.9615384615,"upper_bound":3990479.576923077},"point_estimate":3956001.0384615385,"standard_error":16954.40939662819},"median_abs_dev":{"confidence_interval":{"confidence_level":0.95,"lower_bound":102058.19057272038,"upper_bound":159009.30336163568},"point_estimate":127303.21864760818,"standard_error":14730.50570813661},"slope":null,"std_dev":{"confidence_interval":{"confidence_level":0.95,"lower_bound":120955.17462717733,"upper_bound":191026.50954719828},"point_estimate":157447.86425759413,"standard_error":17872.815618756194}}