{"mean":{"confidence_interval":{"confidence_level":0.95,"lower_bound":4215524.025479164,"upper_bound":4307970.717708332},"point_estimate":4258214.354166668,"standard_error":23733.15737531403},"median":{"confidence_interval":{"confidence_level":0.95,"lower_bound":4193128.7083333335,"upper_bound":4230140.833333333},"point_estimate":4208874.375,"standard_error":9857.729650597003},"median_abs_dev":{"confidence_interval":{"confidence_level":0.95,"lower_bound":74091.18081899348,"upper_bound":139381.20032548928},"point_estimate":107777.79041156138,"standard_error":16837.590347587386},"slope":null,"std_dev":{"confidence_interval":{"confidence_level":0.95,"lower_bound":140528.82223552966,"upper_bound":319207.555062646},"point_estimate":238559.51279023755,"standard_error":45351.84626257267}}