{"mean":{"confidence_interval":{"confidence_level":0.95,"lower_bound":3348016.4305666666,"upper_bound":3406553.824133332},"point_estimate":3376798.194000001,"standard_error":14928.39100950413},"median":{"confidence_interval":{"confidence_level":0.95,"lower_bound":3295350.5999999996,"upper_bound":3396869.0666666664},"point_estimate":3340644.6,"standard_error":32814.40140678484},"median_abs_dev":{"confidence_interval":{"confidence_level":0.95,"lower_bound":111780.62501549686,"upper_bound":206886.25415353483},"point_estimate":155285.89038312456,"standard_error":27084.011083393598},"slope":null,"std_dev":{"confidence_interval":{"confidence_level":0.95,"lower_bound":131015.49271097693,"upper_bound":167945.3581751855},"point_estimate":149976.3580001917,"standard_error":9412.927055436456}}