{"mean":{"confidence_interval":{"confidence_level":0.95,"lower_bound":263540514.07475,"upper_bound":267582612.09625},"point_estimate":265456115.12,"standard_error":1036641.9368510767},"median":{"confidence_interval":{"confidence_level":0.95,"lower_bound":261151352.5,"upper_bound":264910319.0},"point_estimate":263207154.5,"standard_error":903276.3115705139},"median_abs_dev":{"confidence_interval":{"confidence_level":0.95,"lower_bound":4861910.850083828,"upper_bound":9192477.884700894},"point_estimate":7228559.24256742,"standard_error":1136277.9350883083},"slope":null,"std_dev":{"confidence_interval":{"confidence_level":0.95,"lower_bound":7452557.527795274,"upper_bound":13165228.654884791},"point_estimate":10428219.381087622,"standard_error":1463571.0185858626}}