{"mean":{"confidence_interval":{"confidence_level":0.95,"lower_bound":213582192.27025,"upper_bound":214772379.31175},"point_estimate":214165030.33,"standard_error":303195.79561870097},"median":{"confidence_interval":{"confidence_level":0.95,"lower_bound":213322819.0,"upper_bound":214549152.0},"point_estimate":213966634.0,"standard_error":301242.58757225645},"median_abs_dev":{"confidence_interval":{"confidence_level":0.95,"lower_bound":1467799.9194413424,"upper_bound":2467078.973400593},"point_estimate":1968818.635046482,"standard_error":256073.11099641296},"slope":null,"std_dev":{"confidence_interval":{"confidence_level":0.95,"lower_bound":2355227.2752437945,"upper_bound":3651169.721778305},"point_estimate":3037669.907064295,"standard_error":328775.2833150173}}