{"mean":{"confidence_interval":{"confidence_level":0.95,"lower_bound":205309438.67450002,"upper_bound":206690798.06175},"point_estimate":206013703.78,"standard_error":350049.35602194513},"median":{"confidence_interval":{"confidence_level":0.95,"lower_bound":205781626.5,"upper_bound":206639839.5},"point_estimate":206043211.0,"standard_error":239793.1570603379},"median_abs_dev":{"confidence_interval":{"confidence_level":0.95,"lower_bound":2048395.7060337067,"upper_bound":3510970.201867819},"point_estimate":2930602.735671401,"standard_error":372379.2253703045},"slope":null,"std_dev":{"confidence_interval":{"confidence_level":0.95,"lower_bound":2892467.501089488,"upper_bound":4097793.8573489734},"point_estimate":3532358.8035365394,"standard_error":308059.7504280229}}