{"mean":{"confidence_interval":{"confidence_level":0.95,"lower_bound":206081897.79675,"upper_bound":207415545.581},"point_estimate":206754944.23,"standard_error":341299.34891337994},"median":{"confidence_interval":{"confidence_level":0.95,"lower_bound":206087983.0,"upper_bound":207775261.0},"point_estimate":207183315.5,"standard_error":365334.11605990684},"median_abs_dev":{"confidence_interval":{"confidence_level":0.95,"lower_bound":2202104.221239835,"upper_bound":3435599.6005909117},"point_estimate":2697820.4551041126,"standard_error":307446.2734803017},"slope":null,"std_dev":{"confidence_interval":{"confidence_level":0.95,"lower_bound":2764210.3314065156,"upper_bound":4035924.5443689423},"point_estimate":3427699.165674728,"standard_error":326053.4695829857}}