{"mean":{"confidence_interval":{"confidence_level":0.95,"lower_bound":240601598.696,"upper_bound":243731724.07525},"point_estimate":242128199.85,"standard_error":798176.8871660458},"median":{"confidence_interval":{"confidence_level":0.95,"lower_bound":238633722.5,"upper_bound":241647882.0},"point_estimate":240317363.5,"standard_error":625568.6145718609},"median_abs_dev":{"confidence_interval":{"confidence_level":0.95,"lower_bound":5179190.95095098,"upper_bound":9087560.011106055},"point_estimate":6802229.465836287,"standard_error":1017823.2148616636},"slope":null,"std_dev":{"confidence_interval":{"confidence_level":0.95,"lower_bound":6742921.900988314,"upper_bound":9190976.969316922},"point_estimate":8050244.5594075,"standard_error":624754.6165409619}}