{"mean":{"confidence_interval":{"confidence_level":0.95,"lower_bound":224103593.56,"upper_bound":225534174.73825},"point_estimate":224723940.72,"standard_error":368185.7328628737},"median":{"confidence_interval":{"confidence_level":0.95,"lower_bound":223778545.0,"upper_bound":224548857.0},"point_estimate":224081988.5,"standard_error":181517.48509568523},"median_abs_dev":{"confidence_interval":{"confidence_level":0.95,"lower_bound":1617169.6428894997,"upper_bound":2586256.3823472694},"point_estimate":2101930.908483267,"standard_error":237009.43186697934},"slope":null,"std_dev":{"confidence_interval":{"confidence_level":0.95,"lower_bound":1936906.8047648994,"upper_bound":5641203.522366117},"point_estimate":3707728.306200297,"standard_error":1171839.9412446322}}