{"mean":{"confidence_interval":{"confidence_level":0.95,"lower_bound":417826251.443,"upper_bound":422036355.30224997},"point_estimate":419858984.34,"standard_error":1076379.0996262503},"median":{"confidence_interval":{"confidence_level":0.95,"lower_bound":415477315.0,"upper_bound":418734821.0},"point_estimate":416383808.0,"standard_error":865118.1745317323},"median_abs_dev":{"confidence_interval":{"confidence_level":0.95,"lower_bound":4475816.612738371,"upper_bound":9576006.4827919},"point_estimate":7002107.663887739,"standard_error":1348233.2406264774},"slope":null,"std_dev":{"confidence_interval":{"confidence_level":0.95,"lower_bound":8585728.162077386,"upper_bound":12768387.173473721},"point_estimate":10788999.769052524,"standard_error":1069643.6279170718}}