{"mean":{"confidence_interval":{"confidence_level":0.95,"lower_bound":313430648.219,"upper_bound":314136419.10025},"point_estimate":313766988.53,"standard_error":180426.8149019395},"median":{"confidence_interval":{"confidence_level":0.95,"lower_bound":312978647.5,"upper_bound":313550468.0},"point_estimate":313227897.5,"standard_error":164377.98125112813},"median_abs_dev":{"confidence_interval":{"confidence_level":0.95,"lower_bound":801164.4085764885,"upper_bound":1460970.322662592},"point_estimate":1092441.188505292,"standard_error":172422.06465981447},"slope":null,"std_dev":{"confidence_interval":{"confidence_level":0.95,"lower_bound":1344634.2713088635,"upper_bound":2266806.875589784},"point_estimate":1821056.294771781,"standard_error":236707.54261882423}}