{"mean":{"confidence_interval":{"confidence_level":0.95,"lower_bound":316046553.751,"upper_bound":316505123.24225},"point_estimate":316273762.64,"standard_error":117009.14860795175},"median":{"confidence_interval":{"confidence_level":0.95,"lower_bound":315756280.0,"upper_bound":316392870.0},"point_estimate":316146921.5,"standard_error":162329.67757917385},"median_abs_dev":{"confidence_interval":{"confidence_level":0.95,"lower_bound":828281.1620950699,"upper_bound":1352571.5081870556},"point_estimate":1154287.1051073074,"standard_error":125303.64840123116},"slope":null,"std_dev":{"confidence_interval":{"confidence_level":0.95,"lower_bound":1011724.2706779918,"upper_bound":1328200.1575264959},"point_estimate":1180157.4417470663,"standard_error":80578.91864214271}}