{"mean":{"confidence_interval":{"confidence_level":0.95,"lower_bound":671738870.40175,"upper_bound":674003749.94875},"point_estimate":672870330.4,"standard_error":577450.8513145155},"median":{"confidence_interval":{"confidence_level":0.95,"lower_bound":671204693.5,"upper_bound":674562499.0},"point_estimate":672537822.0,"standard_error":829473.467990496},"median_abs_dev":{"confidence_interval":{"confidence_level":0.95,"lower_bound":4239553.928732872,"upper_bound":6543240.748134255},"point_estimate":5564138.397216797,"standard_error":591708.6198479824},"slope":null,"std_dev":{"confidence_interval":{"confidence_level":0.95,"lower_bound":4854245.331750943,"upper_bound":6698061.136992263},"point_estimate":5817009.6077455105,"standard_error":469875.53417927225}}