{"mean":{"confidence_interval":{"confidence_level":0.95,"lower_bound":513662066.841,"upper_bound":517248195.9425},"point_estimate":515437056.62,"standard_error":913051.0049657992},"median":{"confidence_interval":{"confidence_level":0.95,"lower_bound":512387232.0,"upper_bound":517523851.0},"point_estimate":514247704.0,"standard_error":1428674.3775374852},"median_abs_dev":{"confidence_interval":{"confidence_level":0.95,"lower_bound":6804223.562800884,"upper_bound":11004630.921828747},"point_estimate":8711837.505733967,"standard_error":1053416.6026182172},"slope":null,"std_dev":{"confidence_interval":{"confidence_level":0.95,"lower_bound":7850795.601375579,"upper_bound":10333062.30028249},"point_estimate":9160059.016909545,"standard_error":633522.747872308}}