{"mean":{"confidence_interval":{"confidence_level":0.95,"lower_bound":655921.3408470609,"upper_bound":706152.9066703548},"point_estimate":679599.2576465942,"standard_error":12857.793827054198},"median":{"confidence_interval":{"confidence_level":0.95,"lower_bound":656550.0489130435,"upper_bound":692708.0614492754},"point_estimate":678109.5935265578,"standard_error":10670.14799829699},"median_abs_dev":{"confidence_interval":{"confidence_level":0.95,"lower_bound":63984.196316684196,"upper_bound":139725.20645350145},"point_estimate":105853.7388729052,"standard_error":19588.280616065393},"slope":{"confidence_interval":{"confidence_level":0.95,"lower_bound":674108.9120650059,"upper_bound":700363.8343051723},"point_estimate":687090.8057351855,"standard_error":6696.715738261074},"std_dev":{"confidence_interval":{"confidence_level":0.95,"lower_bound":87302.73187019385,"upper_bound":168971.97010921437},"point_estimate":129399.31852348626,"standard_error":21147.873675766074}}