{"mean":{"confidence_interval":{"confidence_level":0.95,"lower_bound":788728.7768009026,"upper_bound":921971.5256117075},"point_estimate":841612.1108225642,"standard_error":35007.75237489195},"median":{"confidence_interval":{"confidence_level":0.95,"lower_bound":766668.8525641026,"upper_bound":796642.3148148148},"point_estimate":777611.727547654,"standard_error":8661.226664233978},"median_abs_dev":{"confidence_interval":{"confidence_level":0.95,"lower_bound":37185.14110416522,"upper_bound":65022.0913461305},"point_estimate":50964.489923324436,"standard_error":6907.821893807734},"slope":{"confidence_interval":{"confidence_level":0.95,"lower_bound":777785.5491923884,"upper_bound":1090619.0733370068},"point_estimate":883672.2795862273,"standard_error":91021.7944709281},"std_dev":{"confidence_interval":{"confidence_level":0.95,"lower_bound":64000.14602762272,"upper_bound":572659.6099517981},"point_estimate":350531.65002066724,"standard_error":146517.50935743694}}