{"mean":{"confidence_interval":{"confidence_level":0.95,"lower_bound":802386.7148464681,"upper_bound":832352.9174588068},"point_estimate":817140.7215799008,"standard_error":7641.474650363315},"median":{"confidence_interval":{"confidence_level":0.95,"lower_bound":798907.7018716577,"upper_bound":826270.4427083334},"point_estimate":813806.0019257703,"standard_error":6190.424473094763},"median_abs_dev":{"confidence_interval":{"confidence_level":0.95,"lower_bound":42758.48525199626,"upper_bound":71052.3169933989},"point_estimate":57375.28194323949,"standard_error":7615.80432455626},"slope":{"confidence_interval":{"confidence_level":0.95,"lower_bound":789459.8201815116,"upper_bound":812273.7931338496},"point_estimate":801052.5118590217,"standard_error":5830.731615662582},"std_dev":{"confidence_interval":{"confidence_level":0.95,"lower_bound":62868.83272172746,"upper_bound":88716.94118593205},"point_estimate":76556.11109279536,"standard_error":6596.416005074048}}