{"mean":{"confidence_interval":{"confidence_level":0.95,"lower_bound":691407.2024685597,"upper_bound":731022.5400076893},"point_estimate":710849.4926897745,"standard_error":10100.767475284445},"median":{"confidence_interval":{"confidence_level":0.95,"lower_bound":682928.247311828,"upper_bound":731556.9411764706},"point_estimate":704108.3297268907,"standard_error":10593.832863415519},"median_abs_dev":{"confidence_interval":{"confidence_level":0.95,"lower_bound":73192.30795838241,"upper_bound":116205.63044006091},"point_estimate":88689.27604388402,"standard_error":10733.731629874777},"slope":{"confidence_interval":{"confidence_level":0.95,"lower_bound":706770.6592468126,"upper_bound":736871.3474355445},"point_estimate":721676.6406620364,"standard_error":7660.074697814927},"std_dev":{"confidence_interval":{"confidence_level":0.95,"lower_bound":83261.11776819415,"upper_bound":118845.1434538984},"point_estimate":101510.31564254967,"standard_error":9116.763734705308}}