{"mean":{"confidence_interval":{"confidence_level":0.95,"lower_bound":825588.6059319848,"upper_bound":1092666.6529405701},"point_estimate":921085.8537910186,"standard_error":78331.09689023346},"median":{"confidence_interval":{"confidence_level":0.95,"lower_bound":808166.6458333333,"upper_bound":838315.5890410959},"point_estimate":823064.4427506775,"standard_error":7453.421495485697},"median_abs_dev":{"confidence_interval":{"confidence_level":0.95,"lower_bound":45643.07687197001,"upper_bound":90895.99410845297},"point_estimate":69471.65324232163,"standard_error":12359.686862367571},"slope":{"confidence_interval":{"confidence_level":0.95,"lower_bound":801004.9715639442,"upper_bound":1175733.9543030537},"point_estimate":920907.5167858726,"standard_error":110509.06689108902},"std_dev":{"confidence_interval":{"confidence_level":0.95,"lower_bound":85950.44720490849,"upper_bound":1341383.7211635814},"point_estimate":787758.9870530321,"standard_error":437960.81743679586}}