{"mean":{"confidence_interval":{"confidence_level":0.95,"lower_bound":975106.7542993585,"upper_bound":1296106.2971858738},"point_estimate":1086913.7958189906,"standard_error":98695.97184463128},"median":{"confidence_interval":{"confidence_level":0.95,"lower_bound":945378.6551724138,"upper_bound":980809.0804572908},"point_estimate":965383.6618128868,"standard_error":9371.548814247142},"median_abs_dev":{"confidence_interval":{"confidence_level":0.95,"lower_bound":30802.919369502506,"upper_bound":68111.38027221133},"point_estimate":44835.81746587931,"standard_error":9242.154760375906},"slope":{"confidence_interval":{"confidence_level":0.95,"lower_bound":973902.1861877298,"upper_bound":1499233.9608150588},"point_estimate":1140165.1237062213,"standard_error":155474.9450397281},"std_dev":{"confidence_interval":{"confidence_level":0.95,"lower_bound":61056.86405797579,"upper_bound":1695393.009152979},"point_estimate":991107.1405944212,"standard_error":581291.6112828464}}