{"mean":{"confidence_interval":{"confidence_level":0.95,"lower_bound":877412.3635997232,"upper_bound":911971.6401664051},"point_estimate":893814.9458122546,"standard_error":8818.388614804275},"median":{"confidence_interval":{"confidence_level":0.95,"lower_bound":874258.0,"upper_bound":901120.6593406594},"point_estimate":887233.7523809524,"standard_error":6183.38770578583},"median_abs_dev":{"confidence_interval":{"confidence_level":0.95,"lower_bound":40197.13640671666,"upper_bound":69815.81744646975},"point_estimate":50935.64282740643,"standard_error":7621.85162946267},"slope":{"confidence_interval":{"confidence_level":0.95,"lower_bound":880318.8512715359,"upper_bound":899856.0130900512},"point_estimate":889940.9513994384,"standard_error":4965.307307393735},"std_dev":{"confidence_interval":{"confidence_level":0.95,"lower_bound":61953.53717007224,"upper_bound":117845.62277021988},"point_estimate":89009.8730521414,"standard_error":14813.467709486544}}