{"mean":{"confidence_interval":{"confidence_level":0.95,"lower_bound":21323.646829460646,"upper_bound":21757.50551519537},"point_estimate":21537.124715895225,"standard_error":110.98187738624159},"median":{"confidence_interval":{"confidence_level":0.95,"lower_bound":21197.621155504454,"upper_bound":21657.084983355046},"point_estimate":21346.25473358098,"standard_error":135.73268422787427},"median_abs_dev":{"confidence_interval":{"confidence_level":0.95,"lower_bound":769.8369237692496,"upper_bound":1333.951229687777},"point_estimate":1080.98503693113,"standard_error":151.60789371074705},"slope":{"confidence_interval":{"confidence_level":0.95,"lower_bound":20786.874704659764,"upper_bound":21132.75964387305},"point_estimate":20953.218881305736,"standard_error":88.22495510499073},"std_dev":{"confidence_interval":{"confidence_level":0.95,"lower_bound":934.6203889232638,"upper_bound":1277.069801853516},"point_estimate":1117.2709471954265,"standard_error":87.39593967112069}}