{"mean":{"confidence_interval":{"confidence_level":0.95,"lower_bound":15990.88373343242,"upper_bound":16269.233726168331},"point_estimate":16118.234163660898,"standard_error":71.02255988629801},"median":{"confidence_interval":{"confidence_level":0.95,"lower_bound":15844.083116883117,"upper_bound":15998.427815570672},"point_estimate":15890.522796352583,"standard_error":35.3755896975528},"median_abs_dev":{"confidence_interval":{"confidence_level":0.95,"lower_bound":214.95201204359398,"upper_bound":381.23538053316645},"point_estimate":295.08812872022304,"standard_error":42.1460619274524},"slope":{"confidence_interval":{"confidence_level":0.95,"lower_bound":15762.945499556938,"upper_bound":15847.066238530448},"point_estimate":15802.661115028348,"standard_error":21.557792677037032},"std_dev":{"confidence_interval":{"confidence_level":0.95,"lower_bound":420.5004668429921,"upper_bound":984.2584792449569},"point_estimate":713.5966415901355,"standard_error":146.11545894052503}}