{"mean":{"confidence_interval":{"confidence_level":0.95,"lower_bound":3152117.7485625003,"upper_bound":3304799.9025},"point_estimate":3225361.4375,"standard_error":39054.12235111046},"median":{"confidence_interval":{"confidence_level":0.95,"lower_bound":3104554.25,"upper_bound":3248378.25},"point_estimate":3162129.0,"standard_error":30698.323952229555},"median_abs_dev":{"confidence_interval":{"confidence_level":0.95,"lower_bound":275280.0821878016,"upper_bound":453747.31271937466},"point_estimate":384157.4058048427,"standard_error":44584.52427044229},"slope":null,"std_dev":{"confidence_interval":{"confidence_level":0.95,"lower_bound":301231.4778434608,"upper_bound":497277.9703194382},"point_estimate":390643.04532631335,"standard_error":52782.808282136204}}