{"mean":{"confidence_interval":{"confidence_level":0.95,"lower_bound":2250619.2801874997,"upper_bound":2434093.155},"point_estimate":2334387.0025,"standard_error":46969.89224777459},"median":{"confidence_interval":{"confidence_level":0.95,"lower_bound":2171082.0,"upper_bound":2228480.875},"point_estimate":2193919.25,"standard_error":13780.838349668698},"median_abs_dev":{"confidence_interval":{"confidence_level":0.95,"lower_bound":81506.86017796397,"upper_bound":140366.82969924062},"point_estimate":103711.38933375478,"standard_error":15050.780468722352},"slope":null,"std_dev":{"confidence_interval":{"confidence_level":0.95,"lower_bound":270032.9696143353,"upper_bound":622899.2821337782},"point_estimate":471072.8810980361,"standard_error":89301.42488155705}}