{"mean":{"confidence_interval":{"confidence_level":0.95,"lower_bound":1974602.0946875,"upper_bound":2112014.0326874997},"point_estimate":2039587.98,"standard_error":35096.01048749313},"median":{"confidence_interval":{"confidence_level":0.95,"lower_bound":1902185.75,"upper_bound":2098339.5},"point_estimate":2000762.75,"standard_error":53787.37168783434},"median_abs_dev":{"confidence_interval":{"confidence_level":0.95,"lower_bound":234403.13298851252,"upper_bound":344304.5486379971},"point_estimate":283812.07438632846,"standard_error":26740.364951520576},"slope":null,"std_dev":{"confidence_interval":{"confidence_level":0.95,"lower_bound":252653.8537001972,"upper_bound":450869.06215850374},"point_estimate":351471.58427350596,"standard_error":51320.559201642485}}