{"mean":{"confidence_interval":{"confidence_level":0.95,"lower_bound":2863701.219625,"upper_bound":3036032.35775},"point_estimate":2942297.3025,"standard_error":44194.9501879128},"median":{"confidence_interval":{"confidence_level":0.95,"lower_bound":2797008.625,"upper_bound":2884073.625},"point_estimate":2855814.875,"standard_error":22334.347532278785},"median_abs_dev":{"confidence_interval":{"confidence_level":0.95,"lower_bound":154363.3054845035,"upper_bound":237538.55857847247},"point_estimate":206643.48705634475,"standard_error":20584.314165151194},"slope":null,"std_dev":{"confidence_interval":{"confidence_level":0.95,"lower_bound":255850.24398973316,"upper_bound":603918.5759911708},"point_estimate":444911.80567562865,"standard_error":88838.02789709202}}