{"mean":{"confidence_interval":{"confidence_level":0.95,"lower_bound":1579766.5235000001,"upper_bound":1627520.7403125},"point_estimate":1601211.8875,"standard_error":12249.649505990106},"median":{"confidence_interval":{"confidence_level":0.95,"lower_bound":1556883.75,"upper_bound":1608921.5},"point_estimate":1578308.875,"standard_error":14345.237984250196},"median_abs_dev":{"confidence_interval":{"confidence_level":0.95,"lower_bound":60731.557396799326,"upper_bound":95071.91327026114},"point_estimate":76761.98428720236,"standard_error":9021.428101246696},"slope":null,"std_dev":{"confidence_interval":{"confidence_level":0.95,"lower_bound":72185.4552412765,"upper_bound":179252.79234195256},"point_estimate":123022.16491947789,"standard_error":32041.286829628632}}