{"mean":{"confidence_interval":{"confidence_level":0.95,"lower_bound":2760534.93175,"upper_bound":2982491.0323749995},"point_estimate":2852753.3475,"standard_error":57966.90943528663},"median":{"confidence_interval":{"confidence_level":0.95,"lower_bound":2671068.75,"upper_bound":2785779.25},"point_estimate":2725136.125,"standard_error":27598.172329834746},"median_abs_dev":{"confidence_interval":{"confidence_level":0.95,"lower_bound":136263.53968083858,"upper_bound":240946.8613267126},"point_estimate":176389.92264345288,"standard_error":25367.276200170887},"slope":null,"std_dev":{"confidence_interval":{"confidence_level":0.95,"lower_bound":221450.41941077012,"upper_bound":927350.1584205416},"point_estimate":582998.139482917,"standard_error":218928.48335867067}}