{"mean":{"confidence_interval":{"confidence_level":0.95,"lower_bound":2745184.62225,"upper_bound":2887109.157625},"point_estimate":2807018.445,"standard_error":36556.76413320818},"median":{"confidence_interval":{"confidence_level":0.95,"lower_bound":2712193.0,"upper_bound":2790173.5},"point_estimate":2744432.75,"standard_error":18808.934937003818},"median_abs_dev":{"confidence_interval":{"confidence_level":0.95,"lower_bound":117078.14004644752,"upper_bound":188491.36694110875},"point_estimate":158037.9295192659,"standard_error":18264.502447937117},"slope":null,"std_dev":{"confidence_interval":{"confidence_level":0.95,"lower_bound":154565.65553843378,"upper_bound":559284.3143770915},"point_estimate":368138.42812365165,"standard_error":108478.95944788476}}