{"mean":{"confidence_interval":{"confidence_level":0.95,"lower_bound":17603944.648999996,"upper_bound":17888466.51000001},"point_estimate":17739839.18,"standard_error":72740.84965157416},"median":{"confidence_interval":{"confidence_level":0.95,"lower_bound":17424671.333333332,"upper_bound":17816526.333333332},"point_estimate":17686409.166666664,"standard_error":95898.86524155618},"median_abs_dev":{"confidence_interval":{"confidence_level":0.95,"lower_bound":437868.605226282,"upper_bound":656771.279039978},"point_estimate":562506.3372135144,"standard_error":55499.795995641085},"slope":null,"std_dev":{"confidence_interval":{"confidence_level":0.95,"lower_bound":520976.58469402534,"upper_bound":913922.8207517359},"point_estimate":728806.4799260445,"standard_error":101122.23986346797}}