{"mean":{"confidence_interval":{"confidence_level":0.95,"lower_bound":16736778.4384375,"upper_bound":17149695.758375},"point_estimate":16934821.15,"standard_error":105524.6109030779},"median":{"confidence_interval":{"confidence_level":0.95,"lower_bound":16498039.75,"upper_bound":16908689.75},"point_estimate":16645139.875,"standard_error":110860.06759501301},"median_abs_dev":{"confidence_interval":{"confidence_level":0.95,"lower_bound":555455.5241636932,"upper_bound":1031833.4282062948},"point_estimate":702214.5743831992,"standard_error":127559.99368374897},"slope":null,"std_dev":{"confidence_interval":{"confidence_level":0.95,"lower_bound":819731.2420047058,"upper_bound":1316651.427116099},"point_estimate":1067618.2330705137,"standard_error":128588.7270289648}}