{"mean":{"confidence_interval":{"confidence_level":0.95,"lower_bound":14612576.5160625,"upper_bound":14671873.9610625},"point_estimate":14642185.46,"standard_error":15156.097835726398},"median":{"confidence_interval":{"confidence_level":0.95,"lower_bound":14611877.5,"upper_bound":14675828.0},"point_estimate":14654890.875,"standard_error":16886.825765032823},"median_abs_dev":{"confidence_interval":{"confidence_level":0.95,"lower_bound":109305.79500943422,"upper_bound":176096.55317366123},"point_estimate":139347.16230109334,"standard_error":16644.421019166115},"slope":null,"std_dev":{"confidence_interval":{"confidence_level":0.95,"lower_bound":130292.09591314872,"upper_bound":172040.99628976535},"point_estimate":152245.08810309725,"standard_error":10658.415657753323}}