{"mean":{"confidence_interval":{"confidence_level":0.95,"lower_bound":14133849.757562501,"upper_bound":14200283.6323125},"point_estimate":14166234.21,"standard_error":16935.61898985318},"median":{"confidence_interval":{"confidence_level":0.95,"lower_bound":14095533.875,"upper_bound":14176829.625},"point_estimate":14132434.5,"standard_error":20484.513797056276},"median_abs_dev":{"confidence_interval":{"confidence_level":0.95,"lower_bound":120018.13579425216,"upper_bound":201989.04976397753},"point_estimate":163162.1656782925,"standard_error":22075.517278374828},"slope":null,"std_dev":{"confidence_interval":{"confidence_level":0.95,"lower_bound":138518.004529335,"upper_bound":200846.00848945734},"point_estimate":170067.0954649621,"standard_error":15980.523611533083}}