{"mean":{"confidence_interval":{"confidence_level":0.95,"lower_bound":14710814.4324375,"upper_bound":14749485.699874999},"point_estimate":14730019.46,"standard_error":9856.562395071089},"median":{"confidence_interval":{"confidence_level":0.95,"lower_bound":14707386.0,"upper_bound":14764542.75},"point_estimate":14730580.25,"standard_error":13937.257772098348},"median_abs_dev":{"confidence_interval":{"confidence_level":0.95,"lower_bound":81754.4543735683,"upper_bound":128076.99327617884},"point_estimate":104350.20459741354,"standard_error":11656.477763929528},"slope":null,"std_dev":{"confidence_interval":{"confidence_level":0.95,"lower_bound":85413.06643963991,"upper_bound":112138.3781428888},"point_estimate":99060.70609580977,"standard_error":6828.388813683581}}