{"mean":{"confidence_interval":{"confidence_level":0.95,"lower_bound":15800672.1115,"upper_bound":15854371.5324375},"point_estimate":15827774.94,"standard_error":13748.309827110592},"median":{"confidence_interval":{"confidence_level":0.95,"lower_bound":15797556.5,"upper_bound":15860804.0},"point_estimate":15821278.375,"standard_error":19081.8026977353},"median_abs_dev":{"confidence_interval":{"confidence_level":0.95,"lower_bound":96892.91205480695,"upper_bound":168796.60155326128},"point_estimate":134547.61553630233,"standard_error":17990.911411507263},"slope":null,"std_dev":{"confidence_interval":{"confidence_level":0.95,"lower_bound":117989.79102298312,"upper_bound":156003.99024051448},"point_estimate":137904.22882401253,"standard_error":9686.974095433663}}