{"mean":{"confidence_interval":{"confidence_level":0.95,"lower_bound":26554248.857375,"upper_bound":27225644.192875},"point_estimate":26884349.465,"standard_error":171428.99126493867},"median":{"confidence_interval":{"confidence_level":0.95,"lower_bound":26247113.0,"upper_bound":26999713.0},"point_estimate":26668338.0,"standard_error":201804.16919636307},"median_abs_dev":{"confidence_interval":{"confidence_level":0.95,"lower_bound":1176369.6904152632,"upper_bound":2000102.2357910872},"point_estimate":1571482.583400607,"standard_error":218678.2086779988},"slope":null,"std_dev":{"confidence_interval":{"confidence_level":0.95,"lower_bound":1446645.5263543245,"upper_bound":1970078.4823834344},"point_estimate":1724796.833893069,"standard_error":133704.75686488187}}