{"mean":{"confidence_interval":{"confidence_level":0.95,"lower_bound":16770310.58025,"upper_bound":16942307.9424375},"point_estimate":16852638.5,"standard_error":43844.870279536175},"median":{"confidence_interval":{"confidence_level":0.95,"lower_bound":16674911.125,"upper_bound":16843490.75},"point_estimate":16748093.0,"standard_error":48711.71387874994},"median_abs_dev":{"confidence_interval":{"confidence_level":0.95,"lower_bound":244355.82661181688,"upper_bound":409831.7331759069},"point_estimate":312562.0971009135,"standard_error":40490.199108764486},"slope":null,"std_dev":{"confidence_interval":{"confidence_level":0.95,"lower_bound":330582.8498255607,"upper_bound":564328.5206651726},"point_estimate":441335.03542748885,"standard_error":62736.17606476766}}