{"mean":{"confidence_interval":{"confidence_level":0.95,"lower_bound":76245.37295605174,"upper_bound":77995.93989474817},"point_estimate":77022.26754575703,"standard_error":449.97928844023073},"median":{"confidence_interval":{"confidence_level":0.95,"lower_bound":75396.79076923076,"upper_bound":76449.36797406925},"point_estimate":75880.6444055944,"standard_error":251.2573915144462},"median_abs_dev":{"confidence_interval":{"confidence_level":0.95,"lower_bound":1516.0563839235858,"upper_bound":2688.8630375117245},"point_estimate":2163.4536568823987,"standard_error":296.89697183575487},"slope":{"confidence_interval":{"confidence_level":0.95,"lower_bound":75680.74328946945,"upper_bound":77557.59085867513},"point_estimate":76497.89686373918,"standard_error":480.7020656196218},"std_dev":{"confidence_interval":{"confidence_level":0.95,"lower_bound":2412.150533595445,"upper_bound":6740.691384112629},"point_estimate":4524.530261625541,"standard_error":1295.3045476296622}}