{"mean":{"confidence_interval":{"confidence_level":0.95,"lower_bound":65520.643662263865,"upper_bound":66160.04576449176},"point_estimate":65805.89687748128,"standard_error":163.5397502869309},"median":{"confidence_interval":{"confidence_level":0.95,"lower_bound":65485.95111111111,"upper_bound":65865.38461538461},"point_estimate":65607.75067340067,"standard_error":105.91818077580366},"median_abs_dev":{"confidence_interval":{"confidence_level":0.95,"lower_bound":507.19233000962595,"upper_bound":749.701499008306},"point_estimate":613.997572644496,"standard_error":62.68985429407634},"slope":{"confidence_interval":{"confidence_level":0.95,"lower_bound":65423.301823796704,"upper_bound":65768.01064795654},"point_estimate":65606.93109107926,"standard_error":88.06100668330556},"std_dev":{"confidence_interval":{"confidence_level":0.95,"lower_bound":858.427480098613,"upper_bound":2412.979982206514},"point_estimate":1644.5216570026769,"standard_error":423.71463711450235}}