{"mean":{"confidence_interval":{"confidence_level":0.95,"lower_bound":3272742.348499999,"upper_bound":3304073.0348666655},"point_estimate":3288615.941333333,"standard_error":7995.301373087351},"median":{"confidence_interval":{"confidence_level":0.95,"lower_bound":3285212.533333333,"upper_bound":3321799.8},"point_estimate":3293291.8,"standard_error":10068.380681863257},"median_abs_dev":{"confidence_interval":{"confidence_level":0.95,"lower_bound":52040.29689610032,"upper_bound":87737.00472235652},"point_estimate":76311.9410651925,"standard_error":9336.503111717679},"slope":null,"std_dev":{"confidence_interval":{"confidence_level":0.95,"lower_bound":68254.47767289283,"upper_bound":91066.8916943359},"point_estimate":80318.20204314205,"standard_error":5801.05048326657}}