{"mean":{"confidence_interval":{"confidence_level":0.95,"lower_bound":4180219.0776666664,"upper_bound":4233473.878166667},"point_estimate":4204573.800833332,"standard_error":13597.016366729154},"median":{"confidence_interval":{"confidence_level":0.95,"lower_bound":4159738.25,"upper_bound":4215791.541666666},"point_estimate":4191092.125,"standard_error":14320.94538445491},"median_abs_dev":{"confidence_interval":{"confidence_level":0.95,"lower_bound":81875.58433579304,"upper_bound":127428.07007832472},"point_estimate":111107.46285244811,"standard_error":12050.993700839856},"slope":null,"std_dev":{"confidence_interval":{"confidence_level":0.95,"lower_bound":86711.66156777852,"upper_bound":195110.82270948438},"point_estimate":136849.8883876643,"standard_error":32531.349264359153}}