{"mean":{"confidence_interval":{"confidence_level":0.95,"lower_bound":3772216.6096730772,"upper_bound":3780201.476153846},"point_estimate":3776012.9669230767,"standard_error":2040.292338575394},"median":{"confidence_interval":{"confidence_level":0.95,"lower_bound":3766751.769230769,"upper_bound":3773259.5384615385},"point_estimate":3770109.5384615385,"standard_error":1665.0860379207315},"median_abs_dev":{"confidence_interval":{"confidence_level":0.95,"lower_bound":8929.870710694033,"upper_bound":15846.82826731678},"point_estimate":13337.868524743986,"standard_error":1834.0182670079666},"slope":null,"std_dev":{"confidence_interval":{"confidence_level":0.95,"lower_bound":15130.136162310095,"upper_bound":25193.47749858413},"point_estimate":20440.514935854662,"standard_error":2574.217472506361}}