{"mean":{"confidence_interval":{"confidence_level":0.95,"lower_bound":2832152.127602941,"upper_bound":2843507.1852058815},"point_estimate":2837782.410588235,"standard_error":2898.6478653466456},"median":{"confidence_interval":{"confidence_level":0.95,"lower_bound":2825804.1764705884,"upper_bound":2840338.852941177},"point_estimate":2835656.4411764704,"standard_error":3644.5193279026917},"median_abs_dev":{"confidence_interval":{"confidence_level":0.95,"lower_bound":24229.259252197804,"upper_bound":40383.319718346815},"point_estimate":29595.442645163974,"standard_error":4158.465014583197},"slope":null,"std_dev":{"confidence_interval":{"confidence_level":0.95,"lower_bound":25690.704432528484,"upper_bound":32100.81576648092},"point_estimate":29169.28615661892,"standard_error":1642.3589291089763}}