{"mean":{"confidence_interval":{"confidence_level":0.95,"lower_bound":4169697.3954999996,"upper_bound":4214188.850520834},"point_estimate":4191882.022500002,"standard_error":11339.767320382736},"median":{"confidence_interval":{"confidence_level":0.95,"lower_bound":4166938.8333333335,"upper_bound":4216899.25},"point_estimate":4193389.9166666665,"standard_error":14109.6194516272},"median_abs_dev":{"confidence_interval":{"confidence_level":0.95,"lower_bound":88025.48161223566,"upper_bound":155317.97631755518},"point_estimate":128018.98655220866,"standard_error":17147.987903702247},"slope":null,"std_dev":{"confidence_interval":{"confidence_level":0.95,"lower_bound":99594.3881576317,"upper_bound":126653.04674030984},"point_estimate":113948.78727572561,"standard_error":6919.651407759007}}