{"mean":{"confidence_interval":{"confidence_level":0.95,"lower_bound":2697298.690588234,"upper_bound":2739526.3377205883},"point_estimate":2717874.453529411,"standard_error":10828.502978737937},"median":{"confidence_interval":{"confidence_level":0.95,"lower_bound":2671221.705882353,"upper_bound":2715739.7647058824},"point_estimate":2693819.117647059,"standard_error":11515.475079610182},"median_abs_dev":{"confidence_interval":{"confidence_level":0.95,"lower_bound":69957.83154035301,"upper_bound":117644.28174786743},"point_estimate":102357.69924749318,"standard_error":12251.432269603927},"slope":null,"std_dev":{"confidence_interval":{"confidence_level":0.95,"lower_bound":90441.42239360652,"upper_bound":124986.78984403184},"point_estimate":109114.5501230049,"standard_error":8790.327699522435}}