{"mean":{"confidence_interval":{"confidence_level":0.95,"lower_bound":3469543.006446428,"upper_bound":3495957.650892857},"point_estimate":3482638.6357142855,"standard_error":6728.334429169726},"median":{"confidence_interval":{"confidence_level":0.95,"lower_bound":3454597.0,"upper_bound":3504529.8571428573},"point_estimate":3480489.1071428573,"standard_error":12673.684545818684},"median_abs_dev":{"confidence_interval":{"confidence_level":0.95,"lower_bound":64457.879163144,"upper_bound":95784.11259949207},"point_estimate":80206.11697605673,"standard_error":7656.471121117462},"slope":null,"std_dev":{"confidence_interval":{"confidence_level":0.95,"lower_bound":60205.91314146237,"upper_bound":73949.42443740112},"point_estimate":67592.39425967204,"standard_error":3508.2208830318723}}