{"mean":{"confidence_interval":{"confidence_level":0.95,"lower_bound":2959548.7673088224,"upper_bound":2966793.70067647},"point_estimate":2963110.5817647064,"standard_error":1843.2754293997166},"median":{"confidence_interval":{"confidence_level":0.95,"lower_bound":2956508.823529412,"upper_bound":2965753.0},"point_estimate":2959055.823529412,"standard_error":2405.9530764015567},"median_abs_dev":{"confidence_interval":{"confidence_level":0.95,"lower_bound":15523.994722629539,"upper_bound":24048.905325987842},"point_estimate":20490.66538915923,"standard_error":2107.4491758995264},"slope":null,"std_dev":{"confidence_interval":{"confidence_level":0.95,"lower_bound":15857.098995812627,"upper_bound":20924.50308912699},"point_estimate":18475.95757319038,"standard_error":1294.6956115786986}}