{"mean":{"confidence_interval":{"confidence_level":0.95,"lower_bound":45308.75836928393,"upper_bound":47222.5189819746},"point_estimate":46290.613337850686,"standard_error":489.42326583833676},"median":{"confidence_interval":{"confidence_level":0.95,"lower_bound":46428.075195049765,"upper_bound":48243.57660818713},"point_estimate":47367.95425101215,"standard_error":440.21203152506894},"median_abs_dev":{"confidence_interval":{"confidence_level":0.95,"lower_bound":2432.003825844909,"upper_bound":4394.572035378495},"point_estimate":3180.2968720728572,"standard_error":520.0250610865073},"slope":{"confidence_interval":{"confidence_level":0.95,"lower_bound":48545.84963542612,"upper_bound":50017.794567056706},"point_estimate":49275.87511038865,"standard_error":375.95679212905975},"std_dev":{"confidence_interval":{"confidence_level":0.95,"lower_bound":3970.4717588598637,"upper_bound":5806.3304163620505},"point_estimate":4936.556205011477,"standard_error":469.7625780986204}}