{"mean":{"confidence_interval":{"confidence_level":0.95,"lower_bound":539411.6745471884,"upper_bound":576965.2749484399},"point_estimate":558290.0570399622,"standard_error":9607.925453140197},"median":{"confidence_interval":{"confidence_level":0.95,"lower_bound":546265.7808806146,"upper_bound":600460.5254237289},"point_estimate":577100.4550691245,"standard_error":13546.047116158948},"median_abs_dev":{"confidence_interval":{"confidence_level":0.95,"lower_bound":84624.88916895457,"upper_bound":136623.44361530425},"point_estimate":116939.39379708693,"standard_error":12920.597920095337},"slope":{"confidence_interval":{"confidence_level":0.95,"lower_bound":579611.4665964877,"upper_bound":617337.6194200022},"point_estimate":598897.9623910153,"standard_error":9616.990210538897},"std_dev":{"confidence_interval":{"confidence_level":0.95,"lower_bound":86774.7413093112,"upper_bound":105303.89545230822},"point_estimate":96663.31916502646,"standard_error":4719.882487747066}}