{"mean":{"confidence_interval":{"confidence_level":0.95,"lower_bound":42726.3082361124,"upper_bound":45084.15509851948},"point_estimate":43906.768579513555,"standard_error":601.4776657136093},"median":{"confidence_interval":{"confidence_level":0.95,"lower_bound":43238.18095238095,"upper_bound":46682.60044642857},"point_estimate":44732.36156655844,"standard_error":901.8236333856976},"median_abs_dev":{"confidence_interval":{"confidence_level":0.95,"lower_bound":4994.938198140305,"upper_bound":8184.488691142059},"point_estimate":7007.313686015007,"standard_error":787.430294899444},"slope":{"confidence_interval":{"confidence_level":0.95,"lower_bound":47336.29330257106,"upper_bound":48826.016286228296},"point_estimate":48148.37952674745,"standard_error":380.97012986405605},"std_dev":{"confidence_interval":{"confidence_level":0.95,"lower_bound":5311.818784440661,"upper_bound":6652.571844465423},"point_estimate":6041.732729270706,"standard_error":341.6273159565435}}