{"mean":{"confidence_interval":{"confidence_level":0.95,"lower_bound":34392.305075374235,"upper_bound":37389.334259867566},"point_estimate":35916.23774531518,"standard_error":764.2300718286574},"median":{"confidence_interval":{"confidence_level":0.95,"lower_bound":35260.119047619046,"upper_bound":39947.89189189189},"point_estimate":37843.549151736166,"standard_error":1420.6574411196782},"median_abs_dev":{"confidence_interval":{"confidence_level":0.95,"lower_bound":5461.277961574681,"upper_bound":9683.965934110185},"point_estimate":6879.2808753811005,"standard_error":1104.495337832858},"slope":{"confidence_interval":{"confidence_level":0.95,"lower_bound":40772.56102282757,"upper_bound":42448.31939474625},"point_estimate":41658.10541535603,"standard_error":427.30772664842016},"std_dev":{"confidence_interval":{"confidence_level":0.95,"lower_bound":6680.739835945673,"upper_bound":8574.734112503085},"point_estimate":7706.932795041567,"standard_error":480.9453104060054}}