{"mean":{"confidence_interval":{"confidence_level":0.95,"lower_bound":29172.491330942743,"upper_bound":31586.183757276845},"point_estimate":30395.656047512563,"standard_error":617.5519309593567},"median":{"confidence_interval":{"confidence_level":0.95,"lower_bound":29777.067750677506,"upper_bound":33199.65740740741},"point_estimate":31442.224771241832,"standard_error":933.4457641425578},"median_abs_dev":{"confidence_interval":{"confidence_level":0.95,"lower_bound":5037.026478411158,"upper_bound":8191.382520947818},"point_estimate":6948.4214173581595,"standard_error":823.747608208764},"slope":{"confidence_interval":{"confidence_level":0.95,"lower_bound":34578.398031722805,"upper_bound":35873.22409521723},"point_estimate":35290.41232057534,"standard_error":331.3825279777692},"std_dev":{"confidence_interval":{"confidence_level":0.95,"lower_bound":5398.959048001157,"upper_bound":6863.6738997957455},"point_estimate":6194.28791732372,"standard_error":374.92566766687906}}