{"mean":{"confidence_interval":{"confidence_level":0.95,"lower_bound":361839.8655368725,"upper_bound":396940.51890735293},"point_estimate":378083.4511291209,"standard_error":8936.500754484807},"median":{"confidence_interval":{"confidence_level":0.95,"lower_bound":357933.00775193796,"upper_bound":386194.26486928103},"point_estimate":374649.89347079035,"standard_error":7447.387012635771},"median_abs_dev":{"confidence_interval":{"confidence_level":0.95,"lower_bound":47762.98066821405,"upper_bound":82540.50344725905},"point_estimate":65566.09345020735,"standard_error":8766.303318511309},"slope":{"confidence_interval":{"confidence_level":0.95,"lower_bound":381795.72693986347,"upper_bound":400919.23102923826},"point_estimate":391387.04462046205,"standard_error":4878.834168360904},"std_dev":{"confidence_interval":{"confidence_level":0.95,"lower_bound":57688.63101512161,"upper_bound":126330.39433171246},"point_estimate":89652.0383472259,"standard_error":19975.672837403046}}