{"mean":{"confidence_interval":{"confidence_level":0.95,"lower_bound":26067.16925130642,"upper_bound":28339.023033726946},"point_estimate":27221.82994513071,"standard_error":580.2329190781526},"median":{"confidence_interval":{"confidence_level":0.95,"lower_bound":26531.008690476192,"upper_bound":29736.250805779382},"point_estimate":28329.862980392158,"standard_error":802.3052438466678},"median_abs_dev":{"confidence_interval":{"confidence_level":0.95,"lower_bound":4913.490477495387,"upper_bound":7906.04689103961},"point_estimate":6495.1506018202845,"standard_error":765.1541049196228},"slope":{"confidence_interval":{"confidence_level":0.95,"lower_bound":31182.632702319952,"upper_bound":32461.521054612178},"point_estimate":31886.00882724989,"standard_error":326.7474662386791},"std_dev":{"confidence_interval":{"confidence_level":0.95,"lower_bound":5119.63813123608,"upper_bound":6432.251226151435},"point_estimate":5832.201695020025,"standard_error":335.34211822170636}}