{"mean":{"confidence_interval":{"confidence_level":0.95,"lower_bound":48897.79341923991,"upper_bound":51172.06089096998},"point_estimate":50052.006067000984,"standard_error":577.2226063560573},"median":{"confidence_interval":{"confidence_level":0.95,"lower_bound":49880.788515406166,"upper_bound":51868.79067460317},"point_estimate":50817.5234375,"standard_error":479.40077270637204},"median_abs_dev":{"confidence_interval":{"confidence_level":0.95,"lower_bound":2960.3221509314694,"upper_bound":5162.667389086586},"point_estimate":3863.2011520918877,"standard_error":579.7765528454489},"slope":{"confidence_interval":{"confidence_level":0.95,"lower_bound":52266.82105808865,"upper_bound":53659.99252289049},"point_estimate":52954.64401042876,"standard_error":354.60561687085766},"std_dev":{"confidence_interval":{"confidence_level":0.95,"lower_bound":4603.702406913757,"upper_bound":6864.746947080922},"point_estimate":5782.024307479522,"standard_error":579.1029688885021}}