{"mean":{"confidence_interval":{"confidence_level":0.95,"lower_bound":29345.37176708145,"upper_bound":31995.979711040127},"point_estimate":30676.98919861651,"standard_error":675.5650090787655},"median":{"confidence_interval":{"confidence_level":0.95,"lower_bound":30296.063643790847,"upper_bound":33001.204487179486},"point_estimate":31709.729522968846,"standard_error":647.4154897261002},"median_abs_dev":{"confidence_interval":{"confidence_level":0.95,"lower_bound":5812.819987929635,"upper_bound":9524.378971860546},"point_estimate":8294.307756183467,"standard_error":988.6750143895634},"slope":{"confidence_interval":{"confidence_level":0.95,"lower_bound":34962.835589111135,"upper_bound":36692.1128351894},"point_estimate":35893.9260049587,"standard_error":441.44938015336527},"std_dev":{"confidence_interval":{"confidence_level":0.95,"lower_bound":6008.3496188582885,"upper_bound":7404.200173412454},"point_estimate":6761.55058029059,"standard_error":355.44935997858954}}