{"mean":{"confidence_interval":{"confidence_level":0.95,"lower_bound":32201.39673100305,"upper_bound":35029.223941198026},"point_estimate":33627.57021421317,"standard_error":722.7572292270979},"median":{"confidence_interval":{"confidence_level":0.95,"lower_bound":31867.828125,"upper_bound":36902.11810850439},"point_estimate":34850.37884803922,"standard_error":1307.4084633079035},"median_abs_dev":{"confidence_interval":{"confidence_level":0.95,"lower_bound":6304.575475571407,"upper_bound":9955.621758252382},"point_estimate":7677.4497876228015,"standard_error":942.5727274160594},"slope":{"confidence_interval":{"confidence_level":0.95,"lower_bound":38554.36856239719,"upper_bound":40148.67357518062},"point_estimate":39432.709300280774,"standard_error":405.97494858703203},"std_dev":{"confidence_interval":{"confidence_level":0.95,"lower_bound":6388.728465182061,"upper_bound":7993.8196417240715},"point_estimate":7264.042611560756,"standard_error":409.95734061245093}}