{"mean":{"confidence_interval":{"confidence_level":0.95,"lower_bound":49232.16416091662,"upper_bound":50475.08760589692},"point_estimate":49826.7836923104,"standard_error":317.0446652827311},"median":{"confidence_interval":{"confidence_level":0.95,"lower_bound":48716.64569160998,"upper_bound":49893.53037766831},"point_estimate":49322.20234703568,"standard_error":309.1407115624717},"median_abs_dev":{"confidence_interval":{"confidence_level":0.95,"lower_bound":1624.1126426262122,"upper_bound":2635.6459538592803},"point_estimate":2104.328174585153,"standard_error":260.1389068051984},"slope":{"confidence_interval":{"confidence_level":0.95,"lower_bound":48939.93883062736,"upper_bound":50129.760634671715},"point_estimate":49477.414535807526,"standard_error":304.8916415922442},"std_dev":{"confidence_interval":{"confidence_level":0.95,"lower_bound":2337.241636226451,"upper_bound":3995.6749377549163},"point_estimate":3191.770415065148,"standard_error":425.37756704865086}}