{"mean":{"confidence_interval":{"confidence_level":0.95,"lower_bound":245498.87331447747,"upper_bound":249650.48326953786},"point_estimate":247347.44406770487,"standard_error":1066.010246332172},"median":{"confidence_interval":{"confidence_level":0.95,"lower_bound":245649.46575342465,"upper_bound":247061.17434210525},"point_estimate":246079.31263330963,"standard_error":359.8580768064274},"median_abs_dev":{"confidence_interval":{"confidence_level":0.95,"lower_bound":2570.860402054785,"upper_bound":4206.17930791093},"point_estimate":3604.291995101936,"standard_error":433.21677711949746},"slope":{"confidence_interval":{"confidence_level":0.95,"lower_bound":246073.7901606723,"upper_bound":247387.41558966634},"point_estimate":246703.42825107137,"standard_error":335.1846115696532},"std_dev":{"confidence_interval":{"confidence_level":0.95,"lower_bound":4887.958660022901,"upper_bound":15838.490049849546},"point_estimate":10700.369912963704,"standard_error":2899.8322693279847}}