{"mean":{"confidence_interval":{"confidence_level":0.95,"lower_bound":258357.91297417608,"upper_bound":263275.4804466244},"point_estimate":260583.4799456586,"standard_error":1267.1904236216446},"median":{"confidence_interval":{"confidence_level":0.95,"lower_bound":259581.15,"upper_bound":262333.0955882353},"point_estimate":261378.2482142857,"standard_error":776.3217709397691},"median_abs_dev":{"confidence_interval":{"confidence_level":0.95,"lower_bound":3304.992102245752,"upper_bound":7156.673670185018},"point_estimate":4668.240371350885,"standard_error":1074.834347403121},"slope":{"confidence_interval":{"confidence_level":0.95,"lower_bound":261319.07224159874,"upper_bound":262691.2905461377},"point_estimate":262039.47200458107,"standard_error":349.74625535266273},"std_dev":{"confidence_interval":{"confidence_level":0.95,"lower_bound":6624.128790115584,"upper_bound":18096.876659609596},"point_estimate":12742.479234325367,"standard_error":2974.673439644278}}