{"mean":{"confidence_interval":{"confidence_level":0.95,"lower_bound":228555.97474102245,"upper_bound":232898.87969029843},"point_estimate":230500.146620581,"standard_error":1114.2198104354766},"median":{"confidence_interval":{"confidence_level":0.95,"lower_bound":229487.3076923077,"upper_bound":230885.21587301587},"point_estimate":230249.82654639176,"standard_error":320.76989353049265},"median_abs_dev":{"confidence_interval":{"confidence_level":0.95,"lower_bound":2384.070516942038,"upper_bound":4100.2015026356385},"point_estimate":3079.225104574206,"standard_error":423.7325536569284},"slope":{"confidence_interval":{"confidence_level":0.95,"lower_bound":230299.08470178937,"upper_bound":231443.366527625},"point_estimate":230875.6891130486,"standard_error":292.24055304176545},"std_dev":{"confidence_interval":{"confidence_level":0.95,"lower_bound":5249.318534455173,"upper_bound":16527.3524037114},"point_estimate":11254.674978914847,"standard_error":2984.673868734199}}