{"mean":{"confidence_interval":{"confidence_level":0.95,"lower_bound":367328.0124084545,"upper_bound":372678.63635215396},"point_estimate":369678.21628691716,"standard_error":1383.3176067477311},"median":{"confidence_interval":{"confidence_level":0.95,"lower_bound":367159.22962962964,"upper_bound":368623.26807760145},"point_estimate":368047.1382142857,"standard_error":395.16189553820266},"median_abs_dev":{"confidence_interval":{"confidence_level":0.95,"lower_bound":2822.6851217892163,"upper_bound":5952.880385391119},"point_estimate":3945.0589561642605,"standard_error":797.1613278091936},"slope":{"confidence_interval":{"confidence_level":0.95,"lower_bound":362800.2732413181,"upper_bound":365311.1744001777},"point_estimate":364002.11049406434,"standard_error":641.0817857188082},"std_dev":{"confidence_interval":{"confidence_level":0.95,"lower_bound":6384.440443020694,"upper_bound":20848.539488764025},"point_estimate":13895.892065037446,"standard_error":3946.023698304715}}