{"mean":{"confidence_interval":{"confidence_level":0.95,"lower_bound":369716.7474987269,"upper_bound":379790.21765461174},"point_estimate":373946.85273487685,"standard_error":2610.6665685360917},"median":{"confidence_interval":{"confidence_level":0.95,"lower_bound":366412.2452756673,"upper_bound":369016.1824786325},"point_estimate":367299.66400709224,"standard_error":641.7162894995377},"median_abs_dev":{"confidence_interval":{"confidence_level":0.95,"lower_bound":4743.517418470521,"upper_bound":8665.951283648596},"point_estimate":6215.739257069794,"standard_error":993.8705280339359},"slope":{"confidence_interval":{"confidence_level":0.95,"lower_bound":367460.8533177358,"upper_bound":372312.26623650367},"point_estimate":369664.83602876705,"standard_error":1239.3409983167724},"std_dev":{"confidence_interval":{"confidence_level":0.95,"lower_bound":10961.580755277957,"upper_bound":41248.74518782405},"point_estimate":26285.36015755282,"standard_error":9439.103382443422}}