{"mean":{"confidence_interval":{"confidence_level":0.95,"lower_bound":405470.1837005138,"upper_bound":416293.59833105444},"point_estimate":410498.81124035304,"standard_error":2767.6292087610645},"median":{"confidence_interval":{"confidence_level":0.95,"lower_bound":399152.061827957,"upper_bound":406871.9058922559},"point_estimate":403880.89116226195,"standard_error":1969.950733480905},"median_abs_dev":{"confidence_interval":{"confidence_level":0.95,"lower_bound":13234.871565445901,"upper_bound":21168.659226243046},"point_estimate":18414.10032129865,"standard_error":1962.9435377944424},"slope":{"confidence_interval":{"confidence_level":0.95,"lower_bound":399395.7298642911,"upper_bound":408347.8721669501},"point_estimate":403615.11795576575,"standard_error":2282.2804619455787},"std_dev":{"confidence_interval":{"confidence_level":0.95,"lower_bound":18311.789475220387,"upper_bound":37879.53218451193},"point_estimate":27947.024540696944,"standard_error":5186.634261829809}}