{"mean":{"confidence_interval":{"confidence_level":0.95,"lower_bound":316494.8178737141,"upper_bound":320132.48689812823},"point_estimate":318048.8651020233,"standard_error":937.674771411035},"median":{"confidence_interval":{"confidence_level":0.95,"lower_bound":315319.10670518206,"upper_bound":316862.52976190473},"point_estimate":316113.13257575757,"standard_error":395.88179483524675},"median_abs_dev":{"confidence_interval":{"confidence_level":0.95,"lower_bound":2761.0777009810595,"upper_bound":4543.209317732818},"point_estimate":3529.017676477869,"standard_error":434.38707254595397},"slope":{"confidence_interval":{"confidence_level":0.95,"lower_bound":315042.54028806,"upper_bound":316312.0664533507},"point_estimate":315635.10563322005,"standard_error":324.6804806476295},"std_dev":{"confidence_interval":{"confidence_level":0.95,"lower_bound":4088.9500723747874,"upper_bound":14510.906479406784},"point_estimate":9422.244627403938,"standard_error":3003.9260697125014}}