{"mean":{"confidence_interval":{"confidence_level":0.95,"lower_bound":283900.9247399008,"upper_bound":287237.35713997367},"point_estimate":285327.8045253478,"standard_error":864.8706758883278},"median":{"confidence_interval":{"confidence_level":0.95,"lower_bound":282426.2688172043,"upper_bound":284530.0882352941},"point_estimate":283203.8763888889,"standard_error":499.3549165751284},"median_abs_dev":{"confidence_interval":{"confidence_level":0.95,"lower_bound":1948.845305837934,"upper_bound":3620.505274785654},"point_estimate":2767.7890391629594,"standard_error":404.7309644798437},"slope":{"confidence_interval":{"confidence_level":0.95,"lower_bound":283121.89662005054,"upper_bound":284484.84824320016},"point_estimate":283804.93832865375,"standard_error":347.2157761116445},"std_dev":{"confidence_interval":{"confidence_level":0.95,"lower_bound":3395.2431386228473,"upper_bound":13560.259051838058},"point_estimate":8698.967266116071,"standard_error":2979.6120824591285}}