{"mean":{"confidence_interval":{"confidence_level":0.95,"lower_bound":337320.78834637173,"upper_bound":343877.4674260068},"point_estimate":340409.67923579976,"standard_error":1672.5363856541785},"median":{"confidence_interval":{"confidence_level":0.95,"lower_bound":336860.1125066454,"upper_bound":344919.82608695654},"point_estimate":340420.14828538214,"standard_error":2578.0473207097266},"median_abs_dev":{"confidence_interval":{"confidence_level":0.95,"lower_bound":10226.32678670724,"upper_bound":16309.427850184398},"point_estimate":13786.648280562833,"standard_error":1548.0616785502975},"slope":{"confidence_interval":{"confidence_level":0.95,"lower_bound":335061.1717029948,"upper_bound":341055.34648737847},"point_estimate":338196.30621250183,"standard_error":1532.010484279692},"std_dev":{"confidence_interval":{"confidence_level":0.95,"lower_bound":11491.078099199607,"upper_bound":23061.946084136947},"point_estimate":16805.453077276066,"standard_error":3244.3088761340773}}