{"mean":{"confidence_interval":{"confidence_level":0.95,"lower_bound":374727.9873620333,"upper_bound":380236.0059739864},"point_estimate":377098.5764100958,"standard_error":1417.0554355259615},"median":{"confidence_interval":{"confidence_level":0.95,"lower_bound":374052.859437751,"upper_bound":375887.20094476745},"point_estimate":374793.9461538461,"standard_error":466.36172317961336},"median_abs_dev":{"confidence_interval":{"confidence_level":0.95,"lower_bound":3636.520536823727,"upper_bound":6546.393001990427},"point_estimate":5116.874932490622,"standard_error":753.2203546637943},"slope":{"confidence_interval":{"confidence_level":0.95,"lower_bound":373074.7794956495,"upper_bound":375631.9463758264},"point_estimate":374337.0823407714,"standard_error":652.5321394433739},"std_dev":{"confidence_interval":{"confidence_level":0.95,"lower_bound":6098.9318188756,"upper_bound":21890.79693111039},"point_estimate":14267.488524655924,"standard_error":4508.6728052773}}