{"mean":{"confidence_interval":{"confidence_level":0.95,"lower_bound":312546.1185705355,"upper_bound":315889.6066920275},"point_estimate":313920.7020736155,"standard_error":869.5937900606625},"median":{"confidence_interval":{"confidence_level":0.95,"lower_bound":311869.24,"upper_bound":312982.46428571426},"point_estimate":312225.092478355,"standard_error":310.2296065014767},"median_abs_dev":{"confidence_interval":{"confidence_level":0.95,"lower_bound":1525.6232307795663,"upper_bound":2575.6559141305693},"point_estimate":2007.7706613307462,"standard_error":288.41237968175375},"slope":{"confidence_interval":{"confidence_level":0.95,"lower_bound":311911.5030104794,"upper_bound":312702.32011788996},"point_estimate":312301.81627013447,"standard_error":201.7662125451201},"std_dev":{"confidence_interval":{"confidence_level":0.95,"lower_bound":2529.2641713088565,"upper_bound":13877.187120811392},"point_estimate":8669.912785346223,"standard_error":3229.5504307643146}}