{"mean":{"confidence_interval":{"confidence_level":0.95,"lower_bound":3313443.721640625,"upper_bound":3354759.1565624997},"point_estimate":3333721.135,"standard_error":10550.264113896232},"median":{"confidence_interval":{"confidence_level":0.95,"lower_bound":3307165.875,"upper_bound":3345453.125},"point_estimate":3324922.0,"standard_error":8747.511693316375},"median_abs_dev":{"confidence_interval":{"confidence_level":0.95,"lower_bound":70538.46974456686,"upper_bound":116012.70664036274},"point_estimate":93695.08290532976,"standard_error":11161.599449908364},"slope":null,"std_dev":{"confidence_interval":{"confidence_level":0.95,"lower_bound":88120.2193249572,"upper_bound":122273.89805138417},"point_estimate":106084.89128084468,"standard_error":8740.267736060736}}