{"mean":{"confidence_interval":{"confidence_level":0.95,"lower_bound":315113.35836200736,"upper_bound":379697.08045288286},"point_estimate":342359.9717614545,"standard_error":16742.589365775366},"median":{"confidence_interval":{"confidence_level":0.95,"lower_bound":291445.40178571426,"upper_bound":304279.82236842107},"point_estimate":296434.34038461535,"standard_error":2993.959974967137},"median_abs_dev":{"confidence_interval":{"confidence_level":0.95,"lower_bound":10090.970246508672,"upper_bound":26776.270974297247},"point_estimate":15963.764197060402,"standard_error":3873.7387604480195},"slope":{"confidence_interval":{"confidence_level":0.95,"lower_bound":288327.7467426705,"upper_bound":291640.14630670234},"point_estimate":289794.79616004135,"standard_error":842.9279422742159},"std_dev":{"confidence_interval":{"confidence_level":0.95,"lower_bound":55875.16027096049,"upper_bound":265595.28849955834},"point_estimate":168630.95755306754,"standard_error":59185.16228043355}}