{"mean":{"confidence_interval":{"confidence_level":0.95,"lower_bound":3482214.725549999,"upper_bound":3505585.82565},"point_estimate":3493534.0506666666,"standard_error":5964.2044354847185},"median":{"confidence_interval":{"confidence_level":0.95,"lower_bound":3465551.8,"upper_bound":3492177.5999999996},"point_estimate":3479415.1333333333,"standard_error":6530.125377448305},"median_abs_dev":{"confidence_interval":{"confidence_level":0.95,"lower_bound":35882.47760295854,"upper_bound":61983.74897956832},"point_estimate":49500.257201194945,"standard_error":6900.823043065268},"slope":null,"std_dev":{"confidence_interval":{"confidence_level":0.95,"lower_bound":48246.360550277524,"upper_bound":70618.69442646204},"point_estimate":59870.37999334353,"standard_error":5707.554830886929}}