{"mean":{"confidence_interval":{"confidence_level":0.95,"lower_bound":1004.1541075991673,"upper_bound":1038.6816212552658},"point_estimate":1018.5492095214541,"standard_error":8.985511713573857},"median":{"confidence_interval":{"confidence_level":0.95,"lower_bound":991.6585570302365,"upper_bound":1000.0183733207882},"point_estimate":994.011354087935,"standard_error":2.096167109940785},"median_abs_dev":{"confidence_interval":{"confidence_level":0.95,"lower_bound":6.4286744750397675,"upper_bound":15.724102422465048},"point_estimate":10.122481875734103,"standard_error":2.3531914703052292},"slope":{"confidence_interval":{"confidence_level":0.95,"lower_bound":989.9170729521566,"upper_bound":992.5125073260918},"point_estimate":991.0354867693463,"standard_error":0.6646677403963733},"std_dev":{"confidence_interval":{"confidence_level":0.95,"lower_bound":28.86744529702146,"upper_bound":143.2263228956767},"point_estimate":90.46008247625758,"standard_error":32.68798283754423}}