{"mean":{"confidence_interval":{"confidence_level":0.95,"lower_bound":1547.2197656654146,"upper_bound":1622.667330283579},"point_estimate":1578.7310779037161,"standard_error":19.49980475461482},"median":{"confidence_interval":{"confidence_level":0.95,"lower_bound":1512.9164437172485,"upper_bound":1550.8710458102835},"point_estimate":1527.99500664171,"standard_error":9.855116121977579},"median_abs_dev":{"confidence_interval":{"confidence_level":0.95,"lower_bound":44.90646305418603,"upper_bound":84.64468034541099},"point_estimate":68.7909094202125,"standard_error":9.844261926244325},"slope":{"confidence_interval":{"confidence_level":0.95,"lower_bound":1506.9867418323727,"upper_bound":1541.9073995678016},"point_estimate":1523.0580820534783,"standard_error":8.96740320536671},"std_dev":{"confidence_interval":{"confidence_level":0.95,"lower_bound":79.44662650018384,"upper_bound":307.0134420122814},"point_estimate":195.52609820523318,"standard_error":69.3863793503364}}