{"mean":{"confidence_interval":{"confidence_level":0.95,"lower_bound":953.6363856987336,"upper_bound":990.8268163069455},"point_estimate":969.0836398509429,"standard_error":9.679105958910673},"median":{"confidence_interval":{"confidence_level":0.95,"lower_bound":942.8569935650526,"upper_bound":948.1558410979179},"point_estimate":944.4718573826345,"standard_error":1.3550654874513124},"median_abs_dev":{"confidence_interval":{"confidence_level":0.95,"lower_bound":8.164932213065702,"upper_bound":15.037150913812265},"point_estimate":10.98895149768501,"standard_error":1.8647408293025423},"slope":{"confidence_interval":{"confidence_level":0.95,"lower_bound":938.9099294205978,"upper_bound":941.3433854299037},"point_estimate":940.0354775744955,"standard_error":0.6212953404655587},"std_dev":{"confidence_interval":{"confidence_level":0.95,"lower_bound":30.247797887151616,"upper_bound":155.0289040352366},"point_estimate":97.42621857431787,"standard_error":35.75252348145377}}