{"mean":{"confidence_interval":{"confidence_level":0.95,"lower_bound":1312.472181062761,"upper_bound":1403.3389760195062},"point_estimate":1351.3042960078672,"standard_error":23.653961353571585},"median":{"confidence_interval":{"confidence_level":0.95,"lower_bound":1295.2044641177272,"upper_bound":1337.8384007228372},"point_estimate":1311.3361967851147,"standard_error":8.949187437431172},"median_abs_dev":{"confidence_interval":{"confidence_level":0.95,"lower_bound":62.789781993134184,"upper_bound":106.03801554525127},"point_estimate":81.00475578521967,"standard_error":11.050902673588691},"slope":{"confidence_interval":{"confidence_level":0.95,"lower_bound":1292.4218460559598,"upper_bound":1331.753660661329},"point_estimate":1312.1754703387833,"standard_error":9.999680556053553},"std_dev":{"confidence_interval":{"confidence_level":0.95,"lower_bound":94.04169549144137,"upper_bound":371.61656576521455},"point_estimate":238.74917948959367,"standard_error":80.87549926191222}}