{"mean":{"confidence_interval":{"confidence_level":0.95,"lower_bound":1010.8827079318991,"upper_bound":1046.9764659683933},"point_estimate":1025.7999610783365,"standard_error":9.42210048305693},"median":{"confidence_interval":{"confidence_level":0.95,"lower_bound":1000.6256836005832,"upper_bound":1006.0606277059187},"point_estimate":1002.1345722880016,"standard_error":1.4322828467992774},"median_abs_dev":{"confidence_interval":{"confidence_level":0.95,"lower_bound":8.235568314455097,"upper_bound":15.27254978839488},"point_estimate":11.548298751713334,"standard_error":1.76664012807811},"slope":{"confidence_interval":{"confidence_level":0.95,"lower_bound":996.4004500817946,"upper_bound":998.7062602813502},"point_estimate":997.4501291711886,"standard_error":0.5885157117026162},"std_dev":{"confidence_interval":{"confidence_level":0.95,"lower_bound":28.916599428878044,"upper_bound":150.39762235456715},"point_estimate":94.39653273659688,"standard_error":34.816309555631115}}