{"mean":{"confidence_interval":{"confidence_level":0.95,"lower_bound":1215.267150821376,"upper_bound":1277.2043167244087},"point_estimate":1241.1511702469097,"standard_error":16.12587947001496},"median":{"confidence_interval":{"confidence_level":0.95,"lower_bound":1195.0112803259542,"upper_bound":1203.8002513227514},"point_estimate":1198.9232565943043,"standard_error":2.3063858591409385},"median_abs_dev":{"confidence_interval":{"confidence_level":0.95,"lower_bound":12.517400354160424,"upper_bound":24.90423291820903},"point_estimate":17.512870319715034,"standard_error":3.216484344144241},"slope":{"confidence_interval":{"confidence_level":0.95,"lower_bound":1190.1558758210786,"upper_bound":1193.387132493297},"point_estimate":1191.5962458006995,"standard_error":0.8252181747914421},"std_dev":{"confidence_interval":{"confidence_level":0.95,"lower_bound":52.088348240839835,"upper_bound":256.7224988432928},"point_estimate":162.25664249448158,"standard_error":58.253520995884}}