{"mean":{"confidence_interval":{"confidence_level":0.95,"lower_bound":962.8711804164991,"upper_bound":1001.8516841643714},"point_estimate":978.6432762544672,"standard_error":10.15500749889315},"median":{"confidence_interval":{"confidence_level":0.95,"lower_bound":952.3153238279078,"upper_bound":957.2826333241227},"point_estimate":954.0602057053536,"standard_error":1.2433955821075982},"median_abs_dev":{"confidence_interval":{"confidence_level":0.95,"lower_bound":7.329422607670252,"upper_bound":14.041993230364929},"point_estimate":9.89889407103202,"standard_error":1.6851327512426504},"slope":{"confidence_interval":{"confidence_level":0.95,"lower_bound":949.2493627223162,"upper_bound":951.5060904998944},"point_estimate":950.2830194203923,"standard_error":0.5754670378335243},"std_dev":{"confidence_interval":{"confidence_level":0.95,"lower_bound":28.313029533558634,"upper_bound":164.40445659523414},"point_estimate":101.9626448587368,"standard_error":40.18055774540473}}