{"mean":{"confidence_interval":{"confidence_level":0.95,"lower_bound":324445233.12825,"upper_bound":325362622.217},"point_estimate":324895224.94,"standard_error":233483.24373976066},"median":{"confidence_interval":{"confidence_level":0.95,"lower_bound":324240581.0,"upper_bound":324935527.0},"point_estimate":324600042.0,"standard_error":165849.3582532689},"median_abs_dev":{"confidence_interval":{"confidence_level":0.95,"lower_bound":1389914.495024085,"upper_bound":2511594.7789102793},"point_estimate":1974113.7408524752,"standard_error":281571.90023908636},"slope":null,"std_dev":{"confidence_interval":{"confidence_level":0.95,"lower_bound":1915626.7546482102,"upper_bound":2736630.4341324256},"point_estimate":2343476.6553826365,"standard_error":210352.60475104323}}