{"mean":{"confidence_interval":{"confidence_level":0.95,"lower_bound":236554153.14374998,"upper_bound":236609183.912},"point_estimate":236580389.88,"standard_error":14035.876936860528},"median":{"confidence_interval":{"confidence_level":0.95,"lower_bound":236536913.5,"upper_bound":236600970.0},"point_estimate":236562199.5,"standard_error":14710.109003793112},"median_abs_dev":{"confidence_interval":{"confidence_level":0.95,"lower_bound":81554.85935211182,"upper_bound":119376.72598063946},"point_estimate":99931.68602585793,"standard_error":9467.774155343472},"slope":null,"std_dev":{"confidence_interval":{"confidence_level":0.95,"lower_bound":102607.79170725244,"upper_bound":176680.10791715042},"point_estimate":141396.85058243666,"standard_error":18968.24432178651}}