{"mean":{"confidence_interval":{"confidence_level":0.95,"lower_bound":234835061.06649998,"upper_bound":235007399.58475},"point_estimate":234919501.13,"standard_error":43857.272134296276},"median":{"confidence_interval":{"confidence_level":0.95,"lower_bound":234754186.0,"upper_bound":234965254.0},"point_estimate":234862157.5,"standard_error":54906.12324361202},"median_abs_dev":{"confidence_interval":{"confidence_level":0.95,"lower_bound":308217.70852804184,"upper_bound":478710.033801198},"point_estimate":399538.4539067745,"standard_error":42449.902155215284},"slope":null,"std_dev":{"confidence_interval":{"confidence_level":0.95,"lower_bound":352027.9540139831,"upper_bound":538241.8772192313},"point_estimate":442324.5146080255,"standard_error":48362.395747292794}}