{"mean":{"confidence_interval":{"confidence_level":0.95,"lower_bound":237174851.65875,"upper_bound":237255612.82125},"point_estimate":237215170.74,"standard_error":20617.20021025358},"median":{"confidence_interval":{"confidence_level":0.95,"lower_bound":237171089.5,"upper_bound":237247825.0},"point_estimate":237206532.0,"standard_error":18999.65048421204},"median_abs_dev":{"confidence_interval":{"confidence_level":0.95,"lower_bound":135316.8995976448,"upper_bound":234350.87133944035},"point_estimate":175698.47508072853,"standard_error":25547.49145990328},"slope":null,"std_dev":{"confidence_interval":{"confidence_level":0.95,"lower_bound":175193.29066748437,"upper_bound":238983.71905885494},"point_estimate":208554.96221601067,"standard_error":16308.769395043173}}