{"mean":{"confidence_interval":{"confidence_level":0.95,"lower_bound":235770612.70625,"upper_bound":238271780.732},"point_estimate":237121235.51,"standard_error":641985.561325332},"median":{"confidence_interval":{"confidence_level":0.95,"lower_bound":238635392.5,"upper_bound":238870623.0},"point_estimate":238759138.0,"standard_error":53008.3070431818},"median_abs_dev":{"confidence_interval":{"confidence_level":0.95,"lower_bound":330773.9845275879,"upper_bound":495900.78049600124},"point_estimate":396615.5080586672,"standard_error":41964.63723906576},"slope":null,"std_dev":{"confidence_interval":{"confidence_level":0.95,"lower_bound":3774208.2238329444,"upper_bound":8398056.732328713},"point_estimate":6425838.710460315,"standard_error":1194819.4775642368}}