{"mean":{"confidence_interval":{"confidence_level":0.95,"lower_bound":236307873.2,"upper_bound":236386619.917},"point_estimate":236345831.34,"standard_error":19951.18455960077},"median":{"confidence_interval":{"confidence_level":0.95,"lower_bound":236282624.0,"upper_bound":236365613.5},"point_estimate":236326366.0,"standard_error":22190.380368501534},"median_abs_dev":{"confidence_interval":{"confidence_level":0.95,"lower_bound":140523.790705204,"upper_bound":224882.98790752888},"point_estimate":168553.8258075714,"standard_error":21428.298198516277},"slope":null,"std_dev":{"confidence_interval":{"confidence_level":0.95,"lower_bound":153150.66627897206,"upper_bound":252006.48206000472},"point_estimate":200977.11955687442,"standard_error":25853.092892167188}}