{"mean":{"confidence_interval":{"confidence_level":0.95,"lower_bound":234048593.48000002,"upper_bound":234115363.74199998},"point_estimate":234082206.62,"standard_error":16987.113495016525},"median":{"confidence_interval":{"confidence_level":0.95,"lower_bound":234076111.0,"upper_bound":234152996.0},"point_estimate":234092793.5,"standard_error":22479.375996515068},"median_abs_dev":{"confidence_interval":{"confidence_level":0.95,"lower_bound":121694.77103948593,"upper_bound":223128.60882617527},"point_estimate":181075.86518526077,"standard_error":25522.346181233843},"slope":null,"std_dev":{"confidence_interval":{"confidence_level":0.95,"lower_bound":148763.72328428488,"upper_bound":188889.79584195671},"point_estimate":170391.9406132671,"standard_error":10210.706277129251}}