{"mean":{"confidence_interval":{"confidence_level":0.95,"lower_bound":267463024.0895,"upper_bound":268709431.96275},"point_estimate":268083608.41,"standard_error":319079.43197824777},"median":{"confidence_interval":{"confidence_level":0.95,"lower_bound":267070327.0,"upper_bound":268921031.0},"point_estimate":268490888.5,"standard_error":484028.9631219551},"median_abs_dev":{"confidence_interval":{"confidence_level":0.95,"lower_bound":2693497.193580866,"upper_bound":4103149.1158070415},"point_estimate":3377296.7643409967,"standard_error":357003.8365423088},"slope":null,"std_dev":{"confidence_interval":{"confidence_level":0.95,"lower_bound":2830618.2150188354,"upper_bound":3589375.156332273},"point_estimate":3232314.4250138584,"standard_error":194075.92575243028}}