{"mean":{"confidence_interval":{"confidence_level":0.95,"lower_bound":238290079.35275,"upper_bound":242029318.96350002},"point_estimate":240115282.9,"standard_error":951875.4105701771},"median":{"confidence_interval":{"confidence_level":0.95,"lower_bound":235468384.0,"upper_bound":240416448.0},"point_estimate":238163350.0,"standard_error":1300388.3869476384},"median_abs_dev":{"confidence_interval":{"confidence_level":0.95,"lower_bound":6929208.223181963,"upper_bound":11637514.30299282},"point_estimate":9888779.47973907,"standard_error":1330396.6425786908},"slope":null,"std_dev":{"confidence_interval":{"confidence_level":0.95,"lower_bound":8135959.048632081,"upper_bound":10854933.380963635},"point_estimate":9599063.994009292,"standard_error":695204.3045137686}}