{"mean":{"confidence_interval":{"confidence_level":0.95,"lower_bound":332037914.05,"upper_bound":333372107.25},"point_estimate":332648167.82,"standard_error":340902.4461412427},"median":{"confidence_interval":{"confidence_level":0.95,"lower_bound":331632014.0,"upper_bound":332781756.0},"point_estimate":332175478.5,"standard_error":279153.01897668286},"median_abs_dev":{"confidence_interval":{"confidence_level":0.95,"lower_bound":1585841.5641456842,"upper_bound":2644859.760144353},"point_estimate":2011230.6311935186,"standard_error":273631.5171017426},"slope":null,"std_dev":{"confidence_interval":{"confidence_level":0.95,"lower_bound":2009121.9040596501,"upper_bound":4881720.88406574},"point_estimate":3443052.836754094,"standard_error":766633.7643178697}}