{"mean":{"confidence_interval":{"confidence_level":0.95,"lower_bound":210777402.6585,"upper_bound":210959557.398},"point_estimate":210860254.06,"standard_error":46711.03562743391},"median":{"confidence_interval":{"confidence_level":0.95,"lower_bound":210696653.5,"upper_bound":210787248.0},"point_estimate":210748749.5,"standard_error":22574.18357550122},"median_abs_dev":{"confidence_interval":{"confidence_level":0.95,"lower_bound":180052.87120342255,"upper_bound":318027.4053838849},"point_estimate":263234.1427266598,"standard_error":34559.6046781171},"slope":null,"std_dev":{"confidence_interval":{"confidence_level":0.95,"lower_bound":285378.44485587167,"upper_bound":667652.6809126905},"point_estimate":470404.0786199019,"standard_error":108073.41692189006}}