{"mean":{"confidence_interval":{"confidence_level":0.95,"lower_bound":476335365.53,"upper_bound":481741944.47075},"point_estimate":479021736.67,"standard_error":1377259.2458313731},"median":{"confidence_interval":{"confidence_level":0.95,"lower_bound":474958418.0,"upper_bound":481246471.0},"point_estimate":478001483.5,"standard_error":1346395.4308364613},"median_abs_dev":{"confidence_interval":{"confidence_level":0.95,"lower_bound":11316306.20175541,"upper_bound":17443305.376419425},"point_estimate":14603538.575935364,"standard_error":1519872.8318294925},"slope":null,"std_dev":{"confidence_interval":{"confidence_level":0.95,"lower_bound":11973834.36207716,"upper_bound":15547804.716161372},"point_estimate":13854562.10595086,"standard_error":912840.6949035666}}