{"mean":{"confidence_interval":{"confidence_level":0.95,"lower_bound":314466892.48950005,"upper_bound":314969000.14675},"point_estimate":314715840.11,"standard_error":127797.29098975282},"median":{"confidence_interval":{"confidence_level":0.95,"lower_bound":314327085.0,"upper_bound":314948397.0},"point_estimate":314658988.0,"standard_error":146372.57561991946},"median_abs_dev":{"confidence_interval":{"confidence_level":0.95,"lower_bound":883045.4399228096,"upper_bound":1392537.0290525253},"point_estimate":1147917.1143203974,"standard_error":131006.09941911302},"slope":null,"std_dev":{"confidence_interval":{"confidence_level":0.95,"lower_bound":1083360.8056178214,"upper_bound":1453505.9661021822},"point_estimate":1279088.2064367703,"standard_error":94501.21145188728}}