{"mean":{"confidence_interval":{"confidence_level":0.95,"lower_bound":400914479.16700006,"upper_bound":401494736.23974997},"point_estimate":401193289.37,"standard_error":148358.34511907955},"median":{"confidence_interval":{"confidence_level":0.95,"lower_bound":400693001.0,"upper_bound":401223877.5},"point_estimate":400853838.5,"standard_error":145443.5260463142},"median_abs_dev":{"confidence_interval":{"confidence_level":0.95,"lower_bound":824834.858456254,"upper_bound":1429517.7055209875},"point_estimate":1147255.8747321367,"standard_error":162610.77518632365},"slope":null,"std_dev":{"confidence_interval":{"confidence_level":0.95,"lower_bound":1118779.397303095,"upper_bound":1824061.2185754154},"point_estimate":1488935.5306374887,"standard_error":180659.61502909288}}