{"mean":{"confidence_interval":{"confidence_level":0.95,"lower_bound":516471798.33425,"upper_bound":522223785.2145},"point_estimate":519272526.87,"standard_error":1467749.8317284726},"median":{"confidence_interval":{"confidence_level":0.95,"lower_bound":512103313.5,"upper_bound":519302905.5},"point_estimate":515894190.5,"standard_error":1866589.9229253326},"median_abs_dev":{"confidence_interval":{"confidence_level":0.95,"lower_bound":8494632.161790133,"upper_bound":15679413.192334771},"point_estimate":11834446.574896574,"standard_error":1924627.6444180694},"slope":null,"std_dev":{"confidence_interval":{"confidence_level":0.95,"lower_bound":11859329.491263583,"upper_bound":17263437.03677015},"point_estimate":14731511.724625535,"standard_error":1381031.6997446183}}