{"mean":{"confidence_interval":{"confidence_level":0.95,"lower_bound":329350950.26350003,"upper_bound":329742629.56049997},"point_estimate":329542516.17,"standard_error":99758.63936302855},"median":{"confidence_interval":{"confidence_level":0.95,"lower_bound":329171616.0,"upper_bound":329514317.0},"point_estimate":329342562.5,"standard_error":84149.65697215286},"median_abs_dev":{"confidence_interval":{"confidence_level":0.95,"lower_bound":677411.7887735367,"upper_bound":1202923.0559438467},"point_estimate":917719.0055072308,"standard_error":132546.82530111153},"slope":null,"std_dev":{"confidence_interval":{"confidence_level":0.95,"lower_bound":837005.7170808836,"upper_bound":1160688.9335475187},"point_estimate":1003552.5485358146,"standard_error":82952.17076183298}}