{"mean":{"confidence_interval":{"confidence_level":0.95,"lower_bound":456251533.87549996,"upper_bound":457137325.6955},"point_estimate":456686232.6,"standard_error":226524.04739623136},"median":{"confidence_interval":{"confidence_level":0.95,"lower_bound":455642451.0,"upper_bound":457062917.5},"point_estimate":456540778.5,"standard_error":422238.21603487903},"median_abs_dev":{"confidence_interval":{"confidence_level":0.95,"lower_bound":1733054.9571271243,"upper_bound":2844292.436903715},"point_estimate":2332123.0868965387,"standard_error":285755.842307949},"slope":null,"std_dev":{"confidence_interval":{"confidence_level":0.95,"lower_bound":1941806.7498113227,"upper_bound":2583078.63608245},"point_estimate":2275798.827219044,"standard_error":163809.22202861545}}