{"mean":{"confidence_interval":{"confidence_level":0.95,"lower_bound":322770683.4415,"upper_bound":323259122.06949997},"point_estimate":323010304.6,"standard_error":124872.98107710696},"median":{"confidence_interval":{"confidence_level":0.95,"lower_bound":322659986.5,"upper_bound":323194741.0},"point_estimate":322936680.0,"standard_error":141673.58907697318},"median_abs_dev":{"confidence_interval":{"confidence_level":0.95,"lower_bound":933425.6696283817,"upper_bound":1588814.1770929098},"point_estimate":1448151.7632901669,"standard_error":169333.1188753643},"slope":null,"std_dev":{"confidence_interval":{"confidence_level":0.95,"lower_bound":1076662.346985041,"upper_bound":1422156.5568692088},"point_estimate":1257352.1169212398,"standard_error":88200.85478479312}}