{"mean":{"confidence_interval":{"confidence_level":0.95,"lower_bound":303080033.1985,"upper_bound":303722298.559},"point_estimate":303396463.11,"standard_error":163288.49593519798},"median":{"confidence_interval":{"confidence_level":0.95,"lower_bound":302732023.0,"upper_bound":303529382.5},"point_estimate":303040572.5,"standard_error":207205.67350698725},"median_abs_dev":{"confidence_interval":{"confidence_level":0.95,"lower_bound":1298128.2132536173,"upper_bound":1999443.0533102897},"point_estimate":1761027.05963552,"standard_error":185422.0186860763},"slope":null,"std_dev":{"confidence_interval":{"confidence_level":0.95,"lower_bound":1391143.7993105855,"upper_bound":1875525.916564274},"point_estimate":1644453.8171472682,"standard_error":123885.69942036273}}