{"mean":{"confidence_interval":{"confidence_level":0.95,"lower_bound":478379769.48,"upper_bound":489905838.54},"point_estimate":484025127.21,"standard_error":2955222.017771172},"median":{"confidence_interval":{"confidence_level":0.95,"lower_bound":472238696.5,"upper_bound":483816863.0},"point_estimate":477528343.0,"standard_error":3010466.2237679935},"median_abs_dev":{"confidence_interval":{"confidence_level":0.95,"lower_bound":21601758.12139213,"upper_bound":36989850.797098875},"point_estimate":29691190.521275997,"standard_error":3898474.0481294785},"slope":null,"std_dev":{"confidence_interval":{"confidence_level":0.95,"lower_bound":25339105.408544783,"upper_bound":33240513.353153333},"point_estimate":29642511.6826505,"standard_error":2013609.4860277213}}