{"mean":{"confidence_interval":{"confidence_level":0.95,"lower_bound":607306202.746,"upper_bound":615447985.0885},"point_estimate":611338050.19,"standard_error":2070413.909107589},"median":{"confidence_interval":{"confidence_level":0.95,"lower_bound":606870251.0,"upper_bound":614855522.5},"point_estimate":611137656.0,"standard_error":2078089.5466557594},"median_abs_dev":{"confidence_interval":{"confidence_level":0.95,"lower_bound":12806150.01064539,"upper_bound":22869245.440989733},"point_estimate":17646744.779607654,"standard_error":2582260.143606945},"slope":null,"std_dev":{"confidence_interval":{"confidence_level":0.95,"lower_bound":17324670.48798848,"upper_bound":23768660.53344254},"point_estimate":20710891.213404678,"standard_error":1651047.199002932}}