{"mean":{"confidence_interval":{"confidence_level":0.95,"lower_bound":278150573.327,"upper_bound":278479718.0205},"point_estimate":278310915.31,"standard_error":83660.36813678526},"median":{"confidence_interval":{"confidence_level":0.95,"lower_bound":278043661.0,"upper_bound":278412169.0},"point_estimate":278311354.0,"standard_error":99356.54403041027},"median_abs_dev":{"confidence_interval":{"confidence_level":0.95,"lower_bound":623519.4835878168,"upper_bound":921745.7470357418},"point_estimate":813656.0546547174,"standard_error":74601.68471921676},"slope":null,"std_dev":{"confidence_interval":{"confidence_level":0.95,"lower_bound":672573.1511961387,"upper_bound":1000218.139979766},"point_estimate":839296.5672654749,"standard_error":83908.35854531782}}