{"mean":{"confidence_interval":{"confidence_level":0.95,"lower_bound":496593530.69,"upper_bound":500402762.02},"point_estimate":498438873.08,"standard_error":973815.2681443563},"median":{"confidence_interval":{"confidence_level":0.95,"lower_bound":495181104.0,"upper_bound":499433732.0},"point_estimate":496943308.5,"standard_error":1069146.1959011091},"median_abs_dev":{"confidence_interval":{"confidence_level":0.95,"lower_bound":6671340.351060033,"upper_bound":10206777.90029347},"point_estimate":8335410.561516881,"standard_error":901504.2335779042},"slope":null,"std_dev":{"confidence_interval":{"confidence_level":0.95,"lower_bound":7807014.65735423,"upper_bound":11606503.16304796},"point_estimate":9769535.36274535,"standard_error":975510.5797128227}}