{"mean":{"confidence_interval":{"confidence_level":0.95,"lower_bound":313299527.99474996,"upper_bound":314351079.07775},"point_estimate":313754749.82,"standard_error":270720.3217384523},"median":{"confidence_interval":{"confidence_level":0.95,"lower_bound":312934651.0,"upper_bound":313565011.0},"point_estimate":313269627.5,"standard_error":159111.8451609047},"median_abs_dev":{"confidence_interval":{"confidence_level":0.95,"lower_bound":860412.8100246191,"upper_bound":1513518.854829669},"point_estimate":1218196.8008726835,"standard_error":163175.49086678552},"slope":null,"std_dev":{"confidence_interval":{"confidence_level":0.95,"lower_bound":1356662.5561698847,"upper_bound":4177652.954169538},"point_estimate":2724933.062651821,"standard_error":887949.6626997248}}