{"mean":{"confidence_interval":{"confidence_level":0.95,"lower_bound":329178011.34,"upper_bound":333024937.27},"point_estimate":331076921.61,"standard_error":982772.4931193402},"median":{"confidence_interval":{"confidence_level":0.95,"lower_bound":326716509.0,"upper_bound":332322638.0},"point_estimate":328640247.5,"standard_error":1484988.9427138849},"median_abs_dev":{"confidence_interval":{"confidence_level":0.95,"lower_bound":7415521.455895681,"upper_bound":11918366.181206703},"point_estimate":9293730.5673033,"standard_error":1140371.2736299355},"slope":null,"std_dev":{"confidence_interval":{"confidence_level":0.95,"lower_bound":8362538.681489508,"upper_bound":11261435.585877208},"point_estimate":9887693.133712526,"standard_error":737824.293726695}}