{"mean":{"confidence_interval":{"confidence_level":0.95,"lower_bound":478186030.89075,"upper_bound":481378201.19750005},"point_estimate":479742832.04,"standard_error":816356.6717242354},"median":{"confidence_interval":{"confidence_level":0.95,"lower_bound":476749675.0,"upper_bound":480781984.0},"point_estimate":478665169.5,"standard_error":814374.6520284382},"median_abs_dev":{"confidence_interval":{"confidence_level":0.95,"lower_bound":5975591.580487043,"upper_bound":9362214.825287461},"point_estimate":8147360.546055436,"standard_error":854206.1795146608},"slope":null,"std_dev":{"confidence_interval":{"confidence_level":0.95,"lower_bound":6726010.075299315,"upper_bound":9498959.291318996},"point_estimate":8203746.175369817,"standard_error":708390.6619744}}