{"mean":{"confidence_interval":{"confidence_level":0.95,"lower_bound":351843448.213,"upper_bound":353678164.6425},"point_estimate":352762967.77,"standard_error":468348.6411973002},"median":{"confidence_interval":{"confidence_level":0.95,"lower_bound":351191560.0,"upper_bound":354613511.0},"point_estimate":352453069.5,"standard_error":892263.0635909694},"median_abs_dev":{"confidence_interval":{"confidence_level":0.95,"lower_bound":4464551.484553372,"upper_bound":6751523.805436492},"point_estimate":5994240.6495809555,"standard_error":595327.9845733317},"slope":null,"std_dev":{"confidence_interval":{"confidence_level":0.95,"lower_bound":4195774.082698497,"upper_bound":5157031.008290196},"point_estimate":4708963.439386073,"standard_error":245496.49532082485}}