{"mean":{"confidence_interval":{"confidence_level":0.95,"lower_bound":283452372.57525,"upper_bound":283845413.90375},"point_estimate":283647143.08,"standard_error":100187.99270699327},"median":{"confidence_interval":{"confidence_level":0.95,"lower_bound":283288302.0,"upper_bound":283723118.5},"point_estimate":283441464.5,"standard_error":106961.89315948765},"median_abs_dev":{"confidence_interval":{"confidence_level":0.95,"lower_bound":571715.7540500164,"upper_bound":1148523.9795546231},"point_estimate":758888.8116270304,"standard_error":158513.0812952115},"slope":null,"std_dev":{"confidence_interval":{"confidence_level":0.95,"lower_bound":850315.2579901713,"upper_bound":1142133.2416541409},"point_estimate":1003995.219796547,"standard_error":74754.61829850666}}