{"mean":{"confidence_interval":{"confidence_level":0.95,"lower_bound":355551575.308,"upper_bound":358012630.69775},"point_estimate":356788557.24,"standard_error":627918.005605015},"median":{"confidence_interval":{"confidence_level":0.95,"lower_bound":355873588.0,"upper_bound":358366967.0},"point_estimate":357109679.0,"standard_error":579580.520227184},"median_abs_dev":{"confidence_interval":{"confidence_level":0.95,"lower_bound":4792546.669015288,"upper_bound":8874802.05936826},"point_estimate":6392453.659111261,"standard_error":972719.0670534351},"slope":null,"std_dev":{"confidence_interval":{"confidence_level":0.95,"lower_bound":5501019.7216091715,"upper_bound":7070317.904279349},"point_estimate":6335717.745015768,"standard_error":400618.9955693948}}