{"mean":{"confidence_interval":{"confidence_level":0.95,"lower_bound":4365.255783970433,"upper_bound":4958.838108497232},"point_estimate":4615.855420993904,"standard_error":153.9863720350388},"median":{"confidence_interval":{"confidence_level":0.95,"lower_bound":4168.97013215859,"upper_bound":4282.920186576834},"point_estimate":4204.662005097942,"standard_error":31.65571375600258},"median_abs_dev":{"confidence_interval":{"confidence_level":0.95,"lower_bound":120.5730405575716,"upper_bound":264.74828424860937},"point_estimate":169.46147454964756,"standard_error":36.91883646941591},"slope":{"confidence_interval":{"confidence_level":0.95,"lower_bound":4127.085052494952,"upper_bound":4164.97701637618},"point_estimate":4143.898379997773,"standard_error":9.685746433008305},"std_dev":{"confidence_interval":{"confidence_level":0.95,"lower_bound":496.90822110758575,"upper_bound":2438.2321423066865},"point_estimate":1548.9592549006386,"standard_error":543.6086434903793}}