{"mean":{"confidence_interval":{"confidence_level":0.95,"lower_bound":6167.88013355516,"upper_bound":6952.999905075648},"point_estimate":6498.375416158067,"standard_error":204.3423158722275},"median":{"confidence_interval":{"confidence_level":0.95,"lower_bound":5999.895140080046,"upper_bound":6296.344115004493},"point_estimate":6093.372069368865,"standard_error":60.89261867445857},"median_abs_dev":{"confidence_interval":{"confidence_level":0.95,"lower_bound":411.51512170105383,"upper_bound":691.0897776405664},"point_estimate":529.4803193194821,"standard_error":68.76528747759941},"slope":{"confidence_interval":{"confidence_level":0.95,"lower_bound":5754.182745875281,"upper_bound":5954.777160533639},"point_estimate":5848.279271529518,"standard_error":51.078100345776},"std_dev":{"confidence_interval":{"confidence_level":0.95,"lower_bound":694.4912429560734,"upper_bound":3236.056829569409},"point_estimate":2054.7538789115515,"standard_error":721.5340838304289}}