{"mean":{"confidence_interval":{"confidence_level":0.95,"lower_bound":8765.049060499143,"upper_bound":10090.133411754212},"point_estimate":9327.977755231095,"standard_error":342.91582442838796},"median":{"confidence_interval":{"confidence_level":0.95,"lower_bound":8290.468714285715,"upper_bound":8531.73296},"point_estimate":8385.037120910383,"standard_error":65.32680889281544},"median_abs_dev":{"confidence_interval":{"confidence_level":0.95,"lower_bound":328.8705738477498,"upper_bound":723.8877085757083},"point_estimate":533.0080917008506,"standard_error":105.39288065901775},"slope":{"confidence_interval":{"confidence_level":0.95,"lower_bound":8171.955031959526,"upper_bound":8324.558164423315},"point_estimate":8240.617521312251,"standard_error":39.182050694872245},"std_dev":{"confidence_interval":{"confidence_level":0.95,"lower_bound":1179.0040237608432,"upper_bound":5402.95802979979},"point_estimate":3456.6639424302202,"standard_error":1167.1622990917363}}