{"mean":{"confidence_interval":{"confidence_level":0.95,"lower_bound":4715.427669584513,"upper_bound":5537.319863948904},"point_estimate":5068.078604365663,"standard_error":212.11228893003033},"median":{"confidence_interval":{"confidence_level":0.95,"lower_bound":4409.855477556876,"upper_bound":4574.510707911957},"point_estimate":4462.9696945917285,"standard_error":41.83625486969048},"median_abs_dev":{"confidence_interval":{"confidence_level":0.95,"lower_bound":251.9953191926029,"upper_bound":467.1539721634036},"point_estimate":336.5632449213791,"standard_error":51.851356080212874},"slope":{"confidence_interval":{"confidence_level":0.95,"lower_bound":4330.696535906977,"upper_bound":4420.4101371630395},"point_estimate":4374.705249910794,"standard_error":22.90870400761451},"std_dev":{"confidence_interval":{"confidence_level":0.95,"lower_bound":828.7886747618924,"upper_bound":3287.8367284311066},"point_estimate":2133.2300475296684,"standard_error":671.4867069974193}}