{"mean":{"confidence_interval":{"confidence_level":0.95,"lower_bound":6223.035946639828,"upper_bound":7231.064821422847},"point_estimate":6648.588043061604,"standard_error":261.51613087076356},"median":{"confidence_interval":{"confidence_level":0.95,"lower_bound":5840.586883802817,"upper_bound":6140.998345588236},"point_estimate":5972.769050969356,"standard_error":83.48615529968616},"median_abs_dev":{"confidence_interval":{"confidence_level":0.95,"lower_bound":335.6178508325381,"upper_bound":677.2816555367377},"point_estimate":448.6845108166415,"standard_error":94.12419770739822},"slope":{"confidence_interval":{"confidence_level":0.95,"lower_bound":5759.406728495075,"upper_bound":5918.287826998943},"point_estimate":5832.520736182947,"standard_error":40.567448085143184},"std_dev":{"confidence_interval":{"confidence_level":0.95,"lower_bound":920.9868676805711,"upper_bound":4118.872847888431},"point_estimate":2620.355173938052,"standard_error":915.5530880327447}}