{"mean":{"confidence_interval":{"confidence_level":0.95,"lower_bound":390554.278765811,"upper_bound":480610.86842522636},"point_estimate":428863.1786784293,"standard_error":23386.874498204637},"median":{"confidence_interval":{"confidence_level":0.95,"lower_bound":358583.28101503756,"upper_bound":379792.4682539682},"point_estimate":367479.145940171,"standard_error":5085.1956840043795},"median_abs_dev":{"confidence_interval":{"confidence_level":0.95,"lower_bound":29444.268328995488,"upper_bound":54966.085832305005},"point_estimate":39279.0070737183,"standard_error":6172.644840698172},"slope":{"confidence_interval":{"confidence_level":0.95,"lower_bound":344380.30258450174,"upper_bound":355711.9793979872},"point_estimate":349682.4830166002,"standard_error":2880.279537514394},"std_dev":{"confidence_interval":{"confidence_level":0.95,"lower_bound":84803.57354164883,"upper_bound":366615.2164222491},"point_estimate":234838.43574882185,"standard_error":79611.37685533795}}