{"mean":{"confidence_interval":{"confidence_level":0.95,"lower_bound":279521.95003103185,"upper_bound":337996.4236821744},"point_estimate":304008.45423879893,"standard_error":15229.478171739062},"median":{"confidence_interval":{"confidence_level":0.95,"lower_bound":260432.7423076923,"upper_bound":269702.46428571426},"point_estimate":263959.2469987995,"standard_error":2286.077627305459},"median_abs_dev":{"confidence_interval":{"confidence_level":0.95,"lower_bound":11011.806594690219,"upper_bound":22632.982975295567},"point_estimate":15596.31779394333,"standard_error":2972.8791384326605},"slope":{"confidence_interval":{"confidence_level":0.95,"lower_bound":256393.79989955775,"upper_bound":259252.2776442132},"point_estimate":257636.3460336929,"standard_error":729.3398968959801},"std_dev":{"confidence_interval":{"confidence_level":0.95,"lower_bound":47852.4256638706,"upper_bound":241955.43086719414},"point_estimate":152965.31787359042,"standard_error":54994.91068982377}}