{"mean":{"confidence_interval":{"confidence_level":0.95,"lower_bound":398709.9903681188,"upper_bound":491975.66307400155},"point_estimate":437624.5944957765,"standard_error":24244.785682823298},"median":{"confidence_interval":{"confidence_level":0.95,"lower_bound":367375.0655737705,"upper_bound":382266.3972222222},"point_estimate":373148.46885420836,"standard_error":3937.269780025327},"median_abs_dev":{"confidence_interval":{"confidence_level":0.95,"lower_bound":13065.788745698923,"upper_bound":33133.737963827},"point_estimate":21364.96414635499,"standard_error":5088.614200664805},"slope":{"confidence_interval":{"confidence_level":0.95,"lower_bound":363551.3354694858,"upper_bound":367403.0045941147},"point_estimate":365246.7167174031,"standard_error":986.496888379144},"std_dev":{"confidence_interval":{"confidence_level":0.95,"lower_bound":74901.74702272161,"upper_bound":384947.7240299073},"point_estimate":242770.49082726936,"standard_error":87891.94372649348}}