{"mean":{"confidence_interval":{"confidence_level":0.95,"lower_bound":227557.3662161323,"upper_bound":230600.75232072655},"point_estimate":228889.2786078046,"standard_error":782.0948188196387},"median":{"confidence_interval":{"confidence_level":0.95,"lower_bound":226420.0613154961,"upper_bound":227525.08333333334},"point_estimate":227149.71161740558,"standard_error":263.34585836748175},"median_abs_dev":{"confidence_interval":{"confidence_level":0.95,"lower_bound":1711.603851084259,"upper_bound":3156.583112739939},"point_estimate":2424.921815309094,"standard_error":368.0499212208708},"slope":{"confidence_interval":{"confidence_level":0.95,"lower_bound":225666.72795352316,"upper_bound":226532.47969776686},"point_estimate":226075.70225875571,"standard_error":221.1817929398484},"std_dev":{"confidence_interval":{"confidence_level":0.95,"lower_bound":3448.708867780334,"upper_bound":11796.263202534685},"point_estimate":7864.704809816978,"standard_error":2201.5505088979703}}