{"mean":{"confidence_interval":{"confidence_level":0.95,"lower_bound":15099.66949155409,"upper_bound":15939.417563061386},"point_estimate":15469.92227493466,"standard_error":215.72440631759738},"median":{"confidence_interval":{"confidence_level":0.95,"lower_bound":14666.580562659847,"upper_bound":15003.473815889993},"point_estimate":14803.835129589233,"standard_error":86.61939400831808},"median_abs_dev":{"confidence_interval":{"confidence_level":0.95,"lower_bound":354.1911541212721,"upper_bound":748.4905860760524},"point_estimate":526.6866042457002,"standard_error":99.70283679798351},"slope":{"confidence_interval":{"confidence_level":0.95,"lower_bound":14513.587879493438,"upper_bound":14629.840048023854},"point_estimate":14566.962310998879,"standard_error":29.61736850942578},"std_dev":{"confidence_interval":{"confidence_level":0.95,"lower_bound":1009.3217039914412,"upper_bound":3243.7681567816776},"point_estimate":2168.992051285793,"standard_error":601.7901836887722}}