{"mean":{"confidence_interval":{"confidence_level":0.95,"lower_bound":348475.79648171563,"upper_bound":361015.59923752054},"point_estimate":354169.6870599914,"standard_error":3216.0121523213606},"median":{"confidence_interval":{"confidence_level":0.95,"lower_bound":346006.32020202023,"upper_bound":355211.606741573},"point_estimate":349959.85666185664,"standard_error":2127.29410057238},"median_abs_dev":{"confidence_interval":{"confidence_level":0.95,"lower_bound":14571.994397254033,"upper_bound":23641.754501177027},"point_estimate":19201.685877137916,"standard_error":2282.084451423022},"slope":{"confidence_interval":{"confidence_level":0.95,"lower_bound":349131.90382691345,"upper_bound":357386.77805000567},"point_estimate":353268.2435190385,"standard_error":2111.3287239393794},"std_dev":{"confidence_interval":{"confidence_level":0.95,"lower_bound":18202.5918892861,"upper_bound":46628.844720180336},"point_estimate":32344.535453692526,"standard_error":7790.866642621063}}