{"mean":{"confidence_interval":{"confidence_level":0.95,"lower_bound":310347.61060698895,"upper_bound":313817.32681664324},"point_estimate":311799.91265471035,"standard_error":899.0621253993061},"median":{"confidence_interval":{"confidence_level":0.95,"lower_bound":309432.88372093026,"upper_bound":310468.1989247312},"point_estimate":309741.03587147885,"standard_error":261.9268515666756},"median_abs_dev":{"confidence_interval":{"confidence_level":0.95,"lower_bound":1252.536680376709,"upper_bound":2116.057136470085},"point_estimate":1655.4709999071981,"standard_error":221.36107314896714},"slope":{"confidence_interval":{"confidence_level":0.95,"lower_bound":309216.0123641847,"upper_bound":309645.67777790833},"point_estimate":309422.19697576476,"standard_error":109.96567169319147},"std_dev":{"confidence_interval":{"confidence_level":0.95,"lower_bound":2632.2001435663074,"upper_bound":14302.113922250457},"point_estimate":9062.245516391415,"standard_error":3209.67675436471}}