{"mean":{"confidence_interval":{"confidence_level":0.95,"lower_bound":355370.59339350875,"upper_bound":361173.68178463675},"point_estimate":358017.73906163,"standard_error":1477.4145443225104},"median":{"confidence_interval":{"confidence_level":0.95,"lower_bound":354342.0984176279,"upper_bound":357696.49206349207},"point_estimate":355425.6533333333,"standard_error":1007.3433800194387},"median_abs_dev":{"confidence_interval":{"confidence_level":0.95,"lower_bound":7082.064946298388,"upper_bound":12721.61727708825},"point_estimate":8862.77794237298,"standard_error":1422.0911961235413},"slope":{"confidence_interval":{"confidence_level":0.95,"lower_bound":351685.8323580775,"upper_bound":355423.56970856665},"point_estimate":353578.64715531253,"standard_error":950.8375873493039},"std_dev":{"confidence_interval":{"confidence_level":0.95,"lower_bound":9177.55468155848,"upper_bound":21231.74659256035},"point_estimate":14866.976825405247,"standard_error":3511.222553703273}}