{"mean":{"confidence_interval":{"confidence_level":0.95,"lower_bound":346557.50651543506,"upper_bound":351597.87022553413},"point_estimate":348885.8762763749,"standard_error":1288.2603764999078},"median":{"confidence_interval":{"confidence_level":0.95,"lower_bound":343173.3640522876,"upper_bound":348401.3},"point_estimate":344688.13267426036,"standard_error":1599.7017026597432},"median_abs_dev":{"confidence_interval":{"confidence_level":0.95,"lower_bound":5489.665808263581,"upper_bound":10529.484859888827},"point_estimate":6821.520348339822,"standard_error":1184.8599016389687},"slope":{"confidence_interval":{"confidence_level":0.95,"lower_bound":346764.5873137599,"upper_bound":351424.44189818774},"point_estimate":348992.1003251071,"standard_error":1192.8418538639837},"std_dev":{"confidence_interval":{"confidence_level":0.95,"lower_bound":8404.330331740492,"upper_bound":17767.662702184087},"point_estimate":12906.736999540635,"standard_error":2561.3531059061497}}