{"mean":{"confidence_interval":{"confidence_level":0.95,"lower_bound":3590671.1595500004,"upper_bound":3598719.999099999},"point_estimate":3594572.661999999,"standard_error":2049.588395958872},"median":{"confidence_interval":{"confidence_level":0.95,"lower_bound":3590051.0,"upper_bound":3602050.5},"point_estimate":3595310.9,"standard_error":3376.5132411369423},"median_abs_dev":{"confidence_interval":{"confidence_level":0.95,"lower_bound":14707.539998889108,"upper_bound":22432.330641746383},"point_estimate":19111.45496070385,"standard_error":1966.6787354677995},"slope":null,"std_dev":{"confidence_interval":{"confidence_level":0.95,"lower_bound":15778.997168143651,"upper_bound":26326.64861143349},"point_estimate":20610.501025491205,"standard_error":2821.193444977522}}