{"mean":{"confidence_interval":{"confidence_level":0.95,"lower_bound":5445544.720699999,"upper_bound":5501906.818100002},"point_estimate":5470643.084,"standard_error":14400.181980594154},"median":{"confidence_interval":{"confidence_level":0.95,"lower_bound":5434230.2,"upper_bound":5474550.4},"point_estimate":5455602.2,"standard_error":10241.258950763337},"median_abs_dev":{"confidence_interval":{"confidence_level":0.95,"lower_bound":65576.28639578832,"upper_bound":115319.20938317453},"point_estimate":82653.16941261264,"standard_error":12818.85892194043},"slope":null,"std_dev":{"confidence_interval":{"confidence_level":0.95,"lower_bound":81408.30918677647,"upper_bound":214756.29072502308},"point_estimate":144919.89620360054,"standard_error":40273.34207195836}}