{"mean":{"confidence_interval":{"confidence_level":0.95,"lower_bound":3600455.289799998,"upper_bound":3608502.0627499963},"point_estimate":3604588.7699999977,"standard_error":2049.6018704727107},"median":{"confidence_interval":{"confidence_level":0.95,"lower_bound":3603430.0,"upper_bound":3613610.2},"point_estimate":3611230.1,"standard_error":2626.533827206143},"median_abs_dev":{"confidence_interval":{"confidence_level":0.95,"lower_bound":13432.652281523027,"upper_bound":22581.53209009798},"point_estimate":17924.781941771646,"standard_error":2297.7193773762624},"slope":null,"std_dev":{"confidence_interval":{"confidence_level":0.95,"lower_bound":16988.825756162725,"upper_bound":23806.856397898206},"point_estimate":20642.048085143964,"standard_error":1747.2875519213028}}