{"mean":{"confidence_interval":{"confidence_level":0.95,"lower_bound":3481251.244400001,"upper_bound":3558173.7786000003},"point_estimate":3519696.6379999993,"standard_error":19718.385086863113},"median":{"confidence_interval":{"confidence_level":0.95,"lower_bound":3452020.1,"upper_bound":3611574.8},"point_estimate":3513815.8,"standard_error":42144.434665510875},"median_abs_dev":{"confidence_interval":{"confidence_level":0.95,"lower_bound":185757.0263421541,"upper_bound":275907.70382165903},"point_estimate":239180.44075369835,"standard_error":23095.93928401847},"slope":null,"std_dev":{"confidence_interval":{"confidence_level":0.95,"lower_bound":176353.898629577,"upper_bound":218187.83624960113},"point_estimate":198373.16173033445,"standard_error":10653.6818155049}}