{"mean":{"confidence_interval":{"confidence_level":0.95,"lower_bound":3654742.3947,"upper_bound":3663836.7756000026},"point_estimate":3659103.944,"standard_error":2324.12260100856},"median":{"confidence_interval":{"confidence_level":0.95,"lower_bound":3651144.2,"upper_bound":3659211.8},"point_estimate":3657245.6,"standard_error":1849.5412655134223},"median_abs_dev":{"confidence_interval":{"confidence_level":0.95,"lower_bound":12752.961736590383,"upper_bound":20629.637333750725},"point_estimate":17528.186448812623,"standard_error":2015.1586549500298},"slope":null,"std_dev":{"confidence_interval":{"confidence_level":0.95,"lower_bound":17046.72327516354,"upper_bound":29694.99426603785},"point_estimate":23455.603876433146,"standard_error":3255.1831333842706}}