{"mean":{"confidence_interval":{"confidence_level":0.95,"lower_bound":3227391.131666668,"upper_bound":3234631.029458334},"point_estimate":3231151.938333334,"standard_error":1845.6842051462438},"median":{"confidence_interval":{"confidence_level":0.95,"lower_bound":3229821.25,"upper_bound":3235729.833333333},"point_estimate":3233154.75,"standard_error":1606.906951217042},"median_abs_dev":{"confidence_interval":{"confidence_level":0.95,"lower_bound":10168.164819479203,"upper_bound":17384.225991368294},"point_estimate":13936.933952569847,"standard_error":1813.0028319085575},"slope":null,"std_dev":{"confidence_interval":{"confidence_level":0.95,"lower_bound":13278.991278150284,"upper_bound":23902.56282751255},"point_estimate":18507.703466568408,"standard_error":2774.119558303882}}