{"mean":{"confidence_interval":{"confidence_level":0.95,"lower_bound":4087767.0150000006,"upper_bound":4113840.8286500005},"point_estimate":4100723.6720000017,"standard_error":6641.248394091318},"median":{"confidence_interval":{"confidence_level":0.95,"lower_bound":4083248.5,"upper_bound":4114427.2},"point_estimate":4099093.1,"standard_error":8376.513456137693},"median_abs_dev":{"confidence_interval":{"confidence_level":0.95,"lower_bound":50002.90801227093,"upper_bound":84421.31814122255},"point_estimate":68497.60138392448,"standard_error":8516.393604341867},"slope":null,"std_dev":{"confidence_interval":{"confidence_level":0.95,"lower_bound":57470.58214018175,"upper_bound":75724.80986316109},"point_estimate":67063.79901615783,"standard_error":4663.165225139612}}