{"mean":{"confidence_interval":{"confidence_level":0.95,"lower_bound":6132125.3125,"upper_bound":6228892.8868125},"point_estimate":6180005.61,"standard_error":24748.144234221047},"median":{"confidence_interval":{"confidence_level":0.95,"lower_bound":6069506.25,"upper_bound":6225226.75},"point_estimate":6157091.625,"standard_error":35655.50275712146},"median_abs_dev":{"confidence_interval":{"confidence_level":0.95,"lower_bound":222382.95370191336,"upper_bound":354288.94673511386},"point_estimate":306145.9603898227,"standard_error":31961.75499721729},"slope":null,"std_dev":{"confidence_interval":{"confidence_level":0.95,"lower_bound":216382.50206984876,"upper_bound":277583.855115385},"point_estimate":248863.24019580102,"standard_error":15608.381945273317}}