{"mean":{"confidence_interval":{"confidence_level":0.95,"lower_bound":3580699.186500001,"upper_bound":3586639.5393000008},"point_estimate":3583683.274000001,"standard_error":1518.1497070840126},"median":{"confidence_interval":{"confidence_level":0.95,"lower_bound":3582721.7,"upper_bound":3589891.8},"point_estimate":3585401.8,"standard_error":1841.6251372957126},"median_abs_dev":{"confidence_interval":{"confidence_level":0.95,"lower_bound":9265.604904502388,"upper_bound":16753.676222562375},"point_estimate":12809.960292577674,"standard_error":1868.753736490278},"slope":null,"std_dev":{"confidence_interval":{"confidence_level":0.95,"lower_bound":12723.12987512715,"upper_bound":17737.352197943346},"point_estimate":15254.98466825882,"standard_error":1284.8958026241098}}