{"mean":{"confidence_interval":{"confidence_level":0.95,"lower_bound":3541841.087250001,"upper_bound":3552714.5708000013},"point_estimate":3547206.772,"standard_error":2785.980372631814},"median":{"confidence_interval":{"confidence_level":0.95,"lower_bound":3535143.0,"upper_bound":3549383.0},"point_estimate":3539183.0,"standard_error":3647.698973533013},"median_abs_dev":{"confidence_interval":{"confidence_level":0.95,"lower_bound":18947.775923609526,"upper_bound":35628.36738046971},"point_estimate":24169.19651091085,"standard_error":4358.510317268421},"slope":null,"std_dev":{"confidence_interval":{"confidence_level":0.95,"lower_bound":24543.69718768655,"upper_bound":30659.02964084764},"point_estimate":27869.571061419123,"standard_error":1548.5862443951228}}