{"mean":{"confidence_interval":{"confidence_level":0.95,"lower_bound":3614756.9115500017,"upper_bound":3617861.9822},"point_estimate":3616316.144000001,"standard_error":794.3176749969768},"median":{"confidence_interval":{"confidence_level":0.95,"lower_bound":3614416.5,"upper_bound":3618946.4},"point_estimate":3617226.8,"standard_error":1217.3333622859975},"median_abs_dev":{"confidence_interval":{"confidence_level":0.95,"lower_bound":5129.202868937894,"upper_bound":7814.043161273003},"point_estimate":6627.221882343292,"standard_error":687.0635048102018},"slope":null,"std_dev":{"confidence_interval":{"confidence_level":0.95,"lower_bound":6576.126246983878,"upper_bound":9218.13336983796},"point_estimate":7961.89917793865,"standard_error":672.9967989773512}}