{"mean":{"confidence_interval":{"confidence_level":0.95,"lower_bound":3602935.922649999,"upper_bound":3753325.80725},"point_estimate":3676172.2319999994,"standard_error":38249.83294262354},"median":{"confidence_interval":{"confidence_level":0.95,"lower_bound":3490221.2,"upper_bound":3673714.4},"point_estimate":3564783.5,"standard_error":49625.98440810701},"median_abs_dev":{"confidence_interval":{"confidence_level":0.95,"lower_bound":237483.1603038307,"upper_bound":408931.6143000127},"point_estimate":316120.85594773304,"standard_error":45095.99465359352},"slope":null,"std_dev":{"confidence_interval":{"confidence_level":0.95,"lower_bound":315993.443680702,"upper_bound":446895.4126149107},"point_estimate":385792.63397756533,"standard_error":33683.99426584624}}