{"mean":{"confidence_interval":{"confidence_level":0.95,"lower_bound":32827801.0595,"upper_bound":32914784.724},"point_estimate":32870006.945,"standard_error":22130.24445350346},"median":{"confidence_interval":{"confidence_level":0.95,"lower_bound":32756102.5,"upper_bound":32855203.75},"point_estimate":32816833.0,"standard_error":26587.167797251077},"median_abs_dev":{"confidence_interval":{"confidence_level":0.95,"lower_bound":141701.3364680484,"upper_bound":256418.6306476593},"point_estimate":215912.88741678,"standard_error":29960.22258798858},"slope":null,"std_dev":{"confidence_interval":{"confidence_level":0.95,"lower_bound":185404.09397635312,"upper_bound":255668.38913165816},"point_estimate":222772.19767821865,"standard_error":17989.94671911497}}