{"mean":{"confidence_interval":{"confidence_level":0.95,"lower_bound":35015165.124375,"upper_bound":35221202.672125004},"point_estimate":35110108.5,"standard_error":52789.79428434493},"median":{"confidence_interval":{"confidence_level":0.95,"lower_bound":34939032.0,"upper_bound":34960532.25},"point_estimate":34949187.75,"standard_error":4795.879340489569},"median_abs_dev":{"confidence_interval":{"confidence_level":0.95,"lower_bound":42320.81624865532,"upper_bound":81876.95419639349},"point_estimate":58490.05156159401,"standard_error":10434.377994696755},"slope":null,"std_dev":{"confidence_interval":{"confidence_level":0.95,"lower_bound":325291.0104411661,"upper_bound":687501.3043069376},"point_estimate":530442.0502813591,"standard_error":92558.56986018346}}