{"mean":{"confidence_interval":{"confidence_level":0.95,"lower_bound":31978896.005875003,"upper_bound":32453417.03},"point_estimate":32213591.42,"standard_error":121317.47390733937},"median":{"confidence_interval":{"confidence_level":0.95,"lower_bound":31809082.5,"upper_bound":32337801.5},"point_estimate":32086688.25,"standard_error":122833.4644225569},"median_abs_dev":{"confidence_interval":{"confidence_level":0.95,"lower_bound":939009.8824292421,"upper_bound":1480536.5651652217},"point_estimate":1221071.191571653,"standard_error":141116.8075887584},"slope":null,"std_dev":{"confidence_interval":{"confidence_level":0.95,"lower_bound":1040548.0068996464,"upper_bound":1380812.7107111271},"point_estimate":1219766.6936572625,"standard_error":86643.91419326651}}