{"mean":{"confidence_interval":{"confidence_level":0.95,"lower_bound":42826148.259375,"upper_bound":43501100.37975},"point_estimate":43156037.565,"standard_error":172501.68293323994},"median":{"confidence_interval":{"confidence_level":0.95,"lower_bound":42520610.0,"upper_bound":43110854.25},"point_estimate":42864682.5,"standard_error":158326.95280139105},"median_abs_dev":{"confidence_interval":{"confidence_level":0.95,"lower_bound":1007600.1370452719,"upper_bound":1705908.440414071},"point_estimate":1239443.1997954845,"standard_error":177488.21256821998},"slope":null,"std_dev":{"confidence_interval":{"confidence_level":0.95,"lower_bound":1426488.0117207651,"upper_bound":2003985.0406681758},"point_estimate":1734855.9587757364,"standard_error":146793.3461676499}}