{"mean":{"confidence_interval":{"confidence_level":0.95,"lower_bound":32036123.0775,"upper_bound":32211812.900875},"point_estimate":32122926.67,"standard_error":44821.016627878},"median":{"confidence_interval":{"confidence_level":0.95,"lower_bound":31887009.0,"upper_bound":32128937.5},"point_estimate":32014040.0,"standard_error":51920.80592241941},"median_abs_dev":{"confidence_interval":{"confidence_level":0.95,"lower_bound":311646.2209671736,"upper_bound":539810.8327214419},"point_estimate":420538.7412339449,"standard_error":55891.64411586377},"slope":null,"std_dev":{"confidence_interval":{"confidence_level":0.95,"lower_bound":387022.96408652014,"upper_bound":501343.153413035},"point_estimate":448849.0111833024,"standard_error":29114.993734470187}}