{"mean":{"confidence_interval":{"confidence_level":0.95,"lower_bound":35244644.789375,"upper_bound":36491045.134375},"point_estimate":35856431.64,"standard_error":318610.28937200434},"median":{"confidence_interval":{"confidence_level":0.95,"lower_bound":33688968.25,"upper_bound":35850682.5},"point_estimate":34169646.75,"standard_error":469511.71782139887},"median_abs_dev":{"confidence_interval":{"confidence_level":0.95,"lower_bound":1151218.1231617928,"upper_bound":3752881.3971817824},"point_estimate":2132067.347498238,"standard_error":598004.8292188597},"slope":null,"std_dev":{"confidence_interval":{"confidence_level":0.95,"lower_bound":2825408.317080541,"upper_bound":3528396.469401449},"point_estimate":3219325.7897063512,"standard_error":179027.78193024723}}