{"mean":{"confidence_interval":{"confidence_level":0.95,"lower_bound":44094579.299125,"upper_bound":44906498.00925},"point_estimate":44492333.72,"standard_error":206858.99259286025},"median":{"confidence_interval":{"confidence_level":0.95,"lower_bound":43717244.5,"upper_bound":44536026.5},"point_estimate":44112948.75,"standard_error":226364.2549672057},"median_abs_dev":{"confidence_interval":{"confidence_level":0.95,"lower_bound":1156289.3563717604,"upper_bound":2060008.5409775376},"point_estimate":1583276.2955412269,"standard_error":233928.54387588656},"slope":null,"std_dev":{"confidence_interval":{"confidence_level":0.95,"lower_bound":1638034.380113445,"upper_bound":2484358.063146554},"point_estimate":2081966.777074892,"standard_error":215671.531441287}}