{"mean":{"confidence_interval":{"confidence_level":0.95,"lower_bound":40441137.781,"upper_bound":40939138.86},"point_estimate":40674675.04,"standard_error":126935.53487947519},"median":{"confidence_interval":{"confidence_level":0.95,"lower_bound":40312553.0,"upper_bound":40766196.0},"point_estimate":40552438.0,"standard_error":139916.10431635816},"median_abs_dev":{"confidence_interval":{"confidence_level":0.95,"lower_bound":634058.3416432142,"upper_bound":1073852.3500353098},"point_estimate":892856.5452486277,"standard_error":109728.03247890463},"slope":null,"std_dev":{"confidence_interval":{"confidence_level":0.95,"lower_bound":815191.4198559196,"upper_bound":1681577.3266440756},"point_estimate":1270849.8315930762,"standard_error":224296.90658884667}}