{"mean":{"confidence_interval":{"confidence_level":0.95,"lower_bound":34741163.814125,"upper_bound":34789016.362124994},"point_estimate":34765110.505,"standard_error":12232.618238159788},"median":{"confidence_interval":{"confidence_level":0.95,"lower_bound":34725061.5,"upper_bound":34813064.0},"point_estimate":34773400.5,"standard_error":27145.96026969893},"median_abs_dev":{"confidence_interval":{"confidence_level":0.95,"lower_bound":114344.68900747604,"upper_bound":180844.2089393735},"point_estimate":151801.55805498362,"standard_error":16750.589746554273},"slope":null,"std_dev":{"confidence_interval":{"confidence_level":0.95,"lower_bound":110371.37180561721,"upper_bound":134214.7007381139},"point_estimate":123027.2395592462,"standard_error":6072.333546182545}}