{"mean":{"confidence_interval":{"confidence_level":0.95,"lower_bound":30871532.579,"upper_bound":30924264.64975},"point_estimate":30896894.14,"standard_error":13398.783029314356},"median":{"confidence_interval":{"confidence_level":0.95,"lower_bound":30845742.75,"upper_bound":30888817.75},"point_estimate":30860467.5,"standard_error":11001.341090335813},"median_abs_dev":{"confidence_interval":{"confidence_level":0.95,"lower_bound":68386.02646965533,"upper_bound":120944.21406906098},"point_estimate":95999.83089566231,"standard_error":13119.467840969884},"slope":null,"std_dev":{"confidence_interval":{"confidence_level":0.95,"lower_bound":106494.53359813713,"upper_bound":158758.2209868576},"point_estimate":134242.47175544148,"standard_error":13377.33480230117}}