{"mean":{"confidence_interval":{"confidence_level":0.95,"lower_bound":36090005.664,"upper_bound":36461641.400625},"point_estimate":36262569.915,"standard_error":94933.37857425892},"median":{"confidence_interval":{"confidence_level":0.95,"lower_bound":35945670.5,"upper_bound":36275773.0},"point_estimate":36080846.5,"standard_error":87218.5979487993},"median_abs_dev":{"confidence_interval":{"confidence_level":0.95,"lower_bound":483882.66758311563,"upper_bound":779036.2333193421},"point_estimate":658574.24415797,"standard_error":80329.11313338399},"slope":null,"std_dev":{"confidence_interval":{"confidence_level":0.95,"lower_bound":630163.9711022899,"upper_bound":1263177.3408733336},"point_estimate":953900.9840266074,"standard_error":163898.486518827}}