{"mean":{"confidence_interval":{"confidence_level":0.95,"lower_bound":6644187.606437501,"upper_bound":6793793.754375},"point_estimate":6715872.42,"standard_error":38217.07480941705},"median":{"confidence_interval":{"confidence_level":0.95,"lower_bound":6595826.875,"upper_bound":6706551.75},"point_estimate":6629527.0,"standard_error":26945.003910154464},"median_abs_dev":{"confidence_interval":{"confidence_level":0.95,"lower_bound":180912.58459690967,"upper_bound":370778.97961735725},"point_estimate":285677.92645320296,"standard_error":50463.36695790364},"slope":null,"std_dev":{"confidence_interval":{"confidence_level":0.95,"lower_bound":278254.0135062517,"upper_bound":485911.1115090874},"point_estimate":385309.1770882939,"standard_error":53285.033657299326}}