{"mean":{"confidence_interval":{"confidence_level":0.95,"lower_bound":5434760.23505,"upper_bound":5548635.676400001},"point_estimate":5488506.034,"standard_error":29038.40595040088},"median":{"confidence_interval":{"confidence_level":0.95,"lower_bound":5401108.0,"upper_bound":5479171.699999999},"point_estimate":5442001.2,"standard_error":20099.394586536575},"median_abs_dev":{"confidence_interval":{"confidence_level":0.95,"lower_bound":162439.61687462046,"upper_bound":274583.33803667064},"point_estimate":232385.8333343269,"standard_error":29371.676848998333},"slope":null,"std_dev":{"confidence_interval":{"confidence_level":0.95,"lower_bound":204936.88086183643,"upper_bound":385953.88622286916},"point_estimate":292139.7601016626,"standard_error":48234.7460882867}}