{"mean":{"confidence_interval":{"confidence_level":0.95,"lower_bound":3750986.0187916663,"upper_bound":3757500.5452500014},"point_estimate":3754178.706666666,"standard_error":1662.384720769132},"median":{"confidence_interval":{"confidence_level":0.95,"lower_bound":3748214.583333333,"upper_bound":3756456.3333333335},"point_estimate":3751139.8333333335,"standard_error":2300.551290742337},"median_abs_dev":{"confidence_interval":{"confidence_level":0.95,"lower_bound":13009.691219031236,"upper_bound":20645.081083476314},"point_estimate":16370.62180936325,"standard_error":1988.9425277965106},"slope":null,"std_dev":{"confidence_interval":{"confidence_level":0.95,"lower_bound":14165.125916874955,"upper_bound":19111.707542102093},"point_estimate":16675.27306323688,"standard_error":1270.2164579525845}}