{"mean":{"confidence_interval":{"confidence_level":0.95,"lower_bound":4057862.2423500004,"upper_bound":4195093.719850002},"point_estimate":4128059.448000001,"standard_error":35023.18635478822},"median":{"confidence_interval":{"confidence_level":0.95,"lower_bound":4150734.8,"upper_bound":4322843.800000001},"point_estimate":4251070.0,"standard_error":46957.44950241534},"median_abs_dev":{"confidence_interval":{"confidence_level":0.95,"lower_bound":227413.0447626114,"upper_bound":455329.8769962785},"point_estimate":321459.2536729578,"standard_error":62961.39061604792},"slope":null,"std_dev":{"confidence_interval":{"confidence_level":0.95,"lower_bound":310203.76262547326,"upper_bound":383519.73205558787},"point_estimate":351202.4037974743,"standard_error":18761.839331070147}}