{"mean":{"confidence_interval":{"confidence_level":0.95,"lower_bound":9577839.382666666,"upper_bound":9585493.186458334},"point_estimate":9581629.365000004,"standard_error":1958.7997899715053},"median":{"confidence_interval":{"confidence_level":0.95,"lower_bound":9576938.166666666,"upper_bound":9586105.0},"point_estimate":9580635.75,"standard_error":2745.4664559158027},"median_abs_dev":{"confidence_interval":{"confidence_level":0.95,"lower_bound":14933.611784876313,"upper_bound":24035.416573285136},"point_estimate":19294.80315744785,"standard_error":2300.165568139607},"slope":null,"std_dev":{"confidence_interval":{"confidence_level":0.95,"lower_bound":16406.071120152144,"upper_bound":22972.22963441271},"point_estimate":19730.8097105731,"standard_error":1686.2095744510707}}