{"mean":{"confidence_interval":{"confidence_level":0.95,"lower_bound":9703480.906416666,"upper_bound":9710122.49904167},"point_estimate":9706721.626666667,"standard_error":1691.492236303713},"median":{"confidence_interval":{"confidence_level":0.95,"lower_bound":9700132.833333334,"upper_bound":9707432.833333334},"point_estimate":9703849.583333332,"standard_error":1628.1247452412044},"median_abs_dev":{"confidence_interval":{"confidence_level":0.95,"lower_bound":10650.133360921416,"upper_bound":18705.716767908063},"point_estimate":14986.738283929908,"standard_error":2060.1199786427196},"slope":null,"std_dev":{"confidence_interval":{"confidence_level":0.95,"lower_bound":14072.309397594932,"upper_bound":19558.797288932827},"point_estimate":17010.005203367433,"standard_error":1399.8460339523695}}