{"mean":{"confidence_interval":{"confidence_level":0.95,"lower_bound":3787724.035708333,"upper_bound":3792635.1150000007},"point_estimate":3790130.25,"standard_error":1251.297311904659},"median":{"confidence_interval":{"confidence_level":0.95,"lower_bound":3785683.583333333,"upper_bound":3791358.916666667},"point_estimate":3789783.75,"standard_error":1480.3704143595758},"median_abs_dev":{"confidence_interval":{"confidence_level":0.95,"lower_bound":9612.189829349749,"upper_bound":14344.27829533771},"point_estimate":11824.105440080166,"standard_error":1179.2970598140757},"slope":null,"std_dev":{"confidence_interval":{"confidence_level":0.95,"lower_bound":10418.380831524208,"upper_bound":14768.079730025449},"point_estimate":12628.608294923491,"standard_error":1117.2009423865031}}