{"mean":{"confidence_interval":{"confidence_level":0.95,"lower_bound":3786590.177875,"upper_bound":3793497.597125001},"point_estimate":3789990.388333335,"standard_error":1762.7894484591982},"median":{"confidence_interval":{"confidence_level":0.95,"lower_bound":3783656.0,"upper_bound":3791010.583333333},"point_estimate":3787031.083333333,"standard_error":1854.5765062586593},"median_abs_dev":{"confidence_interval":{"confidence_level":0.95,"lower_bound":11595.531766637714,"upper_bound":18977.526763081674},"point_estimate":14665.38473963749,"standard_error":1932.2160086995161},"slope":null,"std_dev":{"confidence_interval":{"confidence_level":0.95,"lower_bound":14872.566394740645,"upper_bound":20295.584729033206},"point_estimate":17734.012181841077,"standard_error":1384.4660858111247}}