{"mean":{"confidence_interval":{"confidence_level":0.95,"lower_bound":4469444.168649999,"upper_bound":4487147.760299998},"point_estimate":4478544.631999998,"standard_error":4523.8766120435075},"median":{"confidence_interval":{"confidence_level":0.95,"lower_bound":4473955.6,"upper_bound":4494496.0},"point_estimate":4486205.7,"standard_error":5976.391294455963},"median_abs_dev":{"confidence_interval":{"confidence_level":0.95,"lower_bound":26125.190656185427,"upper_bound":46513.312454223356},"point_estimate":33509.27982509164,"standard_error":5347.634830586213},"slope":null,"std_dev":{"confidence_interval":{"confidence_level":0.95,"lower_bound":35712.968616822865,"upper_bound":55776.66893414195},"point_estimate":45633.5318995058,"standard_error":5175.221684237427}}