{"mean":{"confidence_interval":{"confidence_level":0.95,"lower_bound":30405339.841375,"upper_bound":31060364.174875002},"point_estimate":30722127.89,"standard_error":167494.82371695162},"median":{"confidence_interval":{"confidence_level":0.95,"lower_bound":30010130.5,"upper_bound":30907680.5},"point_estimate":30303721.0,"standard_error":254667.81943382302},"median_abs_dev":{"confidence_interval":{"confidence_level":0.95,"lower_bound":1158505.7877349118,"upper_bound":1866771.2788581848},"point_estimate":1553591.3082182407,"standard_error":187322.36624938168},"slope":null,"std_dev":{"confidence_interval":{"confidence_level":0.95,"lower_bound":1317465.069438784,"upper_bound":2035590.9638431321},"point_estimate":1676843.6586213557,"standard_error":185016.16019422174}}