{"mean":{"confidence_interval":{"confidence_level":0.95,"lower_bound":17308641.370416664,"upper_bound":17357215.87666667},"point_estimate":17332666.336666662,"standard_error":12366.509267063044},"median":{"confidence_interval":{"confidence_level":0.95,"lower_bound":17287862.666666668,"upper_bound":17345196.333333332},"point_estimate":17314351.0,"standard_error":13838.49088458005},"median_abs_dev":{"confidence_interval":{"confidence_level":0.95,"lower_bound":83082.6786249876,"upper_bound":141038.99419605732},"point_estimate":112974.11799430847,"standard_error":14846.325747237815},"slope":null,"std_dev":{"confidence_interval":{"confidence_level":0.95,"lower_bound":106570.05157601902,"upper_bound":139998.5254952671},"point_estimate":124399.83214050072,"standard_error":8541.913207474943}}