{"mean":{"confidence_interval":{"confidence_level":0.95,"lower_bound":16630810.6456875,"upper_bound":17440267.581875},"point_estimate":17025981.14,"standard_error":206716.41669529123},"median":{"confidence_interval":{"confidence_level":0.95,"lower_bound":15722262.375,"upper_bound":16884893.75},"point_estimate":16045449.125,"standard_error":280385.39483305666},"median_abs_dev":{"confidence_interval":{"confidence_level":0.95,"lower_bound":884783.2324169576,"upper_bound":2188404.2932480574},"point_estimate":1374970.6285893917,"standard_error":330233.99025837006},"slope":null,"std_dev":{"confidence_interval":{"confidence_level":0.95,"lower_bound":1795568.874458848,"upper_bound":2304252.697485558},"point_estimate":2080267.0238974576,"standard_error":130768.99872445596}}