{"mean":{"confidence_interval":{"confidence_level":0.95,"lower_bound":17713401.113166664,"upper_bound":18134438.528750006},"point_estimate":17919598.326666664,"standard_error":107264.67523072088},"median":{"confidence_interval":{"confidence_level":0.95,"lower_bound":17478255.666666664,"upper_bound":17938177.0},"point_estimate":17718191.5,"standard_error":142831.43142013875},"median_abs_dev":{"confidence_interval":{"confidence_level":0.95,"lower_bound":617410.2265387774,"upper_bound":1150584.7749855365},"point_estimate":890136.962696909,"standard_error":136510.8353951921},"slope":null,"std_dev":{"confidence_interval":{"confidence_level":0.95,"lower_bound":894120.3438673286,"upper_bound":1239331.2779606439},"point_estimate":1075080.153444883,"standard_error":88168.77966468882}}