{"mean":{"confidence_interval":{"confidence_level":0.95,"lower_bound":17795784.953833323,"upper_bound":17828341.60466666},"point_estimate":17812200.46333334,"standard_error":8285.803660472367},"median":{"confidence_interval":{"confidence_level":0.95,"lower_bound":17789641.833333332,"upper_bound":17841125.333333336},"point_estimate":17818280.333333336,"standard_error":14100.896314960191},"median_abs_dev":{"confidence_interval":{"confidence_level":0.95,"lower_bound":73321.98169827185,"upper_bound":108862.37406730284},"point_estimate":91205.10258078575,"standard_error":8705.260846821133},"slope":null,"std_dev":{"confidence_interval":{"confidence_level":0.95,"lower_bound":72541.86987667259,"upper_bound":93448.28239989099},"point_estimate":83464.77189381109,"standard_error":5338.6226462251325}}