{"mean":{"confidence_interval":{"confidence_level":0.95,"lower_bound":23226255.204375,"upper_bound":23584237.085},"point_estimate":23403890.17,"standard_error":91181.06584092577},"median":{"confidence_interval":{"confidence_level":0.95,"lower_bound":23124561.0,"upper_bound":23539762.5},"point_estimate":23280695.75,"standard_error":117943.24074828904},"median_abs_dev":{"confidence_interval":{"confidence_level":0.95,"lower_bound":720107.3228992894,"upper_bound":1308625.391717255},"point_estimate":979949.2861524224,"standard_error":148747.86153770646},"slope":null,"std_dev":{"confidence_interval":{"confidence_level":0.95,"lower_bound":809701.3412174353,"upper_bound":1004052.6048074497},"point_estimate":914158.7124503325,"standard_error":49706.400792998844}}