{"mean":{"confidence_interval":{"confidence_level":0.95,"lower_bound":20643591.262916673,"upper_bound":21062061.497250002},"point_estimate":20847343.44333334,"standard_error":107200.43012427738},"median":{"confidence_interval":{"confidence_level":0.95,"lower_bound":20458499.0,"upper_bound":20850068.666666668},"point_estimate":20586500.0,"standard_error":99602.60488120424},"median_abs_dev":{"confidence_interval":{"confidence_level":0.95,"lower_bound":734996.0211712103,"upper_bound":1201532.1300685415},"point_estimate":918826.0134875765,"standard_error":125493.25943381441},"slope":null,"std_dev":{"confidence_interval":{"confidence_level":0.95,"lower_bound":879801.1026778056,"upper_bound":1257607.3190435087},"point_estimate":1080149.0262908465,"standard_error":96588.74307528112}}