{"mean":{"confidence_interval":{"confidence_level":0.95,"lower_bound":4030.805340972497,"upper_bound":4595.776538096062},"point_estimate":4267.800154186913,"standard_error":146.93951730046487},"median":{"confidence_interval":{"confidence_level":0.95,"lower_bound":3836.5473705611275,"upper_bound":3925.9594326102533},"point_estimate":3872.443290183721,"standard_error":23.215106540504667},"median_abs_dev":{"confidence_interval":{"confidence_level":0.95,"lower_bound":98.66129873173412,"upper_bound":208.53366395311437},"point_estimate":142.63457560025293,"standard_error":30.027190331550415},"slope":{"confidence_interval":{"confidence_level":0.95,"lower_bound":3808.23380315198,"upper_bound":3835.61256632809},"point_estimate":3820.4889298660205,"standard_error":7.02743302517626},"std_dev":{"confidence_interval":{"confidence_level":0.95,"lower_bound":471.95391349819135,"upper_bound":2339.5907349722092},"point_estimate":1483.7423565630345,"standard_error":531.17474461365}}