{"mean":{"confidence_interval":{"confidence_level":0.95,"lower_bound":17787.58890691941,"upper_bound":18871.02046891866},"point_estimate":18256.75281242269,"standard_error":279.75936291381555},"median":{"confidence_interval":{"confidence_level":0.95,"lower_bound":17313.98649813272,"upper_bound":17577.25975786925},"point_estimate":17432.65243672621,"standard_error":66.86668705152776},"median_abs_dev":{"confidence_interval":{"confidence_level":0.95,"lower_bound":382.49764688104875,"upper_bound":743.2313745844045},"point_estimate":520.3156660483132,"standard_error":90.96505274361209},"slope":{"confidence_interval":{"confidence_level":0.95,"lower_bound":17145.695462485328,"upper_bound":17250.400742567293},"point_estimate":17193.076839798323,"standard_error":26.747895922219573},"std_dev":{"confidence_interval":{"confidence_level":0.95,"lower_bound":1181.278204012153,"upper_bound":4285.101397377593},"point_estimate":2817.2610026056036,"standard_error":850.8374448979873}}