{"mean":{"confidence_interval":{"confidence_level":0.95,"lower_bound":19113.47531517136,"upper_bound":21978.270173580564},"point_estimate":20313.67188829421,"standard_error":746.4673255447685},"median":{"confidence_interval":{"confidence_level":0.95,"lower_bound":18254.516868365616,"upper_bound":18659.85192074592},"point_estimate":18487.48865702479,"standard_error":102.94429491783497},"median_abs_dev":{"confidence_interval":{"confidence_level":0.95,"lower_bound":536.5657813268961,"upper_bound":1051.5419464807926},"point_estimate":781.6072112294216,"standard_error":146.41553608228463},"slope":{"confidence_interval":{"confidence_level":0.95,"lower_bound":18026.45288122466,"upper_bound":18187.860808693975},"point_estimate":18099.807743944544,"standard_error":41.19066723376597},"std_dev":{"confidence_interval":{"confidence_level":0.95,"lower_bound":2357.8633395069423,"upper_bound":11840.354677650126},"point_estimate":7500.338903522341,"standard_error":2664.2169864207312}}