{"mean":{"confidence_interval":{"confidence_level":0.95,"lower_bound":28023.244033643183,"upper_bound":31018.307640192194},"point_estimate":29282.27083202805,"standard_error":777.4211091844843},"median":{"confidence_interval":{"confidence_level":0.95,"lower_bound":27253.690615835778,"upper_bound":27480.70277915633},"point_estimate":27396.47807176513,"standard_error":55.1061361686744},"median_abs_dev":{"confidence_interval":{"confidence_level":0.95,"lower_bound":372.0026610473364,"upper_bound":642.7221551428617},"point_estimate":494.82141205556917,"standard_error":63.7488035599538},"slope":{"confidence_interval":{"confidence_level":0.95,"lower_bound":27345.92625677512,"upper_bound":27479.718671036306},"point_estimate":27415.117630817487,"standard_error":34.02218962175682},"std_dev":{"confidence_interval":{"confidence_level":0.95,"lower_bound":2433.004806515223,"upper_bound":12350.330697325779},"point_estimate":7809.196553106274,"standard_error":2777.5506549642837}}