{"mean":{"confidence_interval":{"confidence_level":0.95,"lower_bound":27457.16356180136,"upper_bound":29965.76481282473},"point_estimate":28515.622147655726,"standard_error":651.3484772835542},"median":{"confidence_interval":{"confidence_level":0.95,"lower_bound":27027.574195563888,"upper_bound":27431.41496313303},"point_estimate":27248.318814366758,"standard_error":101.33287870325006},"median_abs_dev":{"confidence_interval":{"confidence_level":0.95,"lower_bound":829.3332096951942,"upper_bound":1341.16796990631},"point_estimate":1061.3202574976094,"standard_error":132.29438989863692},"slope":{"confidence_interval":{"confidence_level":0.95,"lower_bound":27060.811145667867,"upper_bound":27441.386916242056},"point_estimate":27255.70995186086,"standard_error":97.27844921546607},"std_dev":{"confidence_interval":{"confidence_level":0.95,"lower_bound":2188.149648321525,"upper_bound":10222.03708528479},"point_estimate":6519.018896648702,"standard_error":2217.3658721363963}}