{"mean":{"confidence_interval":{"confidence_level":0.95,"lower_bound":26177.270999760975,"upper_bound":28605.769658668876},"point_estimate":27186.37901327306,"standard_error":631.3631782677971},"median":{"confidence_interval":{"confidence_level":0.95,"lower_bound":25578.340596125185,"upper_bound":25764.556626506022},"point_estimate":25676.577662676013,"standard_error":47.945740840441644},"median_abs_dev":{"confidence_interval":{"confidence_level":0.95,"lower_bound":256.7778728579444,"upper_bound":539.4987154219829},"point_estimate":357.07437008923176,"standard_error":74.1733463532546},"slope":{"confidence_interval":{"confidence_level":0.95,"lower_bound":25675.426276210696,"upper_bound":25803.813391294832},"point_estimate":25740.072247165866,"standard_error":32.745907731905916},"std_dev":{"confidence_interval":{"confidence_level":0.95,"lower_bound":1942.383376429058,"upper_bound":10061.574909297393},"point_estimate":6332.55623195507,"standard_error":2277.2392006477153}}