{"mean":{"confidence_interval":{"confidence_level":0.95,"lower_bound":18019.727823697693,"upper_bound":19144.107541281104},"point_estimate":18501.79986047789,"standard_error":290.1795868551119},"median":{"confidence_interval":{"confidence_level":0.95,"lower_bound":17586.445880325817,"upper_bound":17851.257722007722},"point_estimate":17735.531081853645,"standard_error":62.61835072842614},"median_abs_dev":{"confidence_interval":{"confidence_level":0.95,"lower_bound":479.9204550908222,"upper_bound":832.0239100857673},"point_estimate":688.121102054723,"standard_error":89.52501072082053},"slope":{"confidence_interval":{"confidence_level":0.95,"lower_bound":17369.081774719856,"upper_bound":17485.147698773675},"point_estimate":17421.329823038275,"standard_error":29.68542368145535},"std_dev":{"confidence_interval":{"confidence_level":0.95,"lower_bound":1164.8249845157873,"upper_bound":4493.367517940149},"point_estimate":2914.552006511213,"standard_error":907.8830241661401}}