{"mean":{"confidence_interval":{"confidence_level":0.95,"lower_bound":20050.05901337997,"upper_bound":21519.02467173972},"point_estimate":20690.649754062026,"standard_error":378.70427859826856},"median":{"confidence_interval":{"confidence_level":0.95,"lower_bound":19372.222555668017,"upper_bound":19936.88637932357},"point_estimate":19602.652196455507,"standard_error":169.36946328806786},"median_abs_dev":{"confidence_interval":{"confidence_level":0.95,"lower_bound":708.7235965657793,"upper_bound":1338.3751813796239},"point_estimate":980.1303313397291,"standard_error":168.1257750415239},"slope":{"confidence_interval":{"confidence_level":0.95,"lower_bound":19112.189615671414,"upper_bound":19335.851076967094},"point_estimate":19219.92459708313,"standard_error":56.9342792215036},"std_dev":{"confidence_interval":{"confidence_level":0.95,"lower_bound":1712.0329589318537,"upper_bound":5764.8091874147185},"point_estimate":3815.696360867088,"standard_error":1110.6648650742054}}