{"mean":{"confidence_interval":{"confidence_level":0.95,"lower_bound":17340.10967935255,"upper_bound":18469.09296609451},"point_estimate":17832.61925296119,"standard_error":291.1010810734312},"median":{"confidence_interval":{"confidence_level":0.95,"lower_bound":16889.91713390274,"upper_bound":17107.18692728037},"point_estimate":16955.546817590424,"standard_error":57.21463824410279},"median_abs_dev":{"confidence_interval":{"confidence_level":0.95,"lower_bound":423.4046705376349,"upper_bound":859.6646882493641},"point_estimate":638.8608266964437,"standard_error":111.92355201416791},"slope":{"confidence_interval":{"confidence_level":0.95,"lower_bound":16631.34697621336,"upper_bound":16770.702771450546},"point_estimate":16694.605852267636,"standard_error":35.666842340685605},"std_dev":{"confidence_interval":{"confidence_level":0.95,"lower_bound":1212.7300979397276,"upper_bound":4476.404814426893},"point_estimate":2929.7242420255716,"standard_error":896.339533272071}}