{"mean":{"confidence_interval":{"confidence_level":0.95,"lower_bound":32231.60361437669,"upper_bound":36564.96895217386},"point_estimate":34061.2544275438,"standard_error":1125.0884865853732},"median":{"confidence_interval":{"confidence_level":0.95,"lower_bound":30925.3211138378,"upper_bound":31454.121778828325},"point_estimate":31150.64337724693,"standard_error":127.96192675582125},"median_abs_dev":{"confidence_interval":{"confidence_level":0.95,"lower_bound":808.0354118953175,"upper_bound":1546.694702634723},"point_estimate":1129.9368632739456,"standard_error":184.30702893582418},"slope":{"confidence_interval":{"confidence_level":0.95,"lower_bound":30687.24688338413,"upper_bound":31053.041666383728},"point_estimate":30859.705299552086,"standard_error":92.9022285629245},"std_dev":{"confidence_interval":{"confidence_level":0.95,"lower_bound":3817.8909805520166,"upper_bound":17818.503690302652},"point_estimate":11369.358843607088,"standard_error":3935.9235312372602}}