{"mean":{"confidence_interval":{"confidence_level":0.95,"lower_bound":18540.39657675926,"upper_bound":20271.019446638835},"point_estimate":19350.52306865912,"standard_error":440.5625144018114},"median":{"confidence_interval":{"confidence_level":0.95,"lower_bound":17028.661541721067,"upper_bound":20143.859696259457},"point_estimate":18591.58135802469,"standard_error":938.1788706498808},"median_abs_dev":{"confidence_interval":{"confidence_level":0.95,"lower_bound":2520.7853143577727,"upper_bound":4645.474059178428},"point_estimate":4220.986990083667,"standard_error":564.0781730968597},"slope":{"confidence_interval":{"confidence_level":0.95,"lower_bound":16530.479255942988,"upper_bound":17292.38334802186},"point_estimate":16883.834116874375,"standard_error":194.03459717620274},"std_dev":{"confidence_interval":{"confidence_level":0.95,"lower_bound":3079.891162390241,"upper_bound":5950.620435762579},"point_estimate":4432.404249067958,"standard_error":780.9170219492555}}