{"mean":{"confidence_interval":{"confidence_level":0.95,"lower_bound":19311.49438085036,"upper_bound":21307.02079434555},"point_estimate":20199.705263904758,"standard_error":513.9473319901878},"median":{"confidence_interval":{"confidence_level":0.95,"lower_bound":18552.342228739002,"upper_bound":19298.835469448582},"point_estimate":18874.641406603347,"standard_error":175.79564687086574},"median_abs_dev":{"confidence_interval":{"confidence_level":0.95,"lower_bound":1204.682174814866,"upper_bound":2298.3720756488874},"point_estimate":1693.5890754479353,"standard_error":285.0333708324228},"slope":{"confidence_interval":{"confidence_level":0.95,"lower_bound":17869.923048715555,"upper_bound":18388.66351097706},"point_estimate":18116.10818383331,"standard_error":132.39231478929636},"std_dev":{"confidence_interval":{"confidence_level":0.95,"lower_bound":2237.808334595418,"upper_bound":7549.065038563229},"point_estimate":5187.916512708019,"standard_error":1365.845062681983}}