{"mean":{"confidence_interval":{"confidence_level":0.95,"lower_bound":26562.45603017155,"upper_bound":29116.727135873232},"point_estimate":27626.237497600876,"standard_error":661.404794122158},"median":{"confidence_interval":{"confidence_level":0.95,"lower_bound":25927.684981684983,"upper_bound":26106.030131767777},"point_estimate":26022.72455782313,"standard_error":38.635431231086784},"median_abs_dev":{"confidence_interval":{"confidence_level":0.95,"lower_bound":261.76810334226707,"upper_bound":464.5666753187537},"point_estimate":343.98007297976005,"standard_error":52.426745335947366},"slope":{"confidence_interval":{"confidence_level":0.95,"lower_bound":25998.7114410971,"upper_bound":26098.148618828847},"point_estimate":26050.16812649623,"standard_error":25.40920842354375},"std_dev":{"confidence_interval":{"confidence_level":0.95,"lower_bound":2038.8265747006974,"upper_bound":10527.993348256334},"point_estimate":6637.001201108356,"standard_error":2377.1079289253935}}