{"mean":{"confidence_interval":{"confidence_level":0.95,"lower_bound":14917.33303631175,"upper_bound":15723.06101594593},"point_estimate":15272.649303098307,"standard_error":207.18757932048194},"median":{"confidence_interval":{"confidence_level":0.95,"lower_bound":14471.697246829393,"upper_bound":14787.914298886608},"point_estimate":14601.959685650132,"standard_error":82.88640807834383},"median_abs_dev":{"confidence_interval":{"confidence_level":0.95,"lower_bound":323.3613225413562,"upper_bound":769.0773216952864},"point_estimate":520.3812930287771,"standard_error":113.30784676845059},"slope":{"confidence_interval":{"confidence_level":0.95,"lower_bound":14347.56102017832,"upper_bound":14459.96544929083},"point_estimate":14400.249309303434,"standard_error":28.673563151607603},"std_dev":{"confidence_interval":{"confidence_level":0.95,"lower_bound":962.2256558590249,"upper_bound":3102.527021556722},"point_estimate":2078.4655934167145,"standard_error":582.5143666977694}}