{"mean":{"confidence_interval":{"confidence_level":0.95,"lower_bound":166565351.19,"upper_bound":167163803.65725002},"point_estimate":166857798.9,"standard_error":152832.7064489781},"median":{"confidence_interval":{"confidence_level":0.95,"lower_bound":166276570.0,"upper_bound":167143085.5},"point_estimate":166653206.5,"standard_error":191682.76222294572},"median_abs_dev":{"confidence_interval":{"confidence_level":0.95,"lower_bound":1016161.4198595285,"upper_bound":1657798.8125681877},"point_estimate":1287052.4501502514,"standard_error":169872.31674086888},"slope":null,"std_dev":{"confidence_interval":{"confidence_level":0.95,"lower_bound":1247553.9523534484,"upper_bound":1831342.0883484944},"point_estimate":1534492.8172122175,"standard_error":151074.00560591414}}