{"mean":{"confidence_interval":{"confidence_level":0.95,"lower_bound":174630566.56125,"upper_bound":174994204.162},"point_estimate":174813689.93,"standard_error":92829.12450903917},"median":{"confidence_interval":{"confidence_level":0.95,"lower_bound":174652111.0,"upper_bound":175079071.0},"point_estimate":174859001.0,"standard_error":120701.30233583959},"median_abs_dev":{"confidence_interval":{"confidence_level":0.95,"lower_bound":743976.0797917843,"upper_bound":1225593.492141366},"point_estimate":983009.7431480885,"standard_error":127104.94077223081},"slope":null,"std_dev":{"confidence_interval":{"confidence_level":0.95,"lower_bound":814629.6159561427,"upper_bound":1041469.5516338345},"point_estimate":933228.6763631356,"standard_error":58002.90398483553}}