{"mean":{"confidence_interval":{"confidence_level":0.95,"lower_bound":171512541.5175,"upper_bound":173580039.04425},"point_estimate":172520979.96,"standard_error":526994.7465622595},"median":{"confidence_interval":{"confidence_level":0.95,"lower_bound":170319323.0,"upper_bound":172649584.0},"point_estimate":171263303.5,"standard_error":639480.5395256509},"median_abs_dev":{"confidence_interval":{"confidence_level":0.95,"lower_bound":3606276.1759757996,"upper_bound":5861954.18432951},"point_estimate":4891103.984865546,"standard_error":560592.008128426},"slope":null,"std_dev":{"confidence_interval":{"confidence_level":0.95,"lower_bound":4404682.162576227,"upper_bound":6046796.592471534},"point_estimate":5280538.917779224,"standard_error":419519.8311323181}}