{"mean":{"confidence_interval":{"confidence_level":0.95,"lower_bound":217043928.73025,"upper_bound":217710359.03175},"point_estimate":217377929.68,"standard_error":169504.43298256196},"median":{"confidence_interval":{"confidence_level":0.95,"lower_bound":216986246.0,"upper_bound":217775255.5},"point_estimate":217447587.5,"standard_error":211913.2369441802},"median_abs_dev":{"confidence_interval":{"confidence_level":0.95,"lower_bound":1536787.5201165676,"upper_bound":2402802.3341417313},"point_estimate":2158159.995085001,"standard_error":215560.4309165976},"slope":null,"std_dev":{"confidence_interval":{"confidence_level":0.95,"lower_bound":1499426.5857266753,"upper_bound":1891793.440578894},"point_estimate":1706160.0191612572,"standard_error":100369.25645422589}}