{"mean":{"confidence_interval":{"confidence_level":0.95,"lower_bound":174607060.11525,"upper_bound":174789083.9025},"point_estimate":174697014.99,"standard_error":46449.91855109559},"median":{"confidence_interval":{"confidence_level":0.95,"lower_bound":174518580.5,"upper_bound":174780260.0},"point_estimate":174618332.0,"standard_error":63924.381568939956},"median_abs_dev":{"confidence_interval":{"confidence_level":0.95,"lower_bound":360602.4133980274,"upper_bound":568690.5273362242},"point_estimate":458311.68206334114,"standard_error":52615.59923104272},"slope":null,"std_dev":{"confidence_interval":{"confidence_level":0.95,"lower_bound":397459.58951852424,"upper_bound":528823.3415283285},"point_estimate":465527.9650917381,"standard_error":33539.4187686158}}