{"mean":{"confidence_interval":{"confidence_level":0.95,"lower_bound":181456037.8725,"upper_bound":182031444.078},"point_estimate":181735204.89,"standard_error":147066.0580127709},"median":{"confidence_interval":{"confidence_level":0.95,"lower_bound":181255230.5,"upper_bound":181764992.5},"point_estimate":181526986.0,"standard_error":128318.09107512784},"median_abs_dev":{"confidence_interval":{"confidence_level":0.95,"lower_bound":798781.1291188002,"upper_bound":1471315.9052789211},"point_estimate":1093479.7497868538,"standard_error":175798.70141786736},"slope":null,"std_dev":{"confidence_interval":{"confidence_level":0.95,"lower_bound":1178973.4726558255,"upper_bound":1746557.719610566},"point_estimate":1480422.665954059,"standard_error":144744.48454413336}}