{"mean":{"confidence_interval":{"confidence_level":0.95,"lower_bound":189991708.65325,"upper_bound":190442443.39650002},"point_estimate":190218319.35,"standard_error":114646.7479264003},"median":{"confidence_interval":{"confidence_level":0.95,"lower_bound":189925433.0,"upper_bound":190586189.5},"point_estimate":190100912.0,"standard_error":170207.3843906022},"median_abs_dev":{"confidence_interval":{"confidence_level":0.95,"lower_bound":940352.9882778975,"upper_bound":1509933.9280933142},"point_estimate":1265414.6448343992,"standard_error":148348.5778477417},"slope":null,"std_dev":{"confidence_interval":{"confidence_level":0.95,"lower_bound":991138.1567631377,"upper_bound":1294774.5238978353},"point_estimate":1148528.8619115967,"standard_error":77555.61739723729}}