{"mean":{"confidence_interval":{"confidence_level":0.95,"lower_bound":201641829.30600002,"upper_bound":202178927.3675},"point_estimate":201910097.83,"standard_error":136935.18260798935},"median":{"confidence_interval":{"confidence_level":0.95,"lower_bound":201256997.0,"upper_bound":202111209.0},"point_estimate":201673641.5,"standard_error":218513.42514744602},"median_abs_dev":{"confidence_interval":{"confidence_level":0.95,"lower_bound":1111372.5075691938,"upper_bound":1960549.785810782},"point_estimate":1501283.6985468864,"standard_error":231044.50190713472},"slope":null,"std_dev":{"confidence_interval":{"confidence_level":0.95,"lower_bound":1227769.9469298976,"upper_bound":1513206.6009053064},"point_estimate":1379831.650624844,"standard_error":72945.94809779126}}