{"mean":{"confidence_interval":{"confidence_level":0.95,"lower_bound":171908126.944,"upper_bound":175615393.975},"point_estimate":173716235.26,"standard_error":945309.2802187831},"median":{"confidence_interval":{"confidence_level":0.95,"lower_bound":169265960.0,"upper_bound":172694374.5},"point_estimate":171189950.5,"standard_error":862990.8339417123},"median_abs_dev":{"confidence_interval":{"confidence_level":0.95,"lower_bound":5588730.282980204,"upper_bound":9296921.122446656},"point_estimate":7513133.188015223,"standard_error":919415.9681757742},"slope":null,"std_dev":{"confidence_interval":{"confidence_level":0.95,"lower_bound":7975341.9074871,"upper_bound":10827972.458333535},"point_estimate":9554105.600599905,"standard_error":728217.7036963952}}