{"mean":{"confidence_interval":{"confidence_level":0.95,"lower_bound":222266696.50925002,"upper_bound":227008474.5705},"point_estimate":224551076.91,"standard_error":1208433.6285019985},"median":{"confidence_interval":{"confidence_level":0.95,"lower_bound":219874251.0,"upper_bound":224506268.0},"point_estimate":222319694.0,"standard_error":1009492.1818705159},"median_abs_dev":{"confidence_interval":{"confidence_level":0.95,"lower_bound":6725571.634197235,"upper_bound":11291975.846627355},"point_estimate":8819138.454928994,"standard_error":1145707.6093227828},"slope":null,"std_dev":{"confidence_interval":{"confidence_level":0.95,"lower_bound":9395710.361193614,"upper_bound":14791256.19442981},"point_estimate":12198245.446673175,"standard_error":1385738.2722265741}}