{"mean":{"confidence_interval":{"confidence_level":0.95,"lower_bound":247123778.13375002,"upper_bound":248417592.09649998},"point_estimate":247751032.35,"standard_error":330639.766953222},"median":{"confidence_interval":{"confidence_level":0.95,"lower_bound":246286035.0,"upper_bound":247680440.0},"point_estimate":246825825.0,"standard_error":412742.45899705304},"median_abs_dev":{"confidence_interval":{"confidence_level":0.95,"lower_bound":2026007.3715461802,"upper_bound":3753317.4761652946},"point_estimate":2770904.479506612,"standard_error":450388.9289488682},"slope":null,"std_dev":{"confidence_interval":{"confidence_level":0.95,"lower_bound":2740769.646549552,"upper_bound":3797221.5798519417},"point_estimate":3306346.258971448,"standard_error":270910.237564937}}