{"mean":{"confidence_interval":{"confidence_level":0.95,"lower_bound":51522267.036,"upper_bound":53807098.26},"point_estimate":52639457.91,"standard_error":584944.9792850405},"median":{"confidence_interval":{"confidence_level":0.95,"lower_bound":50216710.0,"upper_bound":52259659.0},"point_estimate":51453312.0,"standard_error":512599.2798057157},"median_abs_dev":{"confidence_interval":{"confidence_level":0.95,"lower_bound":3594117.3735916615,"upper_bound":6377405.417638421},"point_estimate":5020824.069562554,"standard_error":729975.1213466004},"slope":null,"std_dev":{"confidence_interval":{"confidence_level":0.95,"lower_bound":4818416.8507149005,"upper_bound":6835929.944298906},"point_estimate":5878494.474715881,"standard_error":517054.9421467081}}