{"mean":{"confidence_interval":{"confidence_level":0.95,"lower_bound":62772668.89625,"upper_bound":64131670.47},"point_estimate":63417699.2,"standard_error":348419.87067137763},"median":{"confidence_interval":{"confidence_level":0.95,"lower_bound":61981184.0,"upper_bound":63395514.0},"point_estimate":62629239.5,"standard_error":363908.29965469096},"median_abs_dev":{"confidence_interval":{"confidence_level":0.95,"lower_bound":2014748.099631071,"upper_bound":3205040.88639915},"point_estimate":2712627.9223412275,"standard_error":303120.28853126965},"slope":null,"std_dev":{"confidence_interval":{"confidence_level":0.95,"lower_bound":2542618.338769906,"upper_bound":4376810.749346501},"point_estimate":3499066.054755451,"standard_error":472659.4313606342}}