{"mean":{"confidence_interval":{"confidence_level":0.95,"lower_bound":50574083.445,"upper_bound":50992335.287},"point_estimate":50786438.01,"standard_error":106758.90894003517},"median":{"confidence_interval":{"confidence_level":0.95,"lower_bound":50644154.0,"upper_bound":51237092.0},"point_estimate":50927322.5,"standard_error":144710.44771381348},"median_abs_dev":{"confidence_interval":{"confidence_level":0.95,"lower_bound":903855.9544533491,"upper_bound":1504274.843993783},"point_estimate":1198393.7130242586,"standard_error":160073.12631488146},"slope":null,"std_dev":{"confidence_interval":{"confidence_level":0.95,"lower_bound":932521.2723787054,"upper_bound":1195109.2469015196},"point_estimate":1071795.278957604,"standard_error":67200.41422542126}}