{"mean":{"confidence_interval":{"confidence_level":0.95,"lower_bound":50783855.78875,"upper_bound":51087597.5925},"point_estimate":50941138.45,"standard_error":77380.8971005256},"median":{"confidence_interval":{"confidence_level":0.95,"lower_bound":50929735.0,"upper_bound":51321777.0},"point_estimate":51123380.0,"standard_error":93449.37824158359},"median_abs_dev":{"confidence_interval":{"confidence_level":0.95,"lower_bound":454116.146527827,"upper_bound":837526.0439584401},"point_estimate":641713.7466073036,"standard_error":92856.9849067788},"slope":null,"std_dev":{"confidence_interval":{"confidence_level":0.95,"lower_bound":622807.0601694146,"upper_bound":924240.3005693558},"point_estimate":777696.4728679047,"standard_error":77069.12399336346}}