{"mean":{"confidence_interval":{"confidence_level":0.95,"lower_bound":37633222.20675,"upper_bound":37769453.37375},"point_estimate":37701111.09,"standard_error":34709.08255167016},"median":{"confidence_interval":{"confidence_level":0.95,"lower_bound":37562111.5,"upper_bound":37822020.0},"point_estimate":37645616.0,"standard_error":63789.852042842576},"median_abs_dev":{"confidence_interval":{"confidence_level":0.95,"lower_bound":309201.4136105776,"upper_bound":445388.5993927717},"point_estimate":398687.441521883,"standard_error":34119.04609791114},"slope":null,"std_dev":{"confidence_interval":{"confidence_level":0.95,"lower_bound":305686.4988428001,"upper_bound":387927.3705614165},"point_estimate":349581.44548166794,"standard_error":21087.17032570168}}