{"mean":{"confidence_interval":{"confidence_level":0.95,"lower_bound":52546738.13625,"upper_bound":52917671.53},"point_estimate":52730439.4,"standard_error":94405.64011927394},"median":{"confidence_interval":{"confidence_level":0.95,"lower_bound":52483710.0,"upper_bound":52895538.0},"point_estimate":52609483.0,"standard_error":104226.97208075838},"median_abs_dev":{"confidence_interval":{"confidence_level":0.95,"lower_bound":659693.2364881039,"upper_bound":1075879.0641993284},"point_estimate":941837.2005790472,"standard_error":108847.94322547076},"slope":null,"std_dev":{"confidence_interval":{"confidence_level":0.95,"lower_bound":804511.4336733903,"upper_bound":1072592.0721136718},"point_estimate":946580.4046961183,"standard_error":68603.97109802808}}