{"mean":{"confidence_interval":{"confidence_level":0.95,"lower_bound":42868542.47625,"upper_bound":42961393.403},"point_estimate":42915517.86,"standard_error":23776.81405988941},"median":{"confidence_interval":{"confidence_level":0.95,"lower_bound":42910073.0,"upper_bound":43001663.0},"point_estimate":42959761.5,"standard_error":22613.808630399497},"median_abs_dev":{"confidence_interval":{"confidence_level":0.95,"lower_bound":153386.82807683945,"upper_bound":279104.5600149032},"point_estimate":224607.9656124115,"standard_error":31787.501040337796},"slope":null,"std_dev":{"confidence_interval":{"confidence_level":0.95,"lower_bound":203237.5947505115,"upper_bound":272527.71724320744},"point_estimate":239483.4128769513,"standard_error":17655.61333063559}}