{"mean":{"confidence_interval":{"confidence_level":0.95,"lower_bound":56666326.69925,"upper_bound":57526983.893},"point_estimate":57096927.95,"standard_error":219730.39017798533},"median":{"confidence_interval":{"confidence_level":0.95,"lower_bound":56383016.0,"upper_bound":57629266.0},"point_estimate":57084410.0,"standard_error":353695.3676162235},"median_abs_dev":{"confidence_interval":{"confidence_level":0.95,"lower_bound":1634668.770378828,"upper_bound":2672329.37245667},"point_estimate":2173034.1793209314,"standard_error":267680.68754596147},"slope":null,"std_dev":{"confidence_interval":{"confidence_level":0.95,"lower_bound":1888237.783832371,"upper_bound":2473552.4079485377},"point_estimate":2196363.943168268,"standard_error":149555.74268020966}}