{"mean":{"confidence_interval":{"confidence_level":0.95,"lower_bound":44242284.0145,"upper_bound":45870548.59725},"point_estimate":45045098.08,"standard_error":415752.82700172113},"median":{"confidence_interval":{"confidence_level":0.95,"lower_bound":43146505.0,"upper_bound":45792162.0},"point_estimate":44464753.5,"standard_error":712000.561492794},"median_abs_dev":{"confidence_interval":{"confidence_level":0.95,"lower_bound":3575893.2547152042,"upper_bound":5864279.21614073},"point_estimate":4877883.640900254,"standard_error":590790.0444876609},"slope":null,"std_dev":{"confidence_interval":{"confidence_level":0.95,"lower_bound":3707594.751786836,"upper_bound":4608612.298229714},"point_estimate":4188834.020804142,"standard_error":229917.97038766032}}