{"mean":{"confidence_interval":{"confidence_level":0.95,"lower_bound":50308290.54625,"upper_bound":51585912.6405},"point_estimate":50938758.66,"standard_error":325883.38868377777},"median":{"confidence_interval":{"confidence_level":0.95,"lower_bound":49853655.0,"upper_bound":51089480.0},"point_estimate":50746078.0,"standard_error":289286.87789636827},"median_abs_dev":{"confidence_interval":{"confidence_level":0.95,"lower_bound":1888730.0670683384,"upper_bound":3458084.37820673},"point_estimate":2860067.3006236553,"standard_error":438921.6306741634},"slope":null,"std_dev":{"confidence_interval":{"confidence_level":0.95,"lower_bound":2731533.6537371883,"upper_bound":3743822.2232472636},"point_estimate":3264174.124961811,"standard_error":258221.13679062985}}