{"mean":{"confidence_interval":{"confidence_level":0.95,"lower_bound":52055097.97475,"upper_bound":52434067.518},"point_estimate":52246814.33,"standard_error":96236.18598046785},"median":{"confidence_interval":{"confidence_level":0.95,"lower_bound":52068780.0,"upper_bound":52622292.0},"point_estimate":52360186.5,"standard_error":128426.95525279648},"median_abs_dev":{"confidence_interval":{"confidence_level":0.95,"lower_bound":771191.4262086153,"upper_bound":1162459.9374622107},"point_estimate":970902.0904630423,"standard_error":97770.12484363046},"slope":null,"std_dev":{"confidence_interval":{"confidence_level":0.95,"lower_bound":816730.589983485,"upper_bound":1098771.8368755844},"point_estimate":965847.7489846043,"standard_error":71838.64149357205}}