{"mean":{"confidence_interval":{"confidence_level":0.95,"lower_bound":120716319.67300001,"upper_bound":122955993.83925},"point_estimate":121827331.73,"standard_error":570462.8162747114},"median":{"confidence_interval":{"confidence_level":0.95,"lower_bound":119774383.0,"upper_bound":122921742.0},"point_estimate":121746707.5,"standard_error":751004.7773863251},"median_abs_dev":{"confidence_interval":{"confidence_level":0.95,"lower_bound":4072508.1294885282,"upper_bound":6851350.486319213},"point_estimate":5570939.824596047,"standard_error":696974.2587995037},"slope":null,"std_dev":{"confidence_interval":{"confidence_level":0.95,"lower_bound":4845751.412139428,"upper_bound":6481293.989438101},"point_estimate":5714505.565498939,"standard_error":416839.57244433474}}