{"mean":{"confidence_interval":{"confidence_level":0.95,"lower_bound":106704390.12175,"upper_bound":107260223.89675},"point_estimate":106985985.12,"standard_error":142711.1253559166},"median":{"confidence_interval":{"confidence_level":0.95,"lower_bound":106719289.5,"upper_bound":107173250.5},"point_estimate":106895399.0,"standard_error":115416.73594729515},"median_abs_dev":{"confidence_interval":{"confidence_level":0.95,"lower_bound":1095645.8283483982,"upper_bound":2066446.3607132435},"point_estimate":1744773.3161240816,"standard_error":257971.4394064457},"slope":null,"std_dev":{"confidence_interval":{"confidence_level":0.95,"lower_bound":1267209.4075341588,"upper_bound":1583992.5934815216},"point_estimate":1437000.3862241895,"standard_error":80607.03111227984}}