{"mean":{"confidence_interval":{"confidence_level":0.95,"lower_bound":108667393.69275,"upper_bound":109096828.389},"point_estimate":108880115.51,"standard_error":109663.04172288734},"median":{"confidence_interval":{"confidence_level":0.95,"lower_bound":108528611.0,"upper_bound":109157168.0},"point_estimate":108943198.5,"standard_error":169363.27606614763},"median_abs_dev":{"confidence_interval":{"confidence_level":0.95,"lower_bound":811130.445599556,"upper_bound":1372641.4640307426},"point_estimate":1085808.036223054,"standard_error":140945.3642097381},"slope":null,"std_dev":{"confidence_interval":{"confidence_level":0.95,"lower_bound":953043.2879370812,"upper_bound":1249020.8731747468},"point_estimate":1108225.6055907935,"standard_error":75688.91327309038}}