{"mean":{"confidence_interval":{"confidence_level":0.95,"lower_bound":39634192.4455,"upper_bound":39745695.039500006},"point_estimate":39688674.19,"standard_error":28405.30194379228},"median":{"confidence_interval":{"confidence_level":0.95,"lower_bound":39608367.0,"upper_bound":39727568.0},"point_estimate":39671868.0,"standard_error":29381.69392418952},"median_abs_dev":{"confidence_interval":{"confidence_level":0.95,"lower_bound":203488.32898736,"upper_bound":312091.00095927715},"point_estimate":267315.74045419693,"standard_error":27007.271668204747},"slope":null,"std_dev":{"confidence_interval":{"confidence_level":0.95,"lower_bound":235449.84771386892,"upper_bound":330176.6063842485},"point_estimate":285730.4466178186,"standard_error":24156.099661731565}}