{"mean":{"confidence_interval":{"confidence_level":0.95,"lower_bound":1690641.7904613127,"upper_bound":1697107.129194747},"point_estimate":1693460.2146160465,"standard_error":1661.1003240456928},"median":{"confidence_interval":{"confidence_level":0.95,"lower_bound":1689045.574468085,"upper_bound":1691887.2463768115},"point_estimate":1690215.438172043,"standard_error":664.7123437637229},"median_abs_dev":{"confidence_interval":{"confidence_level":0.95,"lower_bound":5029.097954477948,"upper_bound":7782.100781473797},"point_estimate":6632.383594320746,"standard_error":710.3186803759551},"slope":{"confidence_interval":{"confidence_level":0.95,"lower_bound":1687546.8725806118,"upper_bound":1690450.806604293},"point_estimate":1688943.503936752,"standard_error":741.7664940492889},"std_dev":{"confidence_interval":{"confidence_level":0.95,"lower_bound":7482.303101149753,"upper_bound":25219.611582292884},"point_estimate":16606.145084779106,"standard_error":4963.529140184003}}