{"mean":{"confidence_interval":{"confidence_level":0.95,"lower_bound":1837138.887450001,"upper_bound":1850900.1321599998},"point_estimate":1844080.9768000003,"standard_error":3506.1118970956168},"median":{"confidence_interval":{"confidence_level":0.95,"lower_bound":1836564.88,"upper_bound":1859306.72},"point_estimate":1846939.56,"standard_error":6265.343754450836},"median_abs_dev":{"confidence_interval":{"confidence_level":0.95,"lower_bound":28770.149009227684,"upper_bound":46306.2525418997},"point_estimate":34045.803103566104,"standard_error":4437.140517875967},"slope":null,"std_dev":{"confidence_interval":{"confidence_level":0.95,"lower_bound":30579.066422348445,"upper_bound":39537.36076846534},"point_estimate":35251.44479078564,"standard_error":2281.0687949204935}}