{"mean":{"confidence_interval":{"confidence_level":0.95,"lower_bound":1536155.909938414,"upper_bound":1542337.209919991},"point_estimate":1538771.5799303951,"standard_error":1600.4966647028307},"median":{"confidence_interval":{"confidence_level":0.95,"lower_bound":1534072.0625,"upper_bound":1536380.2333333334},"point_estimate":1535394.6832306113,"standard_error":620.5822871143839},"median_abs_dev":{"confidence_interval":{"confidence_level":0.95,"lower_bound":3603.0700551058408,"upper_bound":6633.10164374456},"point_estimate":4918.3632533065975,"standard_error":718.2196236397768},"slope":{"confidence_interval":{"confidence_level":0.95,"lower_bound":1533869.7975737709,"upper_bound":1536415.3077636694},"point_estimate":1535044.3184483524,"standard_error":653.6908196634681},"std_dev":{"confidence_interval":{"confidence_level":0.95,"lower_bound":6479.557956245401,"upper_bound":25152.010541023163},"point_estimate":16095.56825246604,"standard_error":5523.14791031311}}