{"mean":{"confidence_interval":{"confidence_level":0.95,"lower_bound":1574498.6151597316,"upper_bound":1584841.331037991},"point_estimate":1578849.3957484027,"standard_error":2677.991812754276},"median":{"confidence_interval":{"confidence_level":0.95,"lower_bound":1570826.6557377048,"upper_bound":1573516.4310344828},"point_estimate":1571523.9335664334,"standard_error":632.5285950717586},"median_abs_dev":{"confidence_interval":{"confidence_level":0.95,"lower_bound":3293.2560522910135,"upper_bound":7068.84453329023},"point_estimate":4523.433635553524,"standard_error":952.2553018197214},"slope":{"confidence_interval":{"confidence_level":0.95,"lower_bound":1569113.3425007258,"upper_bound":1570540.5575226382},"point_estimate":1569792.148996601,"standard_error":364.8054640920299},"std_dev":{"confidence_interval":{"confidence_level":0.95,"lower_bound":9463.55590005847,"upper_bound":42286.26548496651},"point_estimate":26848.206147221066,"standard_error":9328.866278047186}}