{"mean":{"confidence_interval":{"confidence_level":0.95,"lower_bound":1603578.810991412,"upper_bound":1634677.4969233074},"point_estimate":1618695.6621149832,"standard_error":7934.155825153474},"median":{"confidence_interval":{"confidence_level":0.95,"lower_bound":1590495.8091880344,"upper_bound":1621123.6423444976},"point_estimate":1608805.2335164836,"standard_error":7975.328162101925},"median_abs_dev":{"confidence_interval":{"confidence_level":0.95,"lower_bound":50259.543919019314,"upper_bound":84226.4718002695},"point_estimate":70435.47530068315,"standard_error":8701.027499902923},"slope":{"confidence_interval":{"confidence_level":0.95,"lower_bound":1615270.492275033,"upper_bound":1656989.325646395},"point_estimate":1634676.515294813,"standard_error":10673.599466306778},"std_dev":{"confidence_interval":{"confidence_level":0.95,"lower_bound":63260.3118236267,"upper_bound":94387.56571280333},"point_estimate":79729.44344763175,"standard_error":7962.460718772189}}