{"mean":{"confidence_interval":{"confidence_level":0.95,"lower_bound":2001824.7801199998,"upper_bound":2029557.0482700013},"point_estimate":2014508.3280000004,"standard_error":7050.865469557677},"median":{"confidence_interval":{"confidence_level":0.95,"lower_bound":2000631.8,"upper_bound":2018413.68},"point_estimate":2007376.32,"standard_error":4597.675279909643},"median_abs_dev":{"confidence_interval":{"confidence_level":0.95,"lower_bound":32798.28418171408,"upper_bound":51330.63559269911},"point_estimate":42316.10158073895,"standard_error":4752.807650588687},"slope":null,"std_dev":{"confidence_interval":{"confidence_level":0.95,"lower_bound":42843.83583205954,"upper_bound":100839.07166124435},"point_estimate":70875.25167382868,"standard_error":16457.342490904095}}