{"mean":{"confidence_interval":{"confidence_level":0.95,"lower_bound":1519064.3844047792,"upper_bound":1547759.3213173074},"point_estimate":1533183.0903030252,"standard_error":7305.797548624203},"median":{"confidence_interval":{"confidence_level":0.95,"lower_bound":1499245.6790235082,"upper_bound":1547902.9},"point_estimate":1520243.1280701754,"standard_error":10668.969609312318},"median_abs_dev":{"confidence_interval":{"confidence_level":0.95,"lower_bound":55370.36985468472,"upper_bound":94532.82382114555},"point_estimate":75139.8992730589,"standard_error":9147.936663741179},"slope":{"confidence_interval":{"confidence_level":0.95,"lower_bound":1525934.32432941,"upper_bound":1564202.408461969},"point_estimate":1544251.1995773606,"standard_error":9788.574561153895},"std_dev":{"confidence_interval":{"confidence_level":0.95,"lower_bound":63568.674781042006,"upper_bound":82681.89711725661},"point_estimate":73489.55260265897,"standard_error":4882.317160977149}}