{"mean":{"confidence_interval":{"confidence_level":0.95,"lower_bound":1917011.0713854174,"upper_bound":1953876.418625},"point_estimate":1934593.4566666668,"standard_error":9400.634943254425},"median":{"confidence_interval":{"confidence_level":0.95,"lower_bound":1908008.625,"upper_bound":1938669.2083333333},"point_estimate":1921160.75,"standard_error":7260.821565288462},"median_abs_dev":{"confidence_interval":{"confidence_level":0.95,"lower_bound":48163.27943243086,"upper_bound":91334.24321599334},"point_estimate":61812.52721510822,"standard_error":11120.543282966093},"slope":null,"std_dev":{"confidence_interval":{"confidence_level":0.95,"lower_bound":69495.25826575328,"upper_bound":119214.05282290954},"point_estimate":94404.75486806007,"standard_error":12845.292484160585}}