{"mean":{"confidence_interval":{"confidence_level":0.95,"lower_bound":1547877.8391338454,"upper_bound":1556440.3960705497},"point_estimate":1551803.2741587718,"standard_error":2189.189820773564},"median":{"confidence_interval":{"confidence_level":0.95,"lower_bound":1545307.2115384615,"upper_bound":1553586.5909090908},"point_estimate":1547449.654262295,"standard_error":2244.185590086543},"median_abs_dev":{"confidence_interval":{"confidence_level":0.95,"lower_bound":10764.933627593904,"upper_bound":19325.541052141347},"point_estimate":14908.982507565639,"standard_error":2318.319619886177},"slope":{"confidence_interval":{"confidence_level":0.95,"lower_bound":1538085.919710458,"upper_bound":1543208.1652783582},"point_estimate":1540426.4365509087,"standard_error":1311.969752553109},"std_dev":{"confidence_interval":{"confidence_level":0.95,"lower_bound":13432.900336369501,"upper_bound":31287.082791354274},"point_estimate":22054.931280966965,"standard_error":4998.734267579897}}