{"mean":{"confidence_interval":{"confidence_level":0.95,"lower_bound":1278841.8407413713,"upper_bound":1335055.1747968919},"point_estimate":1304853.6830695579,"standard_error":14465.4611407031},"median":{"confidence_interval":{"confidence_level":0.95,"lower_bound":1267649.5896969698,"upper_bound":1302666.7391304348},"point_estimate":1283060.245,"standard_error":9429.814781683795},"median_abs_dev":{"confidence_interval":{"confidence_level":0.95,"lower_bound":49084.297882206396,"upper_bound":91570.74278224881},"point_estimate":70444.6282703579,"standard_error":10727.95350984116},"slope":{"confidence_interval":{"confidence_level":0.95,"lower_bound":1269835.4673866755,"upper_bound":1313412.5751437172},"point_estimate":1289633.5103177184,"standard_error":11121.597563241694},"std_dev":{"confidence_interval":{"confidence_level":0.95,"lower_bound":87907.04521776843,"upper_bound":199124.42141180433},"point_estimate":145469.4664211902,"standard_error":28769.9618117402}}