{"mean":{"confidence_interval":{"confidence_level":0.95,"lower_bound":632125.9617724302,"upper_bound":655022.4978503574},"point_estimate":643151.7473620477,"standard_error":5851.0478080352905},"median":{"confidence_interval":{"confidence_level":0.95,"lower_bound":624452.0992611139,"upper_bound":649551.5},"point_estimate":630429.0784722222,"standard_error":5988.912277532603},"median_abs_dev":{"confidence_interval":{"confidence_level":0.95,"lower_bound":34720.75847449247,"upper_bound":62321.724193369344},"point_estimate":48886.38979448152,"standard_error":6895.431919004106},"slope":{"confidence_interval":{"confidence_level":0.95,"lower_bound":618158.7906151316,"upper_bound":640219.277088269},"point_estimate":628989.5645618442,"standard_error":5617.000486519052},"std_dev":{"confidence_interval":{"confidence_level":0.95,"lower_bound":45341.50232916211,"upper_bound":72273.14302639847},"point_estimate":58537.0777228229,"standard_error":6960.6099570302185}}