{"mean":{"confidence_interval":{"confidence_level":0.95,"lower_bound":8878566.583125,"upper_bound":9161215.150875},"point_estimate":9011609.92,"standard_error":72385.82753754806},"median":{"confidence_interval":{"confidence_level":0.95,"lower_bound":8728294.5,"upper_bound":8897092.0},"point_estimate":8784793.5,"standard_error":41595.841205418954},"median_abs_dev":{"confidence_interval":{"confidence_level":0.95,"lower_bound":274056.36270202696,"upper_bound":498517.56944954395},"point_estimate":362083.53077173233,"standard_error":57461.56483422053},"slope":null,"std_dev":{"confidence_interval":{"confidence_level":0.95,"lower_bound":496751.0900401862,"upper_bound":947062.0397082163},"point_estimate":727207.1910972166,"standard_error":116634.3769622189}}