{"mean":{"confidence_interval":{"confidence_level":0.95,"lower_bound":13145042.62525,"upper_bound":13378046.783625001},"point_estimate":13254361.86,"standard_error":59358.40425105245},"median":{"confidence_interval":{"confidence_level":0.95,"lower_bound":13022986.5,"upper_bound":13204337.5},"point_estimate":13106761.75,"standard_error":41066.94816924184},"median_abs_dev":{"confidence_interval":{"confidence_level":0.95,"lower_bound":283141.753873229,"upper_bound":495191.35640859604},"point_estimate":398340.1424780488,"standard_error":57206.45341781048},"slope":null,"std_dev":{"confidence_interval":{"confidence_level":0.95,"lower_bound":405261.89248700737,"upper_bound":768786.3236568918},"point_estimate":598195.1458707507,"standard_error":92868.67426044181}}