{"mean":{"confidence_interval":{"confidence_level":0.95,"lower_bound":5063240.80275,"upper_bound":5077621.109083332},"point_estimate":5070364.26,"standard_error":3669.42077470661},"median":{"confidence_interval":{"confidence_level":0.95,"lower_bound":5054825.333333333,"upper_bound":5076126.0},"point_estimate":5067075.666666666,"standard_error":5919.860773703068},"median_abs_dev":{"confidence_interval":{"confidence_level":0.95,"lower_bound":30096.2852656839,"upper_bound":46158.77338051773},"point_estimate":37362.0135366919,"standard_error":4008.25475453548},"slope":null,"std_dev":{"confidence_interval":{"confidence_level":0.95,"lower_bound":31038.538113145172,"upper_bound":42242.198133845755},"point_estimate":36878.16321857911,"standard_error":2858.9718261710746}}