{"mean":{"confidence_interval":{"confidence_level":0.95,"lower_bound":5167713.02,"upper_bound":5192898.368166668},"point_estimate":5178485.833333334,"standard_error":6515.065125492378},"median":{"confidence_interval":{"confidence_level":0.95,"lower_bound":5159690.166666666,"upper_bound":5173874.0},"point_estimate":5165273.666666666,"standard_error":2996.380308047381},"median_abs_dev":{"confidence_interval":{"confidence_level":0.95,"lower_bound":19817.913848161697,"upper_bound":33729.896878675296},"point_estimate":26884.726622701382,"standard_error":3355.672267333567},"slope":null,"std_dev":{"confidence_interval":{"confidence_level":0.95,"lower_bound":24853.878646307934,"upper_bound":101951.4177481538},"point_estimate":65634.6667321842,"standard_error":21492.22233784731}}