{"mean":{"confidence_interval":{"confidence_level":0.95,"lower_bound":4965049.932583334,"upper_bound":4982357.936249999},"point_estimate":4973355.099999999,"standard_error":4410.734674159754},"median":{"confidence_interval":{"confidence_level":0.95,"lower_bound":4955183.333333333,"upper_bound":4967784.0},"point_estimate":4961266.666666667,"standard_error":3522.459306233221},"median_abs_dev":{"confidence_interval":{"confidence_level":0.95,"lower_bound":19421.81255519413,"upper_bound":36769.22682471642},"point_estimate":26464.656630158886,"standard_error":4473.919853395255},"slope":null,"std_dev":{"confidence_interval":{"confidence_level":0.95,"lower_bound":33500.95392431058,"upper_bound":53985.01198429445},"point_estimate":44275.80991843945,"standard_error":5228.15928401646}}