{"mean":{"confidence_interval":{"confidence_level":0.95,"lower_bound":285949.5206268531,"upper_bound":294663.0404567362},"point_estimate":290088.6778032284,"standard_error":2228.7567931294743},"median":{"confidence_interval":{"confidence_level":0.95,"lower_bound":281608.42647058825,"upper_bound":289849.08897754137},"point_estimate":285584.09260154737,"standard_error":2051.11574736622},"median_abs_dev":{"confidence_interval":{"confidence_level":0.95,"lower_bound":10812.1837358098,"upper_bound":19323.528977431575},"point_estimate":15292.103866706782,"standard_error":2168.4965848075835},"slope":{"confidence_interval":{"confidence_level":0.95,"lower_bound":290329.86503060226,"upper_bound":297586.81261230854},"point_estimate":293837.2467622285,"standard_error":1854.2546536941015},"std_dev":{"confidence_interval":{"confidence_level":0.95,"lower_bound":16486.417394743687,"upper_bound":28174.893242775204},"point_estimate":22509.646204596105,"standard_error":3000.990095639043}}