{"mean":{"confidence_interval":{"confidence_level":0.95,"lower_bound":271310.7557306363,"upper_bound":276627.59511939535},"point_estimate":273715.8403434695,"standard_error":1353.5928620848413},"median":{"confidence_interval":{"confidence_level":0.95,"lower_bound":272604.2005482456,"upper_bound":275391.89241467975},"point_estimate":274394.23957039334,"standard_error":743.0930364159834},"median_abs_dev":{"confidence_interval":{"confidence_level":0.95,"lower_bound":4712.862360263796,"upper_bound":9115.778545305524},"point_estimate":6473.041102076087,"standard_error":1196.9079866302282},"slope":{"confidence_interval":{"confidence_level":0.95,"lower_bound":275004.0123310383,"upper_bound":276578.8013889535},"point_estimate":275822.78981749667,"standard_error":400.75792386725436},"std_dev":{"confidence_interval":{"confidence_level":0.95,"lower_bound":7371.1038739209125,"upper_bound":19704.511555960606},"point_estimate":13665.622367644552,"standard_error":3267.6401231825803}}