{"mean":{"confidence_interval":{"confidence_level":0.95,"lower_bound":229990.3121238092,"upper_bound":234109.70758612003},"point_estimate":231828.31095208914,"standard_error":1052.0511730140402},"median":{"confidence_interval":{"confidence_level":0.95,"lower_bound":230765.68628117914,"upper_bound":232857.23010101012},"point_estimate":232043.2770192548,"standard_error":567.3902626098394},"median_abs_dev":{"confidence_interval":{"confidence_level":0.95,"lower_bound":3000.871452481448,"upper_bound":5413.8226262660155},"point_estimate":3701.419531281201,"standard_error":609.5509170126508},"slope":{"confidence_interval":{"confidence_level":0.95,"lower_bound":232128.1194251399,"upper_bound":233224.30447898468},"point_estimate":232679.333490764,"standard_error":279.4034937404161},"std_dev":{"confidence_interval":{"confidence_level":0.95,"lower_bound":5018.502364241347,"upper_bound":15312.814187593456},"point_estimate":10560.301275877062,"standard_error":2705.7195769114987}}