{"mean":{"confidence_interval":{"confidence_level":0.95,"lower_bound":279500.6667996406,"upper_bound":289707.2598549853},"point_estimate":284224.44964716374,"standard_error":2595.7712962879027},"median":{"confidence_interval":{"confidence_level":0.95,"lower_bound":276079.8692129629,"upper_bound":281618.0910714286},"point_estimate":279164.1822916666,"standard_error":1476.8198526956248},"median_abs_dev":{"confidence_interval":{"confidence_level":0.95,"lower_bound":11025.142601833315,"upper_bound":18554.929719140786},"point_estimate":14705.130666962039,"standard_error":1945.7713357195043},"slope":{"confidence_interval":{"confidence_level":0.95,"lower_bound":280351.50236664363,"upper_bound":288658.43553355226},"point_estimate":284318.5031439338,"standard_error":2122.5368817964945},"std_dev":{"confidence_interval":{"confidence_level":0.95,"lower_bound":16666.43463631885,"upper_bound":34464.0086637975},"point_estimate":26104.398970987404,"standard_error":4554.284407512112}}