{"mean":{"confidence_interval":{"confidence_level":0.95,"lower_bound":5072773.588300001,"upper_bound":5118869.763099999},"point_estimate":5096182.212,"standard_error":11722.28010929079},"median":{"confidence_interval":{"confidence_level":0.95,"lower_bound":5079295.5,"upper_bound":5133928.8},"point_estimate":5115677.4,"standard_error":13361.714219625166},"median_abs_dev":{"confidence_interval":{"confidence_level":0.95,"lower_bound":96004.42695558084,"upper_bound":148565.70948243167},"point_estimate":126784.83326911816,"standard_error":13732.548253597486},"slope":null,"std_dev":{"confidence_interval":{"confidence_level":0.95,"lower_bound":99204.97074094962,"upper_bound":136629.73058958864},"point_estimate":117648.25774997567,"standard_error":9609.847995552363}}