{"mean":{"confidence_interval":{"confidence_level":0.95,"lower_bound":7376935.467375,"upper_bound":7529344.745625},"point_estimate":7449317.73,"standard_error":39053.34545821796},"median":{"confidence_interval":{"confidence_level":0.95,"lower_bound":7280169.25,"upper_bound":7387810.25},"point_estimate":7306612.875,"standard_error":31765.067831435543},"median_abs_dev":{"confidence_interval":{"confidence_level":0.95,"lower_bound":157887.2602969408,"upper_bound":305212.0058026537},"point_estimate":202737.94807568192,"standard_error":38696.370129657},"slope":null,"std_dev":{"confidence_interval":{"confidence_level":0.95,"lower_bound":285558.8804049904,"upper_bound":502015.0237248597},"point_estimate":392556.40369844454,"standard_error":56622.851133601784}}