{"mean":{"confidence_interval":{"confidence_level":0.95,"lower_bound":13095706.149875,"upper_bound":13216308.98},"point_estimate":13150646.88,"standard_error":30883.873178212354},"median":{"confidence_interval":{"confidence_level":0.95,"lower_bound":13064418.75,"upper_bound":13121758.625},"point_estimate":13088357.125,"standard_error":14613.371073880277},"median_abs_dev":{"confidence_interval":{"confidence_level":0.95,"lower_bound":102340.3550080955,"upper_bound":186204.82713170318},"point_estimate":149062.82525360584,"standard_error":21033.605949059278},"slope":null,"std_dev":{"confidence_interval":{"confidence_level":0.95,"lower_bound":171085.91413100195,"upper_bound":425798.2612245796},"point_estimate":309844.9311931009,"standard_error":65027.90429163534}}