{"mean":{"confidence_interval":{"confidence_level":0.95,"lower_bound":5330666.516900001,"upper_bound":5545891.8357500015},"point_estimate":5436162.233999997,"standard_error":54795.604848314775},"median":{"confidence_interval":{"confidence_level":0.95,"lower_bound":5261987.8,"upper_bound":5605377.6},"point_estimate":5411952.8,"standard_error":92694.56172650839},"median_abs_dev":{"confidence_interval":{"confidence_level":0.95,"lower_bound":448516.1440372467,"upper_bound":709720.1626199486},"point_estimate":540985.4596155884,"standard_error":68605.86377871252},"slope":null,"std_dev":{"confidence_interval":{"confidence_level":0.95,"lower_bound":460548.7097140862,"upper_bound":651697.3735134343},"point_estimate":550722.8785357565,"standard_error":49950.14880828333}}