{"mean":{"confidence_interval":{"confidence_level":0.95,"lower_bound":5147056.590849999,"upper_bound":5286703.196000001},"point_estimate":5215173.085999998,"standard_error":35742.24690115462},"median":{"confidence_interval":{"confidence_level":0.95,"lower_bound":5079853.2,"upper_bound":5244033.2},"point_estimate":5172283.4,"standard_error":42913.34659405191},"median_abs_dev":{"confidence_interval":{"confidence_level":0.95,"lower_bound":228809.65393781662,"upper_bound":423815.5836957703},"point_estimate":333584.4010376925,"standard_error":49891.89525456032},"slope":null,"std_dev":{"confidence_interval":{"confidence_level":0.95,"lower_bound":298299.95890455873,"upper_bound":418354.18994251423},"point_estimate":360400.41678637016,"standard_error":30637.016637256034}}