{"mean":{"confidence_interval":{"confidence_level":0.95,"lower_bound":12642356.0000625,"upper_bound":12808801.73875},"point_estimate":12721609.9875,"standard_error":42391.63000462954},"median":{"confidence_interval":{"confidence_level":0.95,"lower_bound":12585868.5,"upper_bound":12792591.25},"point_estimate":12689994.125,"standard_error":47180.69775083417},"median_abs_dev":{"confidence_interval":{"confidence_level":0.95,"lower_bound":284252.5919035077,"upper_bound":440421.518830955},"point_estimate":377756.2804184854,"standard_error":39900.576888931784},"slope":null,"std_dev":{"confidence_interval":{"confidence_level":0.95,"lower_bound":308883.2005786943,"upper_bound":559543.3915196564},"point_estimate":424473.9327514979,"standard_error":68146.62718584237}}