{"mean":{"confidence_interval":{"confidence_level":0.95,"lower_bound":5801510.263849999,"upper_bound":5867383.723099999},"point_estimate":5833049.503999999,"standard_error":16853.635965082565},"median":{"confidence_interval":{"confidence_level":0.95,"lower_bound":5779048.0,"upper_bound":5829985.9},"point_estimate":5807238.5,"standard_error":14606.775374153318},"median_abs_dev":{"confidence_interval":{"confidence_level":0.95,"lower_bound":80496.43864390283,"upper_bound":145242.75816142614},"point_estimate":113806.4496195315,"standard_error":17378.62413878134},"slope":null,"std_dev":{"confidence_interval":{"confidence_level":0.95,"lower_bound":122445.97980748738,"upper_bound":208048.0208251844},"point_estimate":168261.43921106035,"standard_error":21903.158736898902}}