{"mean":{"confidence_interval":{"confidence_level":0.95,"lower_bound":4601160.0961,"upper_bound":4608404.850099998},"point_estimate":4604575.467999998,"standard_error":1851.8261594437954},"median":{"confidence_interval":{"confidence_level":0.95,"lower_bound":4597871.0,"upper_bound":4604668.2},"point_estimate":4601821.9,"standard_error":1575.4656565947903},"median_abs_dev":{"confidence_interval":{"confidence_level":0.95,"lower_bound":9348.237614036021,"upper_bound":18455.55273234789},"point_estimate":14339.558685422497,"standard_error":2449.576848921185},"slope":null,"std_dev":{"confidence_interval":{"confidence_level":0.95,"lower_bound":13163.252509149857,"upper_bound":24522.352903890474},"point_estimate":18622.05877355773,"standard_error":3025.5884279012503}}