{"mean":{"confidence_interval":{"confidence_level":0.95,"lower_bound":4867854.375450001,"upper_bound":4882299.42835},"point_estimate":4874876.914000002,"standard_error":3670.616200629594},"median":{"confidence_interval":{"confidence_level":0.95,"lower_bound":4858486.4,"upper_bound":4880106.8},"point_estimate":4866196.8,"standard_error":5577.713514597822},"median_abs_dev":{"confidence_interval":{"confidence_level":0.95,"lower_bound":27398.892293571458,"upper_bound":42892.50679850523},"point_estimate":35954.08718168694,"standard_error":3909.696578218945},"slope":null,"std_dev":{"confidence_interval":{"confidence_level":0.95,"lower_bound":29837.82716565384,"upper_bound":43549.20456413676},"point_estimate":36803.802442202206,"standard_error":3498.691975413047}}