{"mean":{"confidence_interval":{"confidence_level":0.95,"lower_bound":12800035.9020625,"upper_bound":13073630.781625},"point_estimate":12934196.7225,"standard_error":69807.85413040711},"median":{"confidence_interval":{"confidence_level":0.95,"lower_bound":12626985.625,"upper_bound":13079850.75},"point_estimate":12920410.0,"standard_error":117339.8656603784},"median_abs_dev":{"confidence_interval":{"confidence_level":0.95,"lower_bound":577314.0515506277,"upper_bound":931147.6547688246},"point_estimate":796133.5762158036,"standard_error":93904.83149932994},"slope":null,"std_dev":{"confidence_interval":{"confidence_level":0.95,"lower_bound":602731.1221149588,"upper_bound":790728.6304877475},"point_estimate":702118.6875138826,"standard_error":48255.75999370642}}