{"mean":{"confidence_interval":{"confidence_level":0.95,"lower_bound":4686550.536350001,"upper_bound":4692319.510900001},"point_estimate":4689388.936,"standard_error":1470.3970072875202},"median":{"confidence_interval":{"confidence_level":0.95,"lower_bound":4685036.6,"upper_bound":4692116.6},"point_estimate":4687576.699999999,"standard_error":1565.2344239433924},"median_abs_dev":{"confidence_interval":{"confidence_level":0.95,"lower_bound":8880.177095844803,"upper_bound":16293.47719073406},"point_estimate":12068.215525746207,"standard_error":1884.3440395333012},"slope":null,"std_dev":{"confidence_interval":{"confidence_level":0.95,"lower_bound":12188.759067379935,"upper_bound":17247.632214284302},"point_estimate":14835.841296292989,"standard_error":1291.9819126661898}}