{"mean":{"confidence_interval":{"confidence_level":0.95,"lower_bound":4522136.733650001,"upper_bound":4642326.776100001},"point_estimate":4581771.738000002,"standard_error":30705.059302852955},"median":{"confidence_interval":{"confidence_level":0.95,"lower_bound":4485532.0,"upper_bound":4625318.199999999},"point_estimate":4568354.5,"standard_error":37156.86425702301},"median_abs_dev":{"confidence_interval":{"confidence_level":0.95,"lower_bound":222934.42529462386,"upper_bound":373821.2747633457},"point_estimate":276763.46052646625,"standard_error":38109.11697723393},"slope":null,"std_dev":{"confidence_interval":{"confidence_level":0.95,"lower_bound":266788.1239108382,"upper_bound":347013.97883146297},"point_estimate":309433.5333124756,"standard_error":20366.219947337217}}