{"mean":{"confidence_interval":{"confidence_level":0.95,"lower_bound":12480496.1175,"upper_bound":12642821.51475},"point_estimate":12558269.1125,"standard_error":41387.56650703012},"median":{"confidence_interval":{"confidence_level":0.95,"lower_bound":12456518.875,"upper_bound":12608432.5},"point_estimate":12539219.5,"standard_error":36762.22342505555},"median_abs_dev":{"confidence_interval":{"confidence_level":0.95,"lower_bound":239533.94818492237,"upper_bound":444970.13555020053},"point_estimate":326341.0106062889,"standard_error":52607.558703486866},"slope":null,"std_dev":{"confidence_interval":{"confidence_level":0.95,"lower_bound":311867.3473364777,"upper_bound":538301.4952091291},"point_estimate":415456.38234653475,"standard_error":61551.745706002184}}