{"mean":{"confidence_interval":{"confidence_level":0.95,"lower_bound":10805605.266800003,"upper_bound":11109036.539749997},"point_estimate":10955843.325999998,"standard_error":77351.03811204422},"median":{"confidence_interval":{"confidence_level":0.95,"lower_bound":10810462.4,"upper_bound":11145111.0},"point_estimate":11041778.7,"standard_error":88582.13968690435},"median_abs_dev":{"confidence_interval":{"confidence_level":0.95,"lower_bound":579281.1651957033,"upper_bound":1048729.693481326},"point_estimate":858417.8235000378,"standard_error":120988.21677649437},"slope":null,"std_dev":{"confidence_interval":{"confidence_level":0.95,"lower_bound":664184.5456980824,"upper_bound":892993.245097936},"point_estimate":780361.8484283505,"standard_error":58631.683041159406}}