{"mean":{"confidence_interval":{"confidence_level":0.95,"lower_bound":5368417.2272000015,"upper_bound":5409565.7547},"point_estimate":5389102.664,"standard_error":10502.933759989348},"median":{"confidence_interval":{"confidence_level":0.95,"lower_bound":5356520.0,"upper_bound":5422824.6},"point_estimate":5393622.5,"standard_error":19474.40658210545},"median_abs_dev":{"confidence_interval":{"confidence_level":0.95,"lower_bound":100927.9820886695,"upper_bound":157610.90366184726},"point_estimate":135622.4634522194,"standard_error":14674.024900607492},"slope":null,"std_dev":{"confidence_interval":{"confidence_level":0.95,"lower_bound":94043.19829691599,"upper_bound":115866.73070294484},"point_estimate":105706.73456503286,"standard_error":5590.196890327763}}