{"mean":{"confidence_interval":{"confidence_level":0.95,"lower_bound":37291.5285914303,"upper_bound":37865.77400718557},"point_estimate":37533.90027655479,"standard_error":149.23144250079622},"median":{"confidence_interval":{"confidence_level":0.95,"lower_bound":37077.09746588694,"upper_bound":37198.19124579125},"point_estimate":37114.97186226756,"standard_error":28.758035860748922},"median_abs_dev":{"confidence_interval":{"confidence_level":0.95,"lower_bound":144.5468890246221,"upper_bound":296.51513508210644},"point_estimate":198.13061298425623,"standard_error":37.397314479079654},"slope":{"confidence_interval":{"confidence_level":0.95,"lower_bound":37017.5369134412,"upper_bound":37069.96438711475},"point_estimate":37042.2466276976,"standard_error":13.33605866555661},"std_dev":{"confidence_interval":{"confidence_level":0.95,"lower_bound":522.4470796469506,"upper_bound":2358.117499489783},"point_estimate":1496.5662541862341,"standard_error":521.1619238600516}}