{"mean":{"confidence_interval":{"confidence_level":0.95,"lower_bound":44563.237703469735,"upper_bound":45243.467852906026},"point_estimate":44856.66125358838,"standard_error":175.70221304121705},"median":{"confidence_interval":{"confidence_level":0.95,"lower_bound":44339.80404401837,"upper_bound":44602.0179028133},"point_estimate":44409.70740436233,"standard_error":64.6257054188126},"median_abs_dev":{"confidence_interval":{"confidence_level":0.95,"lower_bound":393.5162656421484,"upper_bound":687.8158556158288},"point_estimate":495.0226452129866,"standard_error":72.87253790223699},"slope":{"confidence_interval":{"confidence_level":0.95,"lower_bound":44161.45824107881,"upper_bound":44317.73634623287},"point_estimate":44240.588232406626,"standard_error":39.871751315503474},"std_dev":{"confidence_interval":{"confidence_level":0.95,"lower_bound":790.8854804300569,"upper_bound":2685.6124512541223},"point_estimate":1762.5398879996965,"standard_error":546.1544795813584}}