{"mean":{"confidence_interval":{"confidence_level":0.95,"lower_bound":40300.14312377119,"upper_bound":41369.62005250416},"point_estimate":40806.3811109901,"standard_error":274.0566256229731},"median":{"confidence_interval":{"confidence_level":0.95,"lower_bound":40021.44102564103,"upper_bound":40787.61111111111},"point_estimate":40507.192886848716,"standard_error":206.65031596780653},"median_abs_dev":{"confidence_interval":{"confidence_level":0.95,"lower_bound":1488.0415478157258,"upper_bound":2457.926409315419},"point_estimate":1979.9777381784713,"standard_error":255.26425996729785},"slope":{"confidence_interval":{"confidence_level":0.95,"lower_bound":39773.861888822576,"upper_bound":40463.4035994574},"point_estimate":40114.74513164376,"standard_error":175.737060245168},"std_dev":{"confidence_interval":{"confidence_level":0.95,"lower_bound":1923.36969644279,"upper_bound":3615.4742772550603},"point_estimate":2771.7632226889295,"standard_error":442.8229203290748}}