{"mean":{"confidence_interval":{"confidence_level":0.95,"lower_bound":40272.250035234676,"upper_bound":41038.85549453504},"point_estimate":40630.37420737797,"standard_error":196.1995639168352},"median":{"confidence_interval":{"confidence_level":0.95,"lower_bound":39877.28280141844,"upper_bound":40657.451822916664},"point_estimate":40125.96300505051,"standard_error":215.36604893067226},"median_abs_dev":{"confidence_interval":{"confidence_level":0.95,"lower_bound":1144.2307360780026,"upper_bound":1955.0194773793799},"point_estimate":1527.6049835771048,"standard_error":205.309692661095},"slope":{"confidence_interval":{"confidence_level":0.95,"lower_bound":40191.054883451136,"upper_bound":40850.86916684833},"point_estimate":40510.00333653515,"standard_error":168.62458507107067},"std_dev":{"confidence_interval":{"confidence_level":0.95,"lower_bound":1347.1973917686591,"upper_bound":2714.4148061471783},"point_estimate":1974.033028252616,"standard_error":401.27431161590937}}