{"mean":{"confidence_interval":{"confidence_level":0.95,"lower_bound":42871.86043408664,"upper_bound":43545.464304406545},"point_estimate":43162.21360837621,"standard_error":173.58082918532355},"median":{"confidence_interval":{"confidence_level":0.95,"lower_bound":42618.43350346197,"upper_bound":42834.16467746519},"point_estimate":42736.94452906585,"standard_error":56.05379254482399},"median_abs_dev":{"confidence_interval":{"confidence_level":0.95,"lower_bound":262.44632362770534,"upper_bound":476.6061792453551},"point_estimate":363.97555485653527,"standard_error":54.961923722049086},"slope":{"confidence_interval":{"confidence_level":0.95,"lower_bound":42508.89153901644,"upper_bound":42578.68444785241},"point_estimate":42540.726185773674,"standard_error":17.78447568653645},"std_dev":{"confidence_interval":{"confidence_level":0.95,"lower_bound":644.0386841458344,"upper_bound":2700.2722692234265},"point_estimate":1745.2073248641407,"standard_error":560.5049706628573}}