{"mean":{"confidence_interval":{"confidence_level":0.95,"lower_bound":36397.149445773524,"upper_bound":36920.35647403193},"point_estimate":36620.64489324899,"standard_error":135.04638615531073},"median":{"confidence_interval":{"confidence_level":0.95,"lower_bound":36211.95289484887,"upper_bound":36336.05249620966},"point_estimate":36269.11011904762,"standard_error":31.797642822925233},"median_abs_dev":{"confidence_interval":{"confidence_level":0.95,"lower_bound":172.34113256852478,"upper_bound":328.6062097133886},"point_estimate":245.41893454674087,"standard_error":41.09883100022516},"slope":{"confidence_interval":{"confidence_level":0.95,"lower_bound":36141.68235393581,"upper_bound":36189.57045796292},"point_estimate":36163.65951310554,"standard_error":12.213916158820748},"std_dev":{"confidence_interval":{"confidence_level":0.95,"lower_bound":480.9500005069482,"upper_bound":2104.0275915103616},"point_estimate":1358.5648708366734,"standard_error":439.51827736567435}}