{"mean":{"confidence_interval":{"confidence_level":0.95,"lower_bound":23208.275666644815,"upper_bound":23954.700040636064},"point_estimate":23591.9580923702,"standard_error":190.5161578402267},"median":{"confidence_interval":{"confidence_level":0.95,"lower_bound":23629.39523809524,"upper_bound":24786.396031746033},"point_estimate":24246.19872710989,"standard_error":293.09349907956187},"median_abs_dev":{"confidence_interval":{"confidence_level":0.95,"lower_bound":1036.7137371878187,"upper_bound":2152.005676509929},"point_estimate":1690.250563053278,"standard_error":297.5657894474314},"slope":{"confidence_interval":{"confidence_level":0.95,"lower_bound":24813.649692132392,"upper_bound":25115.858456963797},"point_estimate":24979.90832569824,"standard_error":76.8828719232429},"std_dev":{"confidence_interval":{"confidence_level":0.95,"lower_bound":1606.254374833818,"upper_bound":2187.3487470047107},"point_estimate":1918.7743662077753,"standard_error":149.19952234525206}}