{"mean":{"confidence_interval":{"confidence_level":0.95,"lower_bound":18398.51132643368,"upper_bound":18932.78579439632},"point_estimate":18671.360568759617,"standard_error":136.42512977055134},"median":{"confidence_interval":{"confidence_level":0.95,"lower_bound":18699.08125,"upper_bound":19232.950849955585},"point_estimate":18947.824326539125,"standard_error":125.01693544147135},"median_abs_dev":{"confidence_interval":{"confidence_level":0.95,"lower_bound":992.095448988537,"upper_bound":1729.3820766300314},"point_estimate":1398.087806023521,"standard_error":204.23702057202695},"slope":{"confidence_interval":{"confidence_level":0.95,"lower_bound":19572.463541957324,"upper_bound":19878.078562366},"point_estimate":19738.49912168296,"standard_error":78.316377345325},"std_dev":{"confidence_interval":{"confidence_level":0.95,"lower_bound":1176.3953509353084,"upper_bound":1549.6537829154886},"point_estimate":1373.7032463092776,"standard_error":95.20485216094153}}