{"mean":{"confidence_interval":{"confidence_level":0.95,"lower_bound":45532.667624240494,"upper_bound":47248.14858857198},"point_estimate":46399.49683241499,"standard_error":436.9219018140531},"median":{"confidence_interval":{"confidence_level":0.95,"lower_bound":46341.61328731665,"upper_bound":47666.092307692306},"point_estimate":47222.389513435,"standard_error":321.0451376564609},"median_abs_dev":{"confidence_interval":{"confidence_level":0.95,"lower_bound":2045.9796947607895,"upper_bound":3934.1915795663413},"point_estimate":2862.9304806311584,"standard_error":517.7604453015645},"slope":{"confidence_interval":{"confidence_level":0.95,"lower_bound":48021.98925680279,"upper_bound":49130.72419278248},"point_estimate":48571.348204916016,"standard_error":283.03330745416804},"std_dev":{"confidence_interval":{"confidence_level":0.95,"lower_bound":3542.816832303052,"upper_bound":5203.312800757329},"point_estimate":4411.346732167658,"standard_error":425.32030651904853}}