{"mean":{"confidence_interval":{"confidence_level":0.95,"lower_bound":25173.7438490124,"upper_bound":26329.33822198958},"point_estimate":25759.07430020416,"standard_error":296.19735085533466},"median":{"confidence_interval":{"confidence_level":0.95,"lower_bound":25822.235227272726,"upper_bound":26885.67450049132},"point_estimate":26311.1678030303,"standard_error":267.4548910282727},"median_abs_dev":{"confidence_interval":{"confidence_level":0.95,"lower_bound":1614.1855096109646,"upper_bound":3220.7997671689395},"point_estimate":2240.219694988167,"standard_error":444.42077818853693},"slope":{"confidence_interval":{"confidence_level":0.95,"lower_bound":27074.69110404902,"upper_bound":27780.529884834472},"point_estimate":27425.765558660343,"standard_error":179.93525622234154},"std_dev":{"confidence_interval":{"confidence_level":0.95,"lower_bound":2495.6518474945055,"upper_bound":3415.7731194278217},"point_estimate":2977.3843858643904,"standard_error":234.92204823092024}}