{"mean":{"confidence_interval":{"confidence_level":0.95,"lower_bound":22739.006153674803,"upper_bound":23463.22754145199},"point_estimate":23109.80115678282,"standard_error":184.6116117831218},"median":{"confidence_interval":{"confidence_level":0.95,"lower_bound":22942.80061983471,"upper_bound":23957.686713286712},"point_estimate":23761.652272727275,"standard_error":321.84775921099845},"median_abs_dev":{"confidence_interval":{"confidence_level":0.95,"lower_bound":1346.1575513561422,"upper_bound":2370.7044893165407},"point_estimate":1833.464531388893,"standard_error":268.10238232425115},"slope":{"confidence_interval":{"confidence_level":0.95,"lower_bound":24328.5864721727,"upper_bound":24685.61218089387},"point_estimate":24525.07136343485,"standard_error":90.79764715723353},"std_dev":{"confidence_interval":{"confidence_level":0.95,"lower_bound":1584.8889041009159,"upper_bound":2074.166591453044},"point_estimate":1846.1609716704704,"standard_error":125.13842920844252}}