{"mean":{"confidence_interval":{"confidence_level":0.95,"lower_bound":266218.4882810966,"upper_bound":268123.59294735664},"point_estimate":267100.19315797335,"standard_error":489.63726204612607},"median":{"confidence_interval":{"confidence_level":0.95,"lower_bound":265191.0343212531,"upper_bound":266705.6395380435},"point_estimate":266067.0143115942,"standard_error":363.78766041129364},"median_abs_dev":{"confidence_interval":{"confidence_level":0.95,"lower_bound":2131.632980312336,"upper_bound":3538.2460171836083},"point_estimate":2779.14633659781,"standard_error":340.68969097468164},"slope":{"confidence_interval":{"confidence_level":0.95,"lower_bound":264439.0650909781,"upper_bound":265406.78939699027},"point_estimate":264899.63874094875,"standard_error":248.07527369116116},"std_dev":{"confidence_interval":{"confidence_level":0.95,"lower_bound":3018.480099345871,"upper_bound":6903.030204276899},"point_estimate":4932.009107454742,"standard_error":1044.1648903479418}}