{"mean":{"confidence_interval":{"confidence_level":0.95,"lower_bound":268335.8294181272,"upper_bound":270447.06964030256},"point_estimate":269304.3772795783,"standard_error":539.1364888722076},"median":{"confidence_interval":{"confidence_level":0.95,"lower_bound":267493.7700892857,"upper_bound":268589.22222222225},"point_estimate":267981.1197916666,"standard_error":338.1585613744478},"median_abs_dev":{"confidence_interval":{"confidence_level":0.95,"lower_bound":2039.304791295096,"upper_bound":3315.5262482152566},"point_estimate":2695.1772672183633,"standard_error":320.427020916817},"slope":{"confidence_interval":{"confidence_level":0.95,"lower_bound":267001.19207648176,"upper_bound":268344.48187191866},"point_estimate":267624.20744347567,"standard_error":344.5874181923201},"std_dev":{"confidence_interval":{"confidence_level":0.95,"lower_bound":3103.5843526684425,"upper_bound":7389.88949859618},"point_estimate":5440.338326984814,"standard_error":1091.2515665602998}}