{"mean":{"confidence_interval":{"confidence_level":0.95,"lower_bound":264190.42893796985,"upper_bound":265887.73905611207},"point_estimate":264934.374138997,"standard_error":438.94186053829816},"median":{"confidence_interval":{"confidence_level":0.95,"lower_bound":263645.5539772727,"upper_bound":264118.05555555556},"point_estimate":263936.81157635467,"standard_error":122.71279899546103},"median_abs_dev":{"confidence_interval":{"confidence_level":0.95,"lower_bound":866.4538480203535,"upper_bound":1781.4317641641244},"point_estimate":1469.9700848607856,"standard_error":244.55892970165965},"slope":{"confidence_interval":{"confidence_level":0.95,"lower_bound":263640.83812069945,"upper_bound":264457.94119039667},"point_estimate":264033.5687586818,"standard_error":208.70515912344993},"std_dev":{"confidence_interval":{"confidence_level":0.95,"lower_bound":1960.8413404567257,"upper_bound":6603.1625895046645},"point_estimate":4398.794428138858,"standard_error":1257.8488668273496}}