{"mean":{"confidence_interval":{"confidence_level":0.95,"lower_bound":272040.8914820493,"upper_bound":273732.6838724785},"point_estimate":272791.02853187936,"standard_error":433.79307808263155},"median":{"confidence_interval":{"confidence_level":0.95,"lower_bound":271278.1022727273,"upper_bound":272475.46449979325},"point_estimate":271988.55056980054,"standard_error":328.7458034979648},"median_abs_dev":{"confidence_interval":{"confidence_level":0.95,"lower_bound":1719.8683599401609,"upper_bound":2789.8016143191935},"point_estimate":2372.4394715911103,"standard_error":266.13044320061397},"slope":{"confidence_interval":{"confidence_level":0.95,"lower_bound":270747.0834351797,"upper_bound":271608.4591257033},"point_estimate":271156.42404462834,"standard_error":219.3274859210663},"std_dev":{"confidence_interval":{"confidence_level":0.95,"lower_bound":2272.6523708735617,"upper_bound":6460.959578655438},"point_estimate":4357.420695646813,"standard_error":1183.5717607384572}}