{"mean":{"confidence_interval":{"confidence_level":0.95,"lower_bound":164774303.36650002,"upper_bound":165196379.75675002},"point_estimate":164982926.57,"standard_error":107279.42661471837},"median":{"confidence_interval":{"confidence_level":0.95,"lower_bound":164695095.5,"upper_bound":165060058.0},"point_estimate":164853961.0,"standard_error":106162.42542065853},"median_abs_dev":{"confidence_interval":{"confidence_level":0.95,"lower_bound":871301.7655313015,"upper_bound":1426640.7202720642},"point_estimate":1156093.6531752348,"standard_error":139622.41782344022},"slope":null,"std_dev":{"confidence_interval":{"confidence_level":0.95,"lower_bound":946725.5960559531,"upper_bound":1181376.0516354586},"point_estimate":1073442.569203263,"standard_error":59909.18715295849}}