{"mean":{"confidence_interval":{"confidence_level":0.95,"lower_bound":201900575.79099998,"upper_bound":205505464.27449998},"point_estimate":203665570.44,"standard_error":915179.5260146441},"median":{"confidence_interval":{"confidence_level":0.95,"lower_bound":201064521.5,"upper_bound":204082107.0},"point_estimate":202341008.0,"standard_error":826820.0086763724},"median_abs_dev":{"confidence_interval":{"confidence_level":0.95,"lower_bound":5818855.74439466,"upper_bound":10367343.051195364},"point_estimate":8329559.480720758,"standard_error":1149886.5598716086},"slope":null,"std_dev":{"confidence_interval":{"confidence_level":0.95,"lower_bound":7655957.901369533,"upper_bound":10520573.100696279},"point_estimate":9176216.237450842,"standard_error":731970.4960391915}}