{"mean":{"confidence_interval":{"confidence_level":0.95,"lower_bound":198488353.3595,"upper_bound":204552666.26349998},"point_estimate":201516124.79,"standard_error":1553805.01283377},"median":{"confidence_interval":{"confidence_level":0.95,"lower_bound":195162211.0,"upper_bound":210190393.0},"point_estimate":199971723.0,"standard_error":3780257.178301256},"median_abs_dev":{"confidence_interval":{"confidence_level":0.95,"lower_bound":16203846.609324217,"upper_bound":23083752.675371468},"point_estimate":20599277.39278972,"standard_error":1716284.6456555515},"slope":null,"std_dev":{"confidence_interval":{"confidence_level":0.95,"lower_bound":14242152.938214315,"upper_bound":17046207.401367165},"point_estimate":15736552.148802472,"standard_error":716138.6293866611}}