{"mean":{"confidence_interval":{"confidence_level":0.95,"lower_bound":228025560.0815,"upper_bound":230779302.532},"point_estimate":229369953.67,"standard_error":703721.8941893029},"median":{"confidence_interval":{"confidence_level":0.95,"lower_bound":226081259.0,"upper_bound":229481553.0},"point_estimate":226957424.5,"standard_error":870319.7463368927},"median_abs_dev":{"confidence_interval":{"confidence_level":0.95,"lower_bound":4330911.739110947,"upper_bound":7863652.438992262},"point_estimate":5912203.203937411,"standard_error":873608.7276475894},"slope":null,"std_dev":{"confidence_interval":{"confidence_level":0.95,"lower_bound":5929957.267966263,"upper_bound":8040387.145953312},"point_estimate":7040277.291276665,"standard_error":539382.9532712019}}