{"mean":{"confidence_interval":{"confidence_level":0.95,"lower_bound":179169512.24275002,"upper_bound":179503294.12675},"point_estimate":179328958.54,"standard_error":85307.56699784544},"median":{"confidence_interval":{"confidence_level":0.95,"lower_bound":178995953.0,"upper_bound":179344395.0},"point_estimate":179153804.0,"standard_error":80717.05855242345},"median_abs_dev":{"confidence_interval":{"confidence_level":0.95,"lower_bound":511284.9791228771,"upper_bound":843986.3436162472},"point_estimate":651131.22164011,"standard_error":84883.82698058808},"slope":null,"std_dev":{"confidence_interval":{"confidence_level":0.95,"lower_bound":674384.5633785848,"upper_bound":1021720.2232967322},"point_estimate":859372.9803473337,"standard_error":89029.24946916787}}