{"mean":{"confidence_interval":{"confidence_level":0.95,"lower_bound":166595917.04500002,"upper_bound":167250911.57299998},"point_estimate":166837134.48,"standard_error":187265.76428400574},"median":{"confidence_interval":{"confidence_level":0.95,"lower_bound":166522852.0,"upper_bound":166691557.0},"point_estimate":166619465.0,"standard_error":46209.2288888514},"median_abs_dev":{"confidence_interval":{"confidence_level":0.95,"lower_bound":295123.20023551583,"upper_bound":489780.607804656},"point_estimate":384732.4692696333,"standard_error":49853.76751776909},"slope":null,"std_dev":{"confidence_interval":{"confidence_level":0.95,"lower_bound":334465.983108678,"upper_bound":3181256.3198737483},"point_estimate":1878526.9597295376,"standard_error":996835.7988510329}}