{"mean":{"confidence_interval":{"confidence_level":0.95,"lower_bound":227209452.51075,"upper_bound":229626179.852},"point_estimate":228386230.04,"standard_error":620862.375566688},"median":{"confidence_interval":{"confidence_level":0.95,"lower_bound":225671784.0,"upper_bound":229094200.0},"point_estimate":227104579.5,"standard_error":828328.5477388813},"median_abs_dev":{"confidence_interval":{"confidence_level":0.95,"lower_bound":4083545.863902569,"upper_bound":6673149.864327908},"point_estimate":4948338.2742494345,"standard_error":655202.8609259465},"slope":null,"std_dev":{"confidence_interval":{"confidence_level":0.95,"lower_bound":5086795.417845038,"upper_bound":7353770.420731902},"point_estimate":6263733.660321118,"standard_error":582310.2739823227}}