{"mean":{"confidence_interval":{"confidence_level":0.95,"lower_bound":196626907.1665,"upper_bound":197243208.0225},"point_estimate":196933899.79,"standard_error":157524.72688800225},"median":{"confidence_interval":{"confidence_level":0.95,"lower_bound":196423045.5,"upper_bound":197428156.0},"point_estimate":196912072.5,"standard_error":280187.2512058406},"median_abs_dev":{"confidence_interval":{"confidence_level":0.95,"lower_bound":1381875.096666813,"upper_bound":2155553.584331274},"point_estimate":1762316.9216126204,"standard_error":198362.05168664746},"slope":null,"std_dev":{"confidence_interval":{"confidence_level":0.95,"lower_bound":1391215.7550829637,"upper_bound":1758388.7244174578},"point_estimate":1584322.926093191,"standard_error":93804.83536134331}}