{"mean":{"confidence_interval":{"confidence_level":0.95,"lower_bound":169898916.73325,"upper_bound":170057590.854},"point_estimate":169976998.14,"standard_error":40611.294247729355},"median":{"confidence_interval":{"confidence_level":0.95,"lower_bound":169842894.5,"upper_bound":170051299.0},"point_estimate":169980002.5,"standard_error":61427.54554659588},"median_abs_dev":{"confidence_interval":{"confidence_level":0.95,"lower_bound":285700.3693103046,"upper_bound":468582.39338099957},"point_estimate":354058.95841419697,"standard_error":46612.76286558714},"slope":null,"std_dev":{"confidence_interval":{"confidence_level":0.95,"lower_bound":337523.3469052136,"upper_bound":483640.5480215564},"point_estimate":408944.4360203232,"standard_error":37706.8558582192}}