{"mean":{"confidence_interval":{"confidence_level":0.95,"lower_bound":202204903.88025,"upper_bound":202681741.00425002},"point_estimate":202442576.76,"standard_error":121384.06265861343},"median":{"confidence_interval":{"confidence_level":0.95,"lower_bound":201966592.0,"upper_bound":202776787.0},"point_estimate":202388139.5,"standard_error":213650.64858683065},"median_abs_dev":{"confidence_interval":{"confidence_level":0.95,"lower_bound":1000484.4077378511,"upper_bound":1572283.1873863935},"point_estimate":1310105.3971409798,"standard_error":148441.86704328985},"slope":null,"std_dev":{"confidence_interval":{"confidence_level":0.95,"lower_bound":1074366.5412320965,"upper_bound":1349520.5891744427},"point_estimate":1221380.6814539647,"standard_error":70267.20649897536}}