{"mean":{"confidence_interval":{"confidence_level":0.95,"lower_bound":44650.36781827261,"upper_bound":46046.9323815746},"point_estimate":45310.52421407748,"standard_error":357.7682686353917},"median":{"confidence_interval":{"confidence_level":0.95,"lower_bound":43911.52272727273,"upper_bound":45454.095948616596},"point_estimate":44825.3069534632,"standard_error":434.20680191653463},"median_abs_dev":{"confidence_interval":{"confidence_level":0.95,"lower_bound":2144.5825898980765,"upper_bound":3481.4610492768716},"point_estimate":2903.7672636337807,"standard_error":336.07821857905464},"slope":{"confidence_interval":{"confidence_level":0.95,"lower_bound":44186.27671361541,"upper_bound":45620.25035967134},"point_estimate":44887.38253932856,"standard_error":365.9810480393872},"std_dev":{"confidence_interval":{"confidence_level":0.95,"lower_bound":2461.375179517058,"upper_bound":4750.231935244247},"point_estimate":3603.072622248429,"standard_error":600.1059076006551}}