{"mean":{"confidence_interval":{"confidence_level":0.95,"lower_bound":47632.46827205713,"upper_bound":50076.25021551873},"point_estimate":48684.6207272943,"standard_error":632.6974174352838},"median":{"confidence_interval":{"confidence_level":0.95,"lower_bound":46606.31168831169,"upper_bound":49039.549312169314},"point_estimate":47276.990231472504,"standard_error":661.2692946888586},"median_abs_dev":{"confidence_interval":{"confidence_level":0.95,"lower_bound":2713.731163722517,"upper_bound":4218.006246642825},"point_estimate":3540.0971849479324,"standard_error":374.6872305268247},"slope":{"confidence_interval":{"confidence_level":0.95,"lower_bound":46398.063334854654,"upper_bound":47443.94147943215},"point_estimate":46917.10271260388,"standard_error":268.624247048357},"std_dev":{"confidence_interval":{"confidence_level":0.95,"lower_bound":3060.1896854616657,"upper_bound":9826.745582596242},"point_estimate":6358.005051455587,"standard_error":2136.333886223033}}