{"mean":{"confidence_interval":{"confidence_level":0.95,"lower_bound":36460.261095186295,"upper_bound":36985.1125703855},"point_estimate":36683.25568592259,"standard_error":135.46761422553826},"median":{"confidence_interval":{"confidence_level":0.95,"lower_bound":36276.503002645506,"upper_bound":36376.64656084656},"point_estimate":36317.60709208487,"standard_error":25.821321899900894},"median_abs_dev":{"confidence_interval":{"confidence_level":0.95,"lower_bound":131.5316417188434,"upper_bound":270.6826286081632},"point_estimate":191.04370987032507,"standard_error":35.78105440767801},"slope":{"confidence_interval":{"confidence_level":0.95,"lower_bound":36227.44138332212,"upper_bound":36267.467884848505},"point_estimate":36246.08033167496,"standard_error":10.165895443335842},"std_dev":{"confidence_interval":{"confidence_level":0.95,"lower_bound":454.0303501877669,"upper_bound":2114.4801195608434},"point_estimate":1361.090008882166,"standard_error":451.0150718101004}}