{"mean":{"confidence_interval":{"confidence_level":0.95,"lower_bound":43510.995972834986,"upper_bound":44135.79054927552},"point_estimate":43772.00209466939,"standard_error":162.6531853360042},"median":{"confidence_interval":{"confidence_level":0.95,"lower_bound":43375.30039525692,"upper_bound":43549.81682109765},"point_estimate":43471.95699056378,"standard_error":39.221579700589864},"median_abs_dev":{"confidence_interval":{"confidence_level":0.95,"lower_bound":246.30671929581126,"upper_bound":412.04458715188343},"point_estimate":313.6922243685081,"standard_error":43.45306613327561},"slope":{"confidence_interval":{"confidence_level":0.95,"lower_bound":43303.36085864506,"upper_bound":43402.51299241762},"point_estimate":43352.942979549094,"standard_error":25.23065452544518},"std_dev":{"confidence_interval":{"confidence_level":0.95,"lower_bound":526.3916793537784,"upper_bound":2590.4642195362653},"point_estimate":1635.775647776893,"standard_error":589.8805010880728}}