{"mean":{"confidence_interval":{"confidence_level":0.95,"lower_bound":32621.544467100077,"upper_bound":33049.20506681231},"point_estimate":32799.6482151615,"standard_error":110.9546336197998},"median":{"confidence_interval":{"confidence_level":0.95,"lower_bound":32468.78329549364,"upper_bound":32573.750643939395},"point_estimate":32524.885137201978,"standard_error":31.452963998675745},"median_abs_dev":{"confidence_interval":{"confidence_level":0.95,"lower_bound":137.40864410609873,"upper_bound":270.6737699746433},"point_estimate":199.33501995509062,"standard_error":36.67196667113375},"slope":{"confidence_interval":{"confidence_level":0.95,"lower_bound":32414.93196126623,"upper_bound":32455.168058102292},"point_estimate":32433.81320880745,"standard_error":10.315691938866841},"std_dev":{"confidence_interval":{"confidence_level":0.95,"lower_bound":380.50899703333647,"upper_bound":1767.0004666948316},"point_estimate":1115.8199435433817,"standard_error":398.9270783948778}}