{"mean":{"confidence_interval":{"confidence_level":0.95,"lower_bound":50510.771322392575,"upper_bound":52144.118120055995},"point_estimate":51220.88217486889,"standard_error":420.95681902246844},"median":{"confidence_interval":{"confidence_level":0.95,"lower_bound":50554.50280112045,"upper_bound":51068.55756148613},"point_estimate":50847.876870748296,"standard_error":134.391032051021},"median_abs_dev":{"confidence_interval":{"confidence_level":0.95,"lower_bound":807.8786838510471,"upper_bound":1612.15759593023},"point_estimate":1162.890719994296,"standard_error":210.04243131658546},"slope":{"confidence_interval":{"confidence_level":0.95,"lower_bound":49780.4352434372,"upper_bound":50730.76632149954},"point_estimate":50256.63326507491,"standard_error":242.40459602536512},"std_dev":{"confidence_interval":{"confidence_level":0.95,"lower_bound":2053.104605772238,"upper_bound":6542.1809012529175},"point_estimate":4240.794128672752,"standard_error":1399.3698376345492}}