{"mean":{"confidence_interval":{"confidence_level":0.95,"lower_bound":15016.579832130403,"upper_bound":15131.678246634261},"point_estimate":15067.90709661561,"standard_error":29.58142577345258},"median":{"confidence_interval":{"confidence_level":0.95,"lower_bound":14974.386742424242,"upper_bound":15036.677723177723},"point_estimate":15006.954102500415,"standard_error":15.777182213240845},"median_abs_dev":{"confidence_interval":{"confidence_level":0.95,"lower_bound":97.56251359446094,"upper_bound":177.71134942636266},"point_estimate":134.39328657508062,"standard_error":19.40494653538081},"slope":{"confidence_interval":{"confidence_level":0.95,"lower_bound":14948.724771720228,"upper_bound":15006.25031685065},"point_estimate":14976.577269144826,"standard_error":14.686343615240043},"std_dev":{"confidence_interval":{"confidence_level":0.95,"lower_bound":157.7395358368583,"upper_bound":437.75120559607404},"point_estimate":296.305649897017,"standard_error":81.35930404910917}}