{"mean":{"confidence_interval":{"confidence_level":0.95,"lower_bound":13506.918739534203,"upper_bound":13614.591860407576},"point_estimate":13556.31903600414,"standard_error":27.54381410248999},"median":{"confidence_interval":{"confidence_level":0.95,"lower_bound":13471.330412830412,"upper_bound":13562.767720550739},"point_estimate":13518.26129013629,"standard_error":23.637044373959526},"median_abs_dev":{"confidence_interval":{"confidence_level":0.95,"lower_bound":144.00550091509587,"upper_bound":232.4657107039869},"point_estimate":179.15167080590803,"standard_error":22.335393429196397},"slope":{"confidence_interval":{"confidence_level":0.95,"lower_bound":13383.48432091686,"upper_bound":13433.450655704779},"point_estimate":13406.95423422092,"standard_error":12.78859107999826},"std_dev":{"confidence_interval":{"confidence_level":0.95,"lower_bound":175.36639678025918,"upper_bound":389.0603021823351},"point_estimate":276.6020961230282,"standard_error":62.079138175875336}}