{"mean":{"confidence_interval":{"confidence_level":0.95,"lower_bound":17768.698394483028,"upper_bound":17977.69634711038},"point_estimate":17867.05121167257,"standard_error":53.32850152752365},"median":{"confidence_interval":{"confidence_level":0.95,"lower_bound":17715.59794168096,"upper_bound":17935.74061228265},"point_estimate":17822.574738599513,"standard_error":67.45147904653835},"median_abs_dev":{"confidence_interval":{"confidence_level":0.95,"lower_bound":266.9627659453065,"upper_bound":461.50542207285343},"point_estimate":317.2126280760113,"standard_error":48.58772381620673},"slope":{"confidence_interval":{"confidence_level":0.95,"lower_bound":17678.57225297203,"upper_bound":17830.726619896825},"point_estimate":17757.781048819048,"standard_error":38.93757814266419},"std_dev":{"confidence_interval":{"confidence_level":0.95,"lower_bound":367.63875671744523,"upper_bound":725.2359782136557},"point_estimate":536.2876921337648,"standard_error":97.81068541652004}}