{"mean":{"confidence_interval":{"confidence_level":0.95,"lower_bound":15568.610369187963,"upper_bound":15838.874536527015},"point_estimate":15702.857929259773,"standard_error":69.09980805242823},"median":{"confidence_interval":{"confidence_level":0.95,"lower_bound":15479.811705508475,"upper_bound":15827.942852069806},"point_estimate":15658.453595430106,"standard_error":96.01395353995568},"median_abs_dev":{"confidence_interval":{"confidence_level":0.95,"lower_bound":504.38128267736437,"upper_bound":852.9153887486837},"point_estimate":669.0054232062068,"standard_error":89.18026477890155},"slope":{"confidence_interval":{"confidence_level":0.95,"lower_bound":15468.772710711615,"upper_bound":15766.692539793032},"point_estimate":15617.5885378953,"standard_error":75.95748532934148},"std_dev":{"confidence_interval":{"confidence_level":0.95,"lower_bound":590.4658233353756,"upper_bound":796.6876400626169},"point_estimate":696.1813712841865,"standard_error":52.92209526958291}}