{"mean":{"confidence_interval":{"confidence_level":0.95,"lower_bound":20570.16203880525,"upper_bound":21820.20839123738},"point_estimate":21054.620186665426,"standard_error":333.0504701265585},"median":{"confidence_interval":{"confidence_level":0.95,"lower_bound":20342.125,"upper_bound":20920.446527777778},"point_estimate":20614.71736545139,"standard_error":160.92966517088038},"median_abs_dev":{"confidence_interval":{"confidence_level":0.95,"lower_bound":829.8424359618002,"upper_bound":1360.839172987544},"point_estimate":1058.2480368169142,"standard_error":138.74478425017764},"slope":{"confidence_interval":{"confidence_level":0.95,"lower_bound":20246.216833329705,"upper_bound":20738.82900888015},"point_estimate":20482.52206843259,"standard_error":125.72493790656605},"std_dev":{"confidence_interval":{"confidence_level":0.95,"lower_bound":1008.4761135721839,"upper_bound":5534.969079838049},"point_estimate":3351.9768733101287,"standard_error":1530.0685071444877}}