{"mean":{"confidence_interval":{"confidence_level":0.95,"lower_bound":17212.668143055886,"upper_bound":17316.93015305782},"point_estimate":17259.15798631977,"standard_error":26.7528435211267},"median":{"confidence_interval":{"confidence_level":0.95,"lower_bound":17165.98407046477,"upper_bound":17227.302148106275},"point_estimate":17186.702349080562,"standard_error":17.883886038186297},"median_abs_dev":{"confidence_interval":{"confidence_level":0.95,"lower_bound":80.90027595040188,"upper_bound":159.95013722902996},"point_estimate":103.21179112581086,"standard_error":21.264945880769204},"slope":{"confidence_interval":{"confidence_level":0.95,"lower_bound":17166.989942908072,"upper_bound":17222.2745444029},"point_estimate":17193.701487747334,"standard_error":14.119087988837038},"std_dev":{"confidence_interval":{"confidence_level":0.95,"lower_bound":140.19872215924676,"upper_bound":393.8664482081416},"point_estimate":268.7842084713066,"standard_error":69.09319881201056}}