{"mean":{"confidence_interval":{"confidence_level":0.95,"lower_bound":57214.63912996147,"upper_bound":58281.354505915064},"point_estimate":57661.78354441766,"standard_error":276.25666592467144},"median":{"confidence_interval":{"confidence_level":0.95,"lower_bound":56834.1767578125,"upper_bound":57359.34464285714},"point_estimate":57162.321651785714,"standard_error":140.71987261125906},"median_abs_dev":{"confidence_interval":{"confidence_level":0.95,"lower_bound":701.3024841743978,"upper_bound":1100.4300661452833},"point_estimate":907.2093480648218,"standard_error":100.63451534077694},"slope":{"confidence_interval":{"confidence_level":0.95,"lower_bound":56551.13616821762,"upper_bound":56828.563155442775},"point_estimate":56690.996274567755,"standard_error":70.51117086515625},"std_dev":{"confidence_interval":{"confidence_level":0.95,"lower_bound":1078.4461841979037,"upper_bound":4369.273019655064},"point_estimate":2776.417024511844,"standard_error":979.3415065374471}}