{"mean":{"confidence_interval":{"confidence_level":0.95,"lower_bound":57487.139039205955,"upper_bound":58424.99131382879},"point_estimate":57920.999328657075,"standard_error":239.35772745025608},"median":{"confidence_interval":{"confidence_level":0.95,"lower_bound":57574.95694444444,"upper_bound":58121.307397959186},"point_estimate":57965.61441166776,"standard_error":140.33102266236415},"median_abs_dev":{"confidence_interval":{"confidence_level":0.95,"lower_bound":853.1765310962431,"upper_bound":1647.387760813988},"point_estimate":1221.5074231377857,"standard_error":219.3240644337219},"slope":{"confidence_interval":{"confidence_level":0.95,"lower_bound":56475.70928080366,"upper_bound":57096.59425450664},"point_estimate":56788.43562564652,"standard_error":158.56707665114382},"std_dev":{"confidence_interval":{"confidence_level":0.95,"lower_bound":1421.5329290395157,"upper_bound":3412.4145528899085},"point_estimate":2406.4443508944014,"standard_error":544.8637892275891}}