{"mean":{"confidence_interval":{"confidence_level":0.95,"lower_bound":50439.622299816205,"upper_bound":52298.972422883155},"point_estimate":51323.6702955655,"standard_error":474.2061520556559},"median":{"confidence_interval":{"confidence_level":0.95,"lower_bound":49282.87368421053,"upper_bound":51799.98380566802},"point_estimate":50406.957092597804,"standard_error":713.6900465570329},"median_abs_dev":{"confidence_interval":{"confidence_level":0.95,"lower_bound":3255.931180815596,"upper_bound":5343.4027449251125},"point_estimate":4372.610541440022,"standard_error":533.0222894828727},"slope":{"confidence_interval":{"confidence_level":0.95,"lower_bound":48230.12579704415,"upper_bound":49451.95593176434},"point_estimate":48806.4468661383,"standard_error":311.57522309659413},"std_dev":{"confidence_interval":{"confidence_level":0.95,"lower_bound":3531.113982309484,"upper_bound":6125.857559324783},"point_estimate":4760.284697648294,"standard_error":690.7227496242273}}