{"mean":{"confidence_interval":{"confidence_level":0.95,"lower_bound":55403.51529195422,"upper_bound":56414.094233498916},"point_estimate":55837.17115139628,"standard_error":262.2357155788981},"median":{"confidence_interval":{"confidence_level":0.95,"lower_bound":55209.42079689984,"upper_bound":55928.52080344333},"point_estimate":55602.88156031643,"standard_error":217.27941852312313},"median_abs_dev":{"confidence_interval":{"confidence_level":0.95,"lower_bound":1013.9096396046475,"upper_bound":1625.252084782373},"point_estimate":1331.7509808455918,"standard_error":165.09539618129728},"slope":{"confidence_interval":{"confidence_level":0.95,"lower_bound":54849.97922558945,"upper_bound":55396.18744900678},"point_estimate":55121.82621145872,"standard_error":139.71478290632504},"std_dev":{"confidence_interval":{"confidence_level":0.95,"lower_bound":1214.2465875838957,"upper_bound":4092.4470143135486},"point_estimate":2637.967629773261,"standard_error":885.8119408979986}}