{"mean":{"confidence_interval":{"confidence_level":0.95,"lower_bound":66089.38869703897,"upper_bound":67767.85538664772},"point_estimate":66901.98433534974,"standard_error":428.52543227646674},"median":{"confidence_interval":{"confidence_level":0.95,"lower_bound":65180.842936507936,"upper_bound":66698.83555113469},"point_estimate":66086.03299319727,"standard_error":357.4659370766794},"median_abs_dev":{"confidence_interval":{"confidence_level":0.95,"lower_bound":2544.6765870541317,"upper_bound":4269.25473619319},"point_estimate":3171.677430456175,"standard_error":438.1914458547025},"slope":{"confidence_interval":{"confidence_level":0.95,"lower_bound":65539.79445987447,"upper_bound":67085.02456883981},"point_estimate":66280.44173075218,"standard_error":392.99770863377324},"std_dev":{"confidence_interval":{"confidence_level":0.95,"lower_bound":3414.1656641873187,"upper_bound":5093.07569905341},"point_estimate":4306.6409615634975,"standard_error":428.5163802498629}}