{"mean":{"confidence_interval":{"confidence_level":0.95,"lower_bound":47750.97777528394,"upper_bound":48490.64915895872},"point_estimate":48058.218636556485,"standard_error":193.68222075489882},"median":{"confidence_interval":{"confidence_level":0.95,"lower_bound":47519.251622206204,"upper_bound":47742.79106858054},"point_estimate":47582.18055792891,"standard_error":54.53220867296351},"median_abs_dev":{"confidence_interval":{"confidence_level":0.95,"lower_bound":282.03179057993844,"upper_bound":508.2539203646829},"point_estimate":389.5083794148084,"standard_error":60.91325771248331},"slope":{"confidence_interval":{"confidence_level":0.95,"lower_bound":47381.1426791347,"upper_bound":47480.781702438435},"point_estimate":47427.92725097804,"standard_error":25.507497649242033},"std_dev":{"confidence_interval":{"confidence_level":0.95,"lower_bound":607.7369430866653,"upper_bound":3123.9432072827817},"point_estimate":1953.2493760731413,"standard_error":754.7511526876436}}