{"mean":{"confidence_interval":{"confidence_level":0.95,"lower_bound":57469.659916844415,"upper_bound":59375.122272084314},"point_estimate":58362.53632173245,"standard_error":486.50476019816125},"median":{"confidence_interval":{"confidence_level":0.95,"lower_bound":56340.11336429308,"upper_bound":58301.659737678856},"point_estimate":56596.38284829722,"standard_error":599.944730346756},"median_abs_dev":{"confidence_interval":{"confidence_level":0.95,"lower_bound":2448.7173506442196,"upper_bound":4114.646840144284},"point_estimate":3154.8467778259865,"standard_error":431.7800567799516},"slope":{"confidence_interval":{"confidence_level":0.95,"lower_bound":56209.56637687289,"upper_bound":57386.93230777687},"point_estimate":56786.77401855023,"standard_error":300.1752390040431},"std_dev":{"confidence_interval":{"confidence_level":0.95,"lower_bound":3269.8858517902454,"upper_bound":6533.585766390514},"point_estimate":4898.736034100342,"standard_error":856.5559599309706}}