{"mean":{"confidence_interval":{"confidence_level":0.95,"lower_bound":78220.86157969342,"upper_bound":80138.51993870831},"point_estimate":79158.19725434431,"standard_error":487.43702920332896},"median":{"confidence_interval":{"confidence_level":0.95,"lower_bound":77800.25174825174,"upper_bound":79862.98965415855},"point_estimate":79008.97606887494,"standard_error":534.9938619679901},"median_abs_dev":{"confidence_interval":{"confidence_level":0.95,"lower_bound":3382.8025288082163,"upper_bound":5687.939285033221},"point_estimate":4683.121654106494,"standard_error":581.6167436792874},"slope":{"confidence_interval":{"confidence_level":0.95,"lower_bound":78822.60101729148,"upper_bound":80599.66578925318},"point_estimate":79693.54458537472,"standard_error":453.4334670579867},"std_dev":{"confidence_interval":{"confidence_level":0.95,"lower_bound":3949.9930535035187,"upper_bound":5758.7325050725585},"point_estimate":4886.830025106502,"standard_error":464.5312101638463}}