{"mean":{"confidence_interval":{"confidence_level":0.95,"lower_bound":62998.44222506352,"upper_bound":63900.31451347978},"point_estimate":63416.59922818271,"standard_error":230.09643761701685},"median":{"confidence_interval":{"confidence_level":0.95,"lower_bound":62833.55392156863,"upper_bound":63314.866727941175},"point_estimate":63117.35825558816,"standard_error":126.23724345074501},"median_abs_dev":{"confidence_interval":{"confidence_level":0.95,"lower_bound":808.2029319962672,"upper_bound":1508.6873282321835},"point_estimate":1142.7857328263187,"standard_error":178.60139465295745},"slope":{"confidence_interval":{"confidence_level":0.95,"lower_bound":62456.13306913016,"upper_bound":62917.164497022786},"point_estimate":62688.933756030565,"standard_error":117.57968845838099},"std_dev":{"confidence_interval":{"confidence_level":0.95,"lower_bound":1441.6559002278973,"upper_bound":3178.5376381232786},"point_estimate":2301.049232119758,"standard_error":466.28856756461596}}