{"mean":{"confidence_interval":{"confidence_level":0.95,"lower_bound":1090105.0856111103,"upper_bound":1114514.6819305553},"point_estimate":1101896.3866666667,"standard_error":6253.7154589849615},"median":{"confidence_interval":{"confidence_level":0.95,"lower_bound":1074981.2777777778,"upper_bound":1099495.527777778},"point_estimate":1085442.5555555555,"standard_error":7797.140273696715},"median_abs_dev":{"confidence_interval":{"confidence_level":0.95,"lower_bound":35072.220244010095,"upper_bound":62232.9987451433},"point_estimate":48090.436412890675,"standard_error":6664.170750891789},"slope":null,"std_dev":{"confidence_interval":{"confidence_level":0.95,"lower_bound":50144.7852483719,"upper_bound":73454.62395394842},"point_estimate":62463.420713053245,"standard_error":5959.684747933404}}