{"mean":{"confidence_interval":{"confidence_level":0.95,"lower_bound":1331815.4744166667,"upper_bound":1361871.062},"point_estimate":1345410.014,"standard_error":7676.4754066359},"median":{"confidence_interval":{"confidence_level":0.95,"lower_bound":1325795.2333333334,"upper_bound":1343372.6},"point_estimate":1334992.2666666666,"standard_error":4576.396852014958},"median_abs_dev":{"confidence_interval":{"confidence_level":0.95,"lower_bound":30918.09043109415,"upper_bound":49125.57700684641},"point_estimate":38845.65133035165,"standard_error":4678.637600852603},"slope":null,"std_dev":{"confidence_interval":{"confidence_level":0.95,"lower_bound":42472.71264485378,"upper_bound":107828.91258499068},"point_estimate":77140.93501504914,"standard_error":17014.177889093764}}