{"mean":{"confidence_interval":{"confidence_level":0.95,"lower_bound":1250134.8964117654,"upper_bound":1273424.4403529414},"point_estimate":1261417.7682352946,"standard_error":5927.885364557205},"median":{"confidence_interval":{"confidence_level":0.95,"lower_bound":1238874.4705882352,"upper_bound":1268898.7352941176},"point_estimate":1252083.3529411764,"standard_error":7748.455391881926},"median_abs_dev":{"confidence_interval":{"confidence_level":0.95,"lower_bound":41727.07856507879,"upper_bound":62820.98771999858},"point_estimate":52211.06624953874,"standard_error":5263.451801331118},"slope":null,"std_dev":{"confidence_interval":{"confidence_level":0.95,"lower_bound":47922.68518122671,"upper_bound":72117.47907171454},"point_estimate":59684.249952238206,"standard_error":6253.643814050991}}