{"mean":{"confidence_interval":{"confidence_level":0.95,"lower_bound":726548.4960526319,"upper_bound":731826.5864868421},"point_estimate":729246.0357894741,"standard_error":1352.9623997535002},"median":{"confidence_interval":{"confidence_level":0.95,"lower_bound":729133.947368421,"upper_bound":735044.8947368421},"point_estimate":732489.3421052631,"standard_error":1315.0781308785158},"median_abs_dev":{"confidence_interval":{"confidence_level":0.95,"lower_bound":8771.022428493805,"upper_bound":15322.202538502808},"point_estimate":12813.604367249909,"standard_error":1658.792640522833},"slope":null,"std_dev":{"confidence_interval":{"confidence_level":0.95,"lower_bound":11584.649675162384,"upper_bound":15192.159167660124},"point_estimate":13574.27539039629,"standard_error":923.501142060878}}