{"mean":{"confidence_interval":{"confidence_level":0.95,"lower_bound":1138259.5487744643,"upper_bound":1150702.2352375323},"point_estimate":1142842.0782663405,"standard_error":3500.8362143070917},"median":{"confidence_interval":{"confidence_level":0.95,"lower_bound":1136862.3639175259,"upper_bound":1138265.4175824176},"point_estimate":1137523.9404965753,"standard_error":351.679570289364},"median_abs_dev":{"confidence_interval":{"confidence_level":0.95,"lower_bound":2659.5860719318607,"upper_bound":4601.121207969073},"point_estimate":3430.2988026381804,"standard_error":467.28047251425596},"slope":{"confidence_interval":{"confidence_level":0.95,"lower_bound":1135672.5319423722,"upper_bound":1137052.4140788317},"point_estimate":1136379.9516211024,"standard_error":351.0410838761762},"std_dev":{"confidence_interval":{"confidence_level":0.95,"lower_bound":5662.002154971831,"upper_bound":59297.63092428087},"point_estimate":35135.55372898386,"standard_error":18258.37205335945}}