{"mean":{"confidence_interval":{"confidence_level":0.95,"lower_bound":934096.8435172722,"upper_bound":949192.9878686622},"point_estimate":941509.3240175003,"standard_error":3852.254657296249},"median":{"confidence_interval":{"confidence_level":0.95,"lower_bound":927976.5446969697,"upper_bound":942338.3297872341},"point_estimate":935902.8522659063,"standard_error":3948.953730293374},"median_abs_dev":{"confidence_interval":{"confidence_level":0.95,"lower_bound":24527.86065815429,"upper_bound":43358.6795529568},"point_estimate":33444.66135932678,"standard_error":4840.119055739345},"slope":{"confidence_interval":{"confidence_level":0.95,"lower_bound":933755.8820677089,"upper_bound":949154.1898455179},"point_estimate":941204.3622122064,"standard_error":3924.6610020508865},"std_dev":{"confidence_interval":{"confidence_level":0.95,"lower_bound":31746.104509903536,"upper_bound":45850.62946770099},"point_estimate":38807.77377229454,"standard_error":3619.6251424034413}}