{"mean":{"confidence_interval":{"confidence_level":0.95,"lower_bound":339119.5018773249,"upper_bound":339917.62435955275},"point_estimate":339516.378617527,"standard_error":202.98455347390038},"median":{"confidence_interval":{"confidence_level":0.95,"lower_bound":339393.6875,"upper_bound":340240.4791666667},"point_estimate":339760.32777577505,"standard_error":253.59953933000048},"median_abs_dev":{"confidence_interval":{"confidence_level":0.95,"lower_bound":1099.9456159837375,"upper_bound":1939.7448024533096},"point_estimate":1516.9442864167297,"standard_error":216.21526493439546},"slope":{"confidence_interval":{"confidence_level":0.95,"lower_bound":340327.59062546055,"upper_bound":340893.7953005744},"point_estimate":340613.5816683907,"standard_error":144.21864793307995},"std_dev":{"confidence_interval":{"confidence_level":0.95,"lower_bound":1580.7860179297566,"upper_bound":2508.279283092813},"point_estimate":2033.467871034925,"standard_error":240.04745103000081}}