{"mean":{"confidence_interval":{"confidence_level":0.95,"lower_bound":359913.3396718223,"upper_bound":363140.19006753754},"point_estimate":361485.018610947,"standard_error":822.0694986795027},"median":{"confidence_interval":{"confidence_level":0.95,"lower_bound":357774.625,"upper_bound":363512.5882352941},"point_estimate":361271.15652676165,"standard_error":1495.254653873463},"median_abs_dev":{"confidence_interval":{"confidence_level":0.95,"lower_bound":6728.11589930208,"upper_bound":9602.63161910257},"point_estimate":8429.299101841394,"standard_error":730.9922318820296},"slope":{"confidence_interval":{"confidence_level":0.95,"lower_bound":361367.1753220892,"upper_bound":363896.59978691296},"point_estimate":362724.5397162701,"standard_error":645.9069936113605},"std_dev":{"confidence_interval":{"confidence_level":0.95,"lower_bound":6644.01674112414,"upper_bound":9877.359310366654},"point_estimate":8268.325214362554,"standard_error":831.573062433142}}