{"mean":{"confidence_interval":{"confidence_level":0.95,"lower_bound":476932.9630618065,"upper_bound":488002.5710854214},"point_estimate":482103.2591088451,"standard_error":2832.653024060558},"median":{"confidence_interval":{"confidence_level":0.95,"lower_bound":474064.07692307694,"upper_bound":484449.1070491803},"point_estimate":479964.1717391304,"standard_error":2387.052103130038},"median_abs_dev":{"confidence_interval":{"confidence_level":0.95,"lower_bound":14768.935244114753,"upper_bound":24060.394886948303},"point_estimate":18904.39572443298,"standard_error":2446.0120203802844},"slope":{"confidence_interval":{"confidence_level":0.95,"lower_bound":481360.84609312506,"upper_bound":488731.46725296916},"point_estimate":485084.73163588,"standard_error":1881.405448467727},"std_dev":{"confidence_interval":{"confidence_level":0.95,"lower_bound":17913.887659565153,"upper_bound":39198.95430341379},"point_estimate":28397.521796827794,"standard_error":5699.068688684371}}