{"mean":{"confidence_interval":{"confidence_level":0.95,"lower_bound":474626.43303588685,"upper_bound":521866.27622559696},"point_estimate":492060.7325749863,"standard_error":13230.81840882199},"median":{"confidence_interval":{"confidence_level":0.95,"lower_bound":471704.47857142857,"upper_bound":480577.5294117647},"point_estimate":474852.6923668033,"standard_error":1942.2263491976903},"median_abs_dev":{"confidence_interval":{"confidence_level":0.95,"lower_bound":18115.731832926896,"upper_bound":33542.208382059245},"point_estimate":26031.09358574304,"standard_error":4358.626261505798},"slope":{"confidence_interval":{"confidence_level":0.95,"lower_bound":471305.65334178327,"upper_bound":485567.74231391784},"point_estimate":478218.16452490026,"standard_error":3651.8369219443634},"std_dev":{"confidence_interval":{"confidence_level":0.95,"lower_bound":23145.262658360516,"upper_bound":224520.05110953216},"point_estimate":132924.7283304116,"standard_error":68949.09650117744}}