{"mean":{"confidence_interval":{"confidence_level":0.95,"lower_bound":965690.8475730454,"upper_bound":975262.6449686146},"point_estimate":970520.991521771,"standard_error":2453.68711228988},"median":{"confidence_interval":{"confidence_level":0.95,"lower_bound":961268.6690721649,"upper_bound":977285.5922577247},"point_estimate":969336.8092055004,"standard_error":4314.330442107877},"median_abs_dev":{"confidence_interval":{"confidence_level":0.95,"lower_bound":21991.400410109483,"upper_bound":36186.0139703902},"point_estimate":27677.323169950076,"standard_error":3688.5492229324013},"slope":{"confidence_interval":{"confidence_level":0.95,"lower_bound":966281.7555852192,"upper_bound":976652.2578772091},"point_estimate":971281.7014216048,"standard_error":2651.220894016481},"std_dev":{"confidence_interval":{"confidence_level":0.95,"lower_bound":22016.043188813437,"upper_bound":27028.83817654502},"point_estimate":24708.546912256388,"standard_error":1277.8698340765193}}