{"mean":{"confidence_interval":{"confidence_level":0.95,"lower_bound":1312588.581318182,"upper_bound":1351269.5910340915},"point_estimate":1331383.020909092,"standard_error":9839.350061345041},"median":{"confidence_interval":{"confidence_level":0.95,"lower_bound":1293591.0,"upper_bound":1336090.1818181819},"point_estimate":1312292.5681818181,"standard_error":10883.457244482894},"median_abs_dev":{"confidence_interval":{"confidence_level":0.95,"lower_bound":62907.99731043254,"upper_bound":105563.40941678405},"point_estimate":77310.47888655543,"standard_error":10967.128585860697},"slope":null,"std_dev":{"confidence_interval":{"confidence_level":0.95,"lower_bound":79872.9359839053,"upper_bound":115736.45349654443},"point_estimate":98694.45490669302,"standard_error":9185.511431762907}}