{"mean":{"confidence_interval":{"confidence_level":0.95,"lower_bound":1228119.5953989131,"upper_bound":1242864.939330358},"point_estimate":1234917.2186968762,"standard_error":3753.888960376493},"median":{"confidence_interval":{"confidence_level":0.95,"lower_bound":1220561.2857142857,"upper_bound":1228048.1370644465},"point_estimate":1223651.5062111802,"standard_error":1917.2419388748283},"median_abs_dev":{"confidence_interval":{"confidence_level":0.95,"lower_bound":12543.245368339118,"upper_bound":23160.545373705052},"point_estimate":17380.283927887736,"standard_error":2658.129379997895},"slope":{"confidence_interval":{"confidence_level":0.95,"lower_bound":1223595.5371650832,"upper_bound":1232380.6473098132},"point_estimate":1227677.6409516772,"standard_error":2253.9071989713934},"std_dev":{"confidence_interval":{"confidence_level":0.95,"lower_bound":23935.759160332695,"upper_bound":51653.483369485235},"point_estimate":37807.036438168034,"standard_error":7297.548534533039}}