{"mean":{"confidence_interval":{"confidence_level":0.95,"lower_bound":1465.9041015459024,"upper_bound":1521.158309834459},"point_estimate":1489.9652027808781,"standard_error":14.199025030215152},"median":{"confidence_interval":{"confidence_level":0.95,"lower_bound":1441.4880607814762,"upper_bound":1461.6335949385877},"point_estimate":1449.6727176796912,"standard_error":6.252394100432365},"median_abs_dev":{"confidence_interval":{"confidence_level":0.95,"lower_bound":40.059659691723816,"upper_bound":70.71249213856845},"point_estimate":53.77769494633627,"standard_error":7.756124136320931},"slope":{"confidence_interval":{"confidence_level":0.95,"lower_bound":1430.1354290651384,"upper_bound":1449.308880296946},"point_estimate":1439.1109806657275,"standard_error":4.900932242901072},"std_dev":{"confidence_interval":{"confidence_level":0.95,"lower_bound":68.16378933761361,"upper_bound":215.58024138513755},"point_estimate":142.85274859831918,"standard_error":42.1593354986006}}