{"mean":{"confidence_interval":{"confidence_level":0.95,"lower_bound":796.3141356827523,"upper_bound":819.0186410686266},"point_estimate":805.684416580307,"standard_error":5.913241121911602},"median":{"confidence_interval":{"confidence_level":0.95,"lower_bound":789.8034797384213,"upper_bound":792.657692221676},"point_estimate":790.9489492855678,"standard_error":0.8261359600555007},"median_abs_dev":{"confidence_interval":{"confidence_level":0.95,"lower_bound":4.678876921325533,"upper_bound":8.858168373282078},"point_estimate":6.820853176059432,"standard_error":1.0665257825634427},"slope":{"confidence_interval":{"confidence_level":0.95,"lower_bound":787.6103313339196,"upper_bound":789.1532161262011},"point_estimate":788.32788239892,"standard_error":0.39227786735026404},"std_dev":{"confidence_interval":{"confidence_level":0.95,"lower_bound":17.6191081624421,"upper_bound":95.14835418144173},"point_estimate":59.4924377204525,"standard_error":22.477564691764336}}