{"mean":{"confidence_interval":{"confidence_level":0.95,"lower_bound":904.6821162965851,"upper_bound":928.5918385568249},"point_estimate":914.6245661958324,"standard_error":6.231927940484823},"median":{"confidence_interval":{"confidence_level":0.95,"lower_bound":896.2078203590294,"upper_bound":901.6515035011696},"point_estimate":898.669878346733,"standard_error":1.2065202876752783},"median_abs_dev":{"confidence_interval":{"confidence_level":0.95,"lower_bound":5.671443227149956,"upper_bound":11.989090496844595},"point_estimate":8.178468127261544,"standard_error":1.5395753408950543},"slope":{"confidence_interval":{"confidence_level":0.95,"lower_bound":895.2214600174854,"upper_bound":897.9790050934112},"point_estimate":896.4306994188502,"standard_error":0.7079732068281792},"std_dev":{"confidence_interval":{"confidence_level":0.95,"lower_bound":19.73292832825428,"upper_bound":99.66253038455727},"point_estimate":62.6562655298626,"standard_error":23.239219078248755}}