{"mean":{"confidence_interval":{"confidence_level":0.95,"lower_bound":1318.187731002653,"upper_bound":1357.4561186037513},"point_estimate":1334.9499605044716,"standard_error":10.140385835765164},"median":{"confidence_interval":{"confidence_level":0.95,"lower_bound":1302.4817984708434,"upper_bound":1318.9985236220473},"point_estimate":1309.5011471828052,"standard_error":4.551783196807569},"median_abs_dev":{"confidence_interval":{"confidence_level":0.95,"lower_bound":23.352199819860648,"upper_bound":43.26153693508863},"point_estimate":31.495710220764817,"standard_error":5.034741441753613},"slope":{"confidence_interval":{"confidence_level":0.95,"lower_bound":1303.0056391168987,"upper_bound":1323.3843763753964},"point_estimate":1311.9365987866856,"standard_error":5.24745195405191},"std_dev":{"confidence_interval":{"confidence_level":0.95,"lower_bound":44.69290831885482,"upper_bound":157.9603473809236},"point_estimate":102.06409172949654,"standard_error":34.31793297395515}}