{"mean":{"confidence_interval":{"confidence_level":0.95,"lower_bound":1127.5069619220646,"upper_bound":1169.3308619775894},"point_estimate":1145.1582123180394,"standard_error":10.824536865958311},"median":{"confidence_interval":{"confidence_level":0.95,"lower_bound":1117.2637871138872,"upper_bound":1125.2906785317018},"point_estimate":1120.4107541049545,"standard_error":1.8086899757166415},"median_abs_dev":{"confidence_interval":{"confidence_level":0.95,"lower_bound":12.750500744648239,"upper_bound":21.71123302338659},"point_estimate":15.713580960861036,"standard_error":2.388314945280545},"slope":{"confidence_interval":{"confidence_level":0.95,"lower_bound":1110.6372844689295,"upper_bound":1115.762673741519},"point_estimate":1113.108991252287,"standard_error":1.3094161721665127},"std_dev":{"confidence_interval":{"confidence_level":0.95,"lower_bound":35.91269295463747,"upper_bound":171.35457103566588},"point_estimate":109.19030325823275,"standard_error":37.796385503044654}}