{"mean":{"confidence_interval":{"confidence_level":0.95,"lower_bound":1412.6169616274115,"upper_bound":1468.9434369048067},"point_estimate":1437.1920128604968,"standard_error":14.462389951033586},"median":{"confidence_interval":{"confidence_level":0.95,"lower_bound":1390.1997625945598,"upper_bound":1416.909516100018},"point_estimate":1401.0256764736896,"standard_error":6.9562716652208305},"median_abs_dev":{"confidence_interval":{"confidence_level":0.95,"lower_bound":27.42728908927823,"upper_bound":49.09966567935716},"point_estimate":35.3934777326141,"standard_error":5.783751111998134},"slope":{"confidence_interval":{"confidence_level":0.95,"lower_bound":1386.2793282608648,"upper_bound":1403.404173360362},"point_estimate":1394.501386079865,"standard_error":4.387777483717157},"std_dev":{"confidence_interval":{"confidence_level":0.95,"lower_bound":59.91388662983418,"upper_bound":220.88918610335972},"point_estimate":145.73669388029916,"standard_error":43.13403852921246}}