{"mean":{"confidence_interval":{"confidence_level":0.95,"lower_bound":1086.9706364300846,"upper_bound":1122.0162319537537},"point_estimate":1101.8789139458706,"standard_error":9.083068339570909},"median":{"confidence_interval":{"confidence_level":0.95,"lower_bound":1079.6532467734455,"upper_bound":1089.7423463356974},"point_estimate":1084.0563203591128,"standard_error":2.5186901108483366},"median_abs_dev":{"confidence_interval":{"confidence_level":0.95,"lower_bound":18.705519004654903,"upper_bound":31.69618302021928},"point_estimate":25.16907115038206,"standard_error":3.205311507831607},"slope":{"confidence_interval":{"confidence_level":0.95,"lower_bound":1066.8540109145479,"upper_bound":1076.7926346720087},"point_estimate":1071.9433080646902,"standard_error":2.5299306577503904},"std_dev":{"confidence_interval":{"confidence_level":0.95,"lower_bound":37.1405039876924,"upper_bound":142.66752742084807},"point_estimate":91.19208621457463,"standard_error":31.670646869477245}}