{"mean":{"confidence_interval":{"confidence_level":0.95,"lower_bound":1092.8091562632687,"upper_bound":1133.7680530966006},"point_estimate":1109.995848249681,"standard_error":10.639260324556217},"median":{"confidence_interval":{"confidence_level":0.95,"lower_bound":1081.4494324546763,"upper_bound":1089.3183340026774},"point_estimate":1086.767200886517,"standard_error":2.2034772307390624},"median_abs_dev":{"confidence_interval":{"confidence_level":0.95,"lower_bound":14.057556049417512,"upper_bound":26.238522220137135},"point_estimate":19.552816614088467,"standard_error":3.112301332370403},"slope":{"confidence_interval":{"confidence_level":0.95,"lower_bound":1075.2607446745355,"upper_bound":1080.9595744255057},"point_estimate":1078.183584183342,"standard_error":1.45117128498394},"std_dev":{"confidence_interval":{"confidence_level":0.95,"lower_bound":36.542709309417184,"upper_bound":169.10305469110432},"point_estimate":107.1609441264308,"standard_error":37.7673188215296}}