{"mean":{"confidence_interval":{"confidence_level":0.95,"lower_bound":1618007.8512118172,"upper_bound":1624531.4649955824},"point_estimate":1620836.6340484235,"standard_error":1683.2084090133806},"median":{"confidence_interval":{"confidence_level":0.95,"lower_bound":1615098.1244343892,"upper_bound":1618875.3611859838},"point_estimate":1617654.9897360704,"standard_error":937.5740539020095},"median_abs_dev":{"confidence_interval":{"confidence_level":0.95,"lower_bound":6664.649295012129,"upper_bound":11054.87909423695},"point_estimate":9255.266722049852,"standard_error":1072.6369732651463},"slope":{"confidence_interval":{"confidence_level":0.95,"lower_bound":1619080.7057734178,"upper_bound":1623243.242169329},"point_estimate":1621229.2208955223,"standard_error":1062.249174911668},"std_dev":{"confidence_interval":{"confidence_level":0.95,"lower_bound":7944.733501901133,"upper_bound":25952.650175102717},"point_estimate":16951.338677344585,"standard_error":5361.814359670751}}