{"mean":{"confidence_interval":{"confidence_level":0.95,"lower_bound":1716258.8822464643,"upper_bound":1731355.7090479105},"point_estimate":1723788.5040190113,"standard_error":3856.7415349881207},"median":{"confidence_interval":{"confidence_level":0.95,"lower_bound":1716791.6578947369,"upper_bound":1728157.385897436},"point_estimate":1724532.4393939395,"standard_error":2902.399717947289},"median_abs_dev":{"confidence_interval":{"confidence_level":0.95,"lower_bound":24990.770350781302,"upper_bound":39390.2242760115},"point_estimate":34414.971805188514,"standard_error":3875.1794156622605},"slope":{"confidence_interval":{"confidence_level":0.95,"lower_bound":1710146.9192689895,"upper_bound":1724845.7207156713},"point_estimate":1717195.19536279,"standard_error":3743.3376497530867},"std_dev":{"confidence_interval":{"confidence_level":0.95,"lower_bound":27580.596843168583,"upper_bound":49531.274270252754},"point_estimate":38649.847421622006,"standard_error":5650.387451218829}}