{"mean":{"confidence_interval":{"confidence_level":0.95,"lower_bound":1846976.9459800005,"upper_bound":1866260.1429499998},"point_estimate":1856119.2996000017,"standard_error":4934.848178053196},"median":{"confidence_interval":{"confidence_level":0.95,"lower_bound":1838946.48,"upper_bound":1851984.82},"point_estimate":1844874.6,"standard_error":3513.151602675582},"median_abs_dev":{"confidence_interval":{"confidence_level":0.95,"lower_bound":21002.808488425697,"upper_bound":35838.474035739855},"point_estimate":27645.27075719848,"standard_error":3875.1531200060485},"slope":null,"std_dev":{"confidence_interval":{"confidence_level":0.95,"lower_bound":34778.27068681636,"upper_bound":64087.51716771245},"point_estimate":49487.53815378795,"standard_error":7609.692096958582}}