{"mean":{"confidence_interval":{"confidence_level":0.95,"lower_bound":1809371.3225957444,"upper_bound":1851078.0043588881},"point_estimate":1830033.9739311952,"standard_error":10636.342145126544},"median":{"confidence_interval":{"confidence_level":0.95,"lower_bound":1817699.925,"upper_bound":1854934.25},"point_estimate":1846102.6652260637,"standard_error":10131.986977533685},"median_abs_dev":{"confidence_interval":{"confidence_level":0.95,"lower_bound":66129.33252669022,"upper_bound":115289.42930353672},"point_estimate":91970.00088265334,"standard_error":13541.681768530725},"slope":{"confidence_interval":{"confidence_level":0.95,"lower_bound":1793175.4230145675,"upper_bound":1835904.578496662},"point_estimate":1814674.4307965124,"standard_error":10888.698632761387},"std_dev":{"confidence_interval":{"confidence_level":0.95,"lower_bound":89170.13643312396,"upper_bound":122900.68231068573},"point_estimate":106757.89781633139,"standard_error":8619.612837669893}}