{"mean":{"confidence_interval":{"confidence_level":0.95,"lower_bound":1896557.467867739,"upper_bound":1906564.9768431073},"point_estimate":1901315.3812755826,"standard_error":2536.914239473123},"median":{"confidence_interval":{"confidence_level":0.95,"lower_bound":1898287.7816091955,"upper_bound":1906560.1108621424},"point_estimate":1902114.595533033,"standard_error":1850.9307488664197},"median_abs_dev":{"confidence_interval":{"confidence_level":0.95,"lower_bound":11897.497322454905,"upper_bound":19514.059161282737},"point_estimate":15302.900618929018,"standard_error":1893.7589536651137},"slope":{"confidence_interval":{"confidence_level":0.95,"lower_bound":1899014.6151503029,"upper_bound":1904666.149392914},"point_estimate":1901865.4846815427,"standard_error":1441.602369607332},"std_dev":{"confidence_interval":{"confidence_level":0.95,"lower_bound":17469.467832035916,"upper_bound":34067.79245103711},"point_estimate":25384.992915170824,"standard_error":4424.6442644493145}}