{"mean":{"confidence_interval":{"confidence_level":0.95,"lower_bound":1705446.558170691,"upper_bound":1725321.3833897272},"point_estimate":1715307.1908169491,"standard_error":5080.3079397129395},"median":{"confidence_interval":{"confidence_level":0.95,"lower_bound":1701344.5238095238,"upper_bound":1722269.6825396826},"point_estimate":1708660.3907130607,"standard_error":5678.344244577251},"median_abs_dev":{"confidence_interval":{"confidence_level":0.95,"lower_bound":34603.990391017454,"upper_bound":57554.99881569701},"point_estimate":46761.338887623446,"standard_error":6087.863268679994},"slope":{"confidence_interval":{"confidence_level":0.95,"lower_bound":1699401.3301642162,"upper_bound":1717155.9403374968},"point_estimate":1708063.0313698833,"standard_error":4514.747089032034},"std_dev":{"confidence_interval":{"confidence_level":0.95,"lower_bound":41432.23520423445,"upper_bound":61040.42852395991},"point_estimate":51112.54753239452,"standard_error":5056.197091090118}}