{"mean":{"confidence_interval":{"confidence_level":0.95,"lower_bound":17082.81719018542,"upper_bound":17496.94971185088},"point_estimate":17270.124264571452,"standard_error":105.77325343399666},"median":{"confidence_interval":{"confidence_level":0.95,"lower_bound":16895.761160714286,"upper_bound":17236.386160714286},"point_estimate":17009.37651975684,"standard_error":94.55168848601475},"median_abs_dev":{"confidence_interval":{"confidence_level":0.95,"lower_bound":465.35604279126886,"upper_bound":770.4620141122625},"point_estimate":621.846815222932,"standard_error":78.41780024546047},"slope":{"confidence_interval":{"confidence_level":0.95,"lower_bound":17110.63742840719,"upper_bound":17372.834000984192},"point_estimate":17244.702270841688,"standard_error":66.59366862518401},"std_dev":{"confidence_interval":{"confidence_level":0.95,"lower_bound":605.9512760114816,"upper_bound":1552.639196996822},"point_estimate":1064.7744626920792,"standard_error":275.25026728270086}}