{"mean":{"confidence_interval":{"confidence_level":0.95,"lower_bound":12932.408446298103,"upper_bound":13335.53959541039},"point_estimate":13121.46323136159,"standard_error":103.37805600875427},"median":{"confidence_interval":{"confidence_level":0.95,"lower_bound":12655.017368421053,"upper_bound":12922.865099287912},"point_estimate":12788.025055991042,"standard_error":69.82515973812538},"median_abs_dev":{"confidence_interval":{"confidence_level":0.95,"lower_bound":348.6909003214046,"upper_bound":724.5482642832395},"point_estimate":541.3288965298419,"standard_error":99.64466537087203},"slope":{"confidence_interval":{"confidence_level":0.95,"lower_bound":12654.459646259835,"upper_bound":12886.670022360535},"point_estimate":12763.412582929543,"standard_error":59.461329164226804},"std_dev":{"confidence_interval":{"confidence_level":0.95,"lower_bound":703.8043914562403,"upper_bound":1383.636090982614},"point_estimate":1037.7185028975396,"standard_error":179.7103060212937}}