{"mean":{"confidence_interval":{"confidence_level":0.95,"lower_bound":16150.541061484888,"upper_bound":16618.4863634747},"point_estimate":16381.451958788102,"standard_error":119.65506746869869},"median":{"confidence_interval":{"confidence_level":0.95,"lower_bound":16019.021296296296,"upper_bound":16631.429559748427},"point_estimate":16424.615185185183,"standard_error":130.97107413803758},"median_abs_dev":{"confidence_interval":{"confidence_level":0.95,"lower_bound":807.0887543430264,"upper_bound":1476.4552656297835},"point_estimate":1094.7191309289137,"standard_error":174.40808034611757},"slope":{"confidence_interval":{"confidence_level":0.95,"lower_bound":16501.256891667083,"upper_bound":16912.334404087214},"point_estimate":16702.13577212945,"standard_error":105.05824000669362},"std_dev":{"confidence_interval":{"confidence_level":0.95,"lower_bound":1007.380167370407,"upper_bound":1376.772840133734},"point_estimate":1196.220682719105,"standard_error":94.57752217867964}}