{"mean":{"confidence_interval":{"confidence_level":0.95,"lower_bound":15765.045194660825,"upper_bound":15908.008972993019},"point_estimate":15831.200046493661,"standard_error":36.57673394338114},"median":{"confidence_interval":{"confidence_level":0.95,"lower_bound":15731.08712797619,"upper_bound":15831.78125},"point_estimate":15783.11109839171,"standard_error":25.740464132136097},"median_abs_dev":{"confidence_interval":{"confidence_level":0.95,"lower_bound":191.45172554839496,"upper_bound":298.45195480858087},"point_estimate":230.9992158195694,"standard_error":26.7935752223773},"slope":{"confidence_interval":{"confidence_level":0.95,"lower_bound":15703.174676021352,"upper_bound":15776.44461796235},"point_estimate":15740.063116225801,"standard_error":18.745082676372398},"std_dev":{"confidence_interval":{"confidence_level":0.95,"lower_bound":225.79136635608089,"upper_bound":511.6259390782267},"point_estimate":367.60713576606076,"standard_error":76.28755841528307}}