{"mean":{"confidence_interval":{"confidence_level":0.95,"lower_bound":15787.78439817237,"upper_bound":15974.09607661615},"point_estimate":15872.696333869013,"standard_error":47.58849460464703},"median":{"confidence_interval":{"confidence_level":0.95,"lower_bound":15783.085317460318,"upper_bound":15920.181216931216},"point_estimate":15856.623962842714,"standard_error":28.80512132608804},"median_abs_dev":{"confidence_interval":{"confidence_level":0.95,"lower_bound":174.51855026902305,"upper_bound":281.9991974779856},"point_estimate":225.77420934374987,"standard_error":25.815999587645084},"slope":{"confidence_interval":{"confidence_level":0.95,"lower_bound":15702.326068694443,"upper_bound":15800.837820429904},"point_estimate":15752.745736006436,"standard_error":25.148594577047923},"std_dev":{"confidence_interval":{"confidence_level":0.95,"lower_bound":262.1985339325913,"upper_bound":697.0803968560576},"point_estimate":479.83137651258915,"standard_error":117.61786527861426}}