{"mean":{"confidence_interval":{"confidence_level":0.95,"lower_bound":13913.322459876736,"upper_bound":14037.898692768476},"point_estimate":13965.969943984759,"standard_error":32.216994649280615},"median":{"confidence_interval":{"confidence_level":0.95,"lower_bound":13870.081047819971,"upper_bound":13927.209757834758},"point_estimate":13894.715410052911,"standard_error":15.146761108787478},"median_abs_dev":{"confidence_interval":{"confidence_level":0.95,"lower_bound":62.71651056083197,"upper_bound":101.25043998274852},"point_estimate":79.79097811952083,"standard_error":9.82520025403501},"slope":{"confidence_interval":{"confidence_level":0.95,"lower_bound":13845.464448773688,"upper_bound":13874.6668243271},"point_estimate":13858.972648884292,"standard_error":7.434906890237101},"std_dev":{"confidence_interval":{"confidence_level":0.95,"lower_bound":117.91068570507092,"upper_bound":504.6376926526307},"point_estimate":322.6262365426343,"standard_error":110.17908665930669}}