{"mean":{"confidence_interval":{"confidence_level":0.95,"lower_bound":15374.363906950422,"upper_bound":15897.433354211471},"point_estimate":15579.872447129172,"standard_error":138.0814989236982},"median":{"confidence_interval":{"confidence_level":0.95,"lower_bound":15342.807133838383,"upper_bound":15489.265625},"point_estimate":15419.526138015328,"standard_error":35.86026087649248},"median_abs_dev":{"confidence_interval":{"confidence_level":0.95,"lower_bound":238.92148027751824,"upper_bound":490.29684814402987},"point_estimate":359.37081794959977,"standard_error":66.8959695271138},"slope":{"confidence_interval":{"confidence_level":0.95,"lower_bound":15276.59789132299,"upper_bound":15707.346171116904},"point_estimate":15432.569860582607,"standard_error":116.24760681450363},"std_dev":{"confidence_interval":{"confidence_level":0.95,"lower_bound":358.8053608158596,"upper_bound":2278.131784804315},"point_estimate":1385.2554552684437,"standard_error":601.8820303563235}}