{"mean":{"confidence_interval":{"confidence_level":0.95,"lower_bound":13623.455125322056,"upper_bound":13941.721951003514},"point_estimate":13778.23474801105,"standard_error":81.32063942019849},"median":{"confidence_interval":{"confidence_level":0.95,"lower_bound":13526.490215264188,"upper_bound":13844.93911982365},"point_estimate":13661.72377321671,"standard_error":89.65366062502792},"median_abs_dev":{"confidence_interval":{"confidence_level":0.95,"lower_bound":581.3991332957846,"upper_bound":931.769692044116},"point_estimate":778.7974111735812,"standard_error":84.13849247169625},"slope":{"confidence_interval":{"confidence_level":0.95,"lower_bound":13516.2772460065,"upper_bound":13791.827421050411},"point_estimate":13654.099417843645,"standard_error":70.14765958025043},"std_dev":{"confidence_interval":{"confidence_level":0.95,"lower_bound":643.8802413806127,"upper_bound":989.7035735385354},"point_estimate":812.3332751607124,"standard_error":89.55072984849178}}