{"mean":{"confidence_interval":{"confidence_level":0.95,"lower_bound":16584.47894123972,"upper_bound":17155.079784178284},"point_estimate":16851.51315654203,"standard_error":145.61603276383372},"median":{"confidence_interval":{"confidence_level":0.95,"lower_bound":16203.124381993235,"upper_bound":16573.82786885246},"point_estimate":16365.206384516203,"standard_error":86.90025146726603},"median_abs_dev":{"confidence_interval":{"confidence_level":0.95,"lower_bound":508.7711182950605,"upper_bound":898.9209845071605},"point_estimate":672.860097134362,"standard_error":96.6667856693569},"slope":{"confidence_interval":{"confidence_level":0.95,"lower_bound":16386.764270572592,"upper_bound":16945.86846788082},"point_estimate":16643.21878082401,"standard_error":142.3329167452145},"std_dev":{"confidence_interval":{"confidence_level":0.95,"lower_bound":1032.5035738355868,"upper_bound":1867.526706942741},"point_estimate":1465.6966205546894,"standard_error":214.17424786736893}}