{"mean":{"confidence_interval":{"confidence_level":0.95,"lower_bound":17271.578891602272,"upper_bound":17570.992950481108},"point_estimate":17415.41321327422,"standard_error":76.34296631652742},"median":{"confidence_interval":{"confidence_level":0.95,"lower_bound":17062.116923774956,"upper_bound":17352.513686906546},"point_estimate":17151.21637046213,"standard_error":73.60668325750322},"median_abs_dev":{"confidence_interval":{"confidence_level":0.95,"lower_bound":386.73090991191265,"upper_bound":690.2037301260574},"point_estimate":502.1399201772744,"standard_error":83.40509830841731},"slope":{"confidence_interval":{"confidence_level":0.95,"lower_bound":17165.311940188145,"upper_bound":17396.328999619644},"point_estimate":17276.34061979281,"standard_error":59.01691973266221},"std_dev":{"confidence_interval":{"confidence_level":0.95,"lower_bound":596.2937853386644,"upper_bound":925.6124273524421},"point_estimate":769.5002156944286,"standard_error":84.30941192664855}}