{"mean":{"confidence_interval":{"confidence_level":0.95,"lower_bound":14652.757192954994,"upper_bound":15018.636906076206},"point_estimate":14827.597648996005,"standard_error":93.06308527811233},"median":{"confidence_interval":{"confidence_level":0.95,"lower_bound":14424.26192102228,"upper_bound":14705.333578431373},"point_estimate":14560.816030578899,"standard_error":76.94317732548856},"median_abs_dev":{"confidence_interval":{"confidence_level":0.95,"lower_bound":430.8070659796325,"upper_bound":849.8165448139093},"point_estimate":683.2969421898325,"standard_error":111.24848401811877},"slope":{"confidence_interval":{"confidence_level":0.95,"lower_bound":14717.914784337654,"upper_bound":15280.958513477388},"point_estimate":14985.13565569068,"standard_error":143.84858716332923},"std_dev":{"confidence_interval":{"confidence_level":0.95,"lower_bound":704.320081760702,"upper_bound":1164.3033594346073},"point_estimate":937.2622627713243,"standard_error":118.14817503415156}}