{"mean":{"confidence_interval":{"confidence_level":0.95,"lower_bound":238012920.61025,"upper_bound":239615393.83},"point_estimate":238797393.39,"standard_error":409728.343240927},"median":{"confidence_interval":{"confidence_level":0.95,"lower_bound":236846792.4,"upper_bound":239090850.0},"point_estimate":237807786.5,"standard_error":539859.5469186059},"median_abs_dev":{"confidence_interval":{"confidence_level":0.95,"lower_bound":2857242.9476737976,"upper_bound":4669066.106307507},"point_estimate":3923643.750241399,"standard_error":475135.53470922797},"slope":null,"std_dev":{"confidence_interval":{"confidence_level":0.95,"lower_bound":3457208.6605516197,"upper_bound":4707009.835996493},"point_estimate":4128655.8419330097,"standard_error":319426.6198627017}}