{"mean":{"confidence_interval":{"confidence_level":0.95,"lower_bound":210845299.28350002,"upper_bound":214050376.0325},"point_estimate":212386744.2,"standard_error":818999.1035408264},"median":{"confidence_interval":{"confidence_level":0.95,"lower_bound":210430742.0,"upper_bound":213254834.0},"point_estimate":211940658.0,"standard_error":822462.3950354679},"median_abs_dev":{"confidence_interval":{"confidence_level":0.95,"lower_bound":5619465.636787043,"upper_bound":9191954.804897672},"point_estimate":7188057.576486468,"standard_error":891332.6819550231},"slope":null,"std_dev":{"confidence_interval":{"confidence_level":0.95,"lower_bound":6340440.41114938,"upper_bound":10566218.922189005},"point_estimate":8270502.548728613,"standard_error":1149717.051325312}}