{"mean":{"confidence_interval":{"confidence_level":0.95,"lower_bound":193916977.951,"upper_bound":197846880.74225},"point_estimate":195845358.17,"standard_error":1000773.2293746163},"median":{"confidence_interval":{"confidence_level":0.95,"lower_bound":192691201.0,"upper_bound":197565090.0},"point_estimate":194560894.0,"standard_error":1109675.557050933},"median_abs_dev":{"confidence_interval":{"confidence_level":0.95,"lower_bound":7890536.424314976,"upper_bound":12705717.947128415},"point_estimate":10563289.820364118,"standard_error":1224269.3993930153},"slope":null,"std_dev":{"confidence_interval":{"confidence_level":0.95,"lower_bound":8504615.410000233,"upper_bound":11491392.633905798},"point_estimate":10051148.056881463,"standard_error":762594.6523861936}}