{"mean":{"confidence_interval":{"confidence_level":0.95,"lower_bound":175983060.5975,"upper_bound":176169646.2135},"point_estimate":176073916.34,"standard_error":47532.75899807709},"median":{"confidence_interval":{"confidence_level":0.95,"lower_bound":175923908.0,"upper_bound":176066514.0},"point_estimate":176000867.0,"standard_error":34767.67847899962},"median_abs_dev":{"confidence_interval":{"confidence_level":0.95,"lower_bound":309409.7189068794,"upper_bound":538709.3721359968},"point_estimate":391565.7725483179,"standard_error":56417.10163148296},"slope":null,"std_dev":{"confidence_interval":{"confidence_level":0.95,"lower_bound":387269.10395879066,"upper_bound":569498.0885131429},"point_estimate":476876.34923237324,"standard_error":47250.672270259405}}