{"mean":{"confidence_interval":{"confidence_level":0.95,"lower_bound":239076220.51700002,"upper_bound":239740218.91975},"point_estimate":239372516.69,"standard_error":169814.04467829075},"median":{"confidence_interval":{"confidence_level":0.95,"lower_bound":238806177.0,"upper_bound":239344784.0},"point_estimate":239102533.0,"standard_error":137721.9530884594},"median_abs_dev":{"confidence_interval":{"confidence_level":0.95,"lower_bound":727714.330240488,"upper_bound":1161060.363087058},"point_estimate":931452.3290634155,"standard_error":111802.01874800761},"slope":null,"std_dev":{"confidence_interval":{"confidence_level":0.95,"lower_bound":916235.466491566,"upper_bound":2541024.7360453913},"point_estimate":1713772.842946693,"standard_error":473414.5864958536}}