{"mean":{"confidence_interval":{"confidence_level":0.95,"lower_bound":187499012.4695,"upper_bound":188083960.40524998},"point_estimate":187786844.72,"standard_error":149012.7219342801},"median":{"confidence_interval":{"confidence_level":0.95,"lower_bound":187194218.0,"upper_bound":188040174.0},"point_estimate":187572833.5,"standard_error":197904.05153494855},"median_abs_dev":{"confidence_interval":{"confidence_level":0.95,"lower_bound":1147208.7465854746,"upper_bound":1843345.4579740763},"point_estimate":1592428.7558287382,"standard_error":174034.83835901206},"slope":null,"std_dev":{"confidence_interval":{"confidence_level":0.95,"lower_bound":1290340.8650974282,"upper_bound":1675296.5557226725},"point_estimate":1495730.9913587582,"standard_error":98162.92298721187}}