{"mean":{"confidence_interval":{"confidence_level":0.95,"lower_bound":219177254.29000002,"upper_bound":219955539.158},"point_estimate":219561323.38,"standard_error":199158.7838246717},"median":{"confidence_interval":{"confidence_level":0.95,"lower_bound":218861622.0,"upper_bound":219754435.5},"point_estimate":219379666.0,"standard_error":217443.65814555823},"median_abs_dev":{"confidence_interval":{"confidence_level":0.95,"lower_bound":1496865.5506253242,"upper_bound":2289717.1508768946},"point_estimate":1982844.0307974815,"standard_error":195394.7134046264},"slope":null,"std_dev":{"confidence_interval":{"confidence_level":0.95,"lower_bound":1662784.040777984,"upper_bound":2332885.2592202392},"point_estimate":1996312.0502189705,"standard_error":171550.87896738638}}