{"mean":{"confidence_interval":{"confidence_level":0.95,"lower_bound":232990324.1155,"upper_bound":234128875.2525},"point_estimate":233540546.47,"standard_error":290755.89020987443},"median":{"confidence_interval":{"confidence_level":0.95,"lower_bound":232373124.0,"upper_bound":233195997.0},"point_estimate":232731668.5,"standard_error":185154.00963844522},"median_abs_dev":{"confidence_interval":{"confidence_level":0.95,"lower_bound":1345514.3323123455,"upper_bound":2338141.701489687},"point_estimate":1990632.1284592152,"standard_error":264351.8757681002},"slope":null,"std_dev":{"confidence_interval":{"confidence_level":0.95,"lower_bound":2228348.5913553517,"upper_bound":3510630.7715343884},"point_estimate":2919510.0555969737,"standard_error":327408.2550863914}}