{"mean":{"confidence_interval":{"confidence_level":0.95,"lower_bound":203585736.4245,"upper_bound":207547557.37},"point_estimate":205499472.07,"standard_error":1007943.6375383234},"median":{"confidence_interval":{"confidence_level":0.95,"lower_bound":201864421.0,"upper_bound":206264910.0},"point_estimate":203435766.0,"standard_error":1117520.7491587684},"median_abs_dev":{"confidence_interval":{"confidence_level":0.95,"lower_bound":6861999.742475152,"upper_bound":11352557.84675181},"point_estimate":8291597.508394718,"standard_error":1166341.8563765017},"slope":null,"std_dev":{"confidence_interval":{"confidence_level":0.95,"lower_bound":7998102.6938836835,"upper_bound":12335398.150032107},"point_estimate":10173729.759901457,"standard_error":1125731.017179005}}