{"mean":{"confidence_interval":{"confidence_level":0.95,"lower_bound":237329704.768,"upper_bound":238970590.3565},"point_estimate":238080420.22,"standard_error":420046.3776198004},"median":{"confidence_interval":{"confidence_level":0.95,"lower_bound":237106771.5,"upper_bound":237885710.0},"point_estimate":237489651.5,"standard_error":223026.95962919644},"median_abs_dev":{"confidence_interval":{"confidence_level":0.95,"lower_bound":1547912.209019065,"upper_bound":2345931.2817513943},"point_estimate":2051074.022886157,"standard_error":193804.61527983783},"slope":null,"std_dev":{"confidence_interval":{"confidence_level":0.95,"lower_bound":2422037.9007413588,"upper_bound":5735210.589803382},"point_estimate":4228589.2063943185,"standard_error":841072.7385975653}}