{"mean":{"confidence_interval":{"confidence_level":0.95,"lower_bound":189279367.11150002,"upper_bound":189660312.06},"point_estimate":189470509.42,"standard_error":96840.48510956546},"median":{"confidence_interval":{"confidence_level":0.95,"lower_bound":189256921.0,"upper_bound":189809252.0},"point_estimate":189523057.0,"standard_error":152833.1927070026},"median_abs_dev":{"confidence_interval":{"confidence_level":0.95,"lower_bound":761699.821177125,"upper_bound":1251860.7158750296},"point_estimate":979005.2406191826,"standard_error":122924.98678608619},"slope":null,"std_dev":{"confidence_interval":{"confidence_level":0.95,"lower_bound":852672.0736339604,"upper_bound":1083022.922529444},"point_estimate":974857.763815624,"standard_error":58945.91016688198}}