{"mean":{"confidence_interval":{"confidence_level":0.95,"lower_bound":266084.7815224527,"upper_bound":322910.6966434355},"point_estimate":289906.5120795893,"standard_error":14679.671507818905},"median":{"confidence_interval":{"confidence_level":0.95,"lower_bound":245959.95982142858,"upper_bound":255430.20731707316},"point_estimate":249998.0324509804,"standard_error":2432.7249911891367},"median_abs_dev":{"confidence_interval":{"confidence_level":0.95,"lower_bound":9687.061762098145,"upper_bound":22186.92877697997},"point_estimate":15030.964961457832,"standard_error":3256.7353237310763},"slope":{"confidence_interval":{"confidence_level":0.95,"lower_bound":242606.90798586907,"upper_bound":245407.6815321343},"point_estimate":243832.08206221368,"standard_error":717.062828342836},"std_dev":{"confidence_interval":{"confidence_level":0.95,"lower_bound":49338.09413424541,"upper_bound":231935.71819206592},"point_estimate":147043.10112905302,"standard_error":51505.23808450643}}