{"mean":{"confidence_interval":{"confidence_level":0.95,"lower_bound":361804.1244542323,"upper_bound":450234.58916895534},"point_estimate":398521.5206021614,"standard_error":23038.375870781303},"median":{"confidence_interval":{"confidence_level":0.95,"lower_bound":330009.3605442177,"upper_bound":346587.628959276},"point_estimate":339415.74093567254,"standard_error":4625.978541443708},"median_abs_dev":{"confidence_interval":{"confidence_level":0.95,"lower_bound":20727.286662108905,"upper_bound":45976.21038503552},"point_estimate":31549.625249373745,"standard_error":6511.488947255285},"slope":{"confidence_interval":{"confidence_level":0.95,"lower_bound":323842.3215364925,"upper_bound":331291.3764658729},"point_estimate":327420.7448500074,"standard_error":1907.6798725640754},"std_dev":{"confidence_interval":{"confidence_level":0.95,"lower_bound":77171.21558285928,"upper_bound":367794.08830481046},"point_estimate":231669.93485725843,"standard_error":83756.89755358509}}