{"mean":{"confidence_interval":{"confidence_level":0.95,"lower_bound":2978417.5026323525,"upper_bound":3024326.873588235},"point_estimate":3000984.821764706,"standard_error":11712.799290624698},"median":{"confidence_interval":{"confidence_level":0.95,"lower_bound":2944722.970588235,"upper_bound":3029890.823529412},"point_estimate":2999755.470588235,"standard_error":26204.26430879263},"median_abs_dev":{"confidence_interval":{"confidence_level":0.95,"lower_bound":99905.6969204368,"upper_bound":169339.51658185828},"point_estimate":139120.59704188,"standard_error":18692.218366565077},"slope":null,"std_dev":{"confidence_interval":{"confidence_level":0.95,"lower_bound":100399.96984238065,"upper_bound":132418.22477743475},"point_estimate":117321.78801398155,"standard_error":8169.759943882066}}