{"mean":{"confidence_interval":{"confidence_level":0.95,"lower_bound":305954.3647376717,"upper_bound":369647.86031047563},"point_estimate":332519.368488989,"standard_error":16565.933712525926},"median":{"confidence_interval":{"confidence_level":0.95,"lower_bound":283517.1875901876,"upper_bound":294108.11374296434},"point_estimate":286456.7372855392,"standard_error":2871.4775643163316},"median_abs_dev":{"confidence_interval":{"confidence_level":0.95,"lower_bound":9386.313634025424,"upper_bound":23348.28664689544},"point_estimate":13422.143735666326,"standard_error":3505.7026563393024},"slope":{"confidence_interval":{"confidence_level":0.95,"lower_bound":280956.5596273842,"upper_bound":283652.5182169694},"point_estimate":282153.15135953896,"standard_error":684.2101776230851},"std_dev":{"confidence_interval":{"confidence_level":0.95,"lower_bound":54042.815134432814,"upper_bound":263117.03715802514},"point_estimate":166519.24394387007,"standard_error":59131.012824697675}}