{"mean":{"confidence_interval":{"confidence_level":0.95,"lower_bound":249247.6407077648,"upper_bound":309006.9713019529},"point_estimate":274172.8275382339,"standard_error":15486.445422207307},"median":{"confidence_interval":{"confidence_level":0.95,"lower_bound":227625.25618734336,"upper_bound":238774.225},"point_estimate":232498.1063701923,"standard_error":3149.6511641644265},"median_abs_dev":{"confidence_interval":{"confidence_level":0.95,"lower_bound":10853.424501567592,"upper_bound":24773.83596615892},"point_estimate":16899.259743172566,"standard_error":3665.9583553059742},"slope":{"confidence_interval":{"confidence_level":0.95,"lower_bound":224372.3111175624,"upper_bound":227541.81620986128},"point_estimate":225764.65859243387,"standard_error":809.5094357639384},"std_dev":{"confidence_interval":{"confidence_level":0.95,"lower_bound":51151.576605705064,"upper_bound":244438.89212332765},"point_estimate":154808.99841282825,"standard_error":54104.90825496319}}