{"mean":{"confidence_interval":{"confidence_level":0.95,"lower_bound":340249.22048277373,"upper_bound":431438.89056616486},"point_estimate":378275.8687490575,"standard_error":23661.191806642822},"median":{"confidence_interval":{"confidence_level":0.95,"lower_bound":309974.265625,"upper_bound":325624.08282828284},"point_estimate":317835.2914469058,"standard_error":4028.5894491597137},"median_abs_dev":{"confidence_interval":{"confidence_level":0.95,"lower_bound":14472.220051751336,"upper_bound":33776.406596502755},"point_estimate":22772.13340154405,"standard_error":5204.860761607507},"slope":{"confidence_interval":{"confidence_level":0.95,"lower_bound":305498.92550054716,"upper_bound":310010.24983437423},"point_estimate":307518.72088665585,"standard_error":1149.760592877619},"std_dev":{"confidence_interval":{"confidence_level":0.95,"lower_bound":74401.70591497685,"upper_bound":376138.1169850116},"point_estimate":237492.7143218337,"standard_error":84507.47888001261}}