{"mean":{"confidence_interval":{"confidence_level":0.95,"lower_bound":2695541.288447368,"upper_bound":2736825.9094736837},"point_estimate":2715856.1231578942,"standard_error":10557.332434065283},"median":{"confidence_interval":{"confidence_level":0.95,"lower_bound":2678849.4210526315,"upper_bound":2728796.8157894732},"point_estimate":2703583.657894737,"standard_error":10517.1578722188},"median_abs_dev":{"confidence_interval":{"confidence_level":0.95,"lower_bound":72132.4293141299,"upper_bound":122267.75691352398},"point_estimate":93680.88847367409,"standard_error":12925.555514650154},"slope":null,"std_dev":{"confidence_interval":{"confidence_level":0.95,"lower_bound":89332.7072348178,"upper_bound":120139.75752991484},"point_estimate":105641.11050296352,"standard_error":7885.932205786795}}