{"mean":{"confidence_interval":{"confidence_level":0.95,"lower_bound":1117187.359190017,"upper_bound":1172355.6068571582},"point_estimate":1142683.4163232532,"standard_error":14033.01769886293},"median":{"confidence_interval":{"confidence_level":0.95,"lower_bound":1098437.2363636363,"upper_bound":1144274.7415730336},"point_estimate":1113842.1576923076,"standard_error":12120.011052082247},"median_abs_dev":{"confidence_interval":{"confidence_level":0.95,"lower_bound":63650.22192337247,"upper_bound":107202.3385500381},"point_estimate":83672.17683832772,"standard_error":10990.836726280306},"slope":{"confidence_interval":{"confidence_level":0.95,"lower_bound":1146070.8705306232,"upper_bound":1191594.100945914},"point_estimate":1168493.4163617557,"standard_error":11636.21968563364},"std_dev":{"confidence_interval":{"confidence_level":0.95,"lower_bound":89453.02704397244,"upper_bound":198808.02337968565},"point_estimate":141079.84030686854,"standard_error":31324.049898800844}}