{"mean":{"confidence_interval":{"confidence_level":0.95,"lower_bound":1985042.7373763456,"upper_bound":2061627.9696652023},"point_estimate":2023420.0132014705,"standard_error":19600.453606225074},"median":{"confidence_interval":{"confidence_level":0.95,"lower_bound":1988579.545504645,"upper_bound":2087840.676056338},"point_estimate":2024430.9334375001,"standard_error":25877.982461685806},"median_abs_dev":{"confidence_interval":{"confidence_level":0.95,"lower_bound":133744.4288395051,"upper_bound":224106.9328702477},"point_estimate":182425.62395106995,"standard_error":23327.073514621472},"slope":{"confidence_interval":{"confidence_level":0.95,"lower_bound":1993874.7646746058,"upper_bound":2082228.5846828767},"point_estimate":2039450.8597812916,"standard_error":22580.791388209327},"std_dev":{"confidence_interval":{"confidence_level":0.95,"lower_bound":165255.54028853358,"upper_bound":225393.56870117105},"point_estimate":196685.8261961739,"standard_error":15342.41965400273}}