{"mean":{"confidence_interval":{"confidence_level":0.95,"lower_bound":1263164.909627274,"upper_bound":1341616.1420084508},"point_estimate":1298720.7817373974,"standard_error":19977.684597698037},"median":{"confidence_interval":{"confidence_level":0.95,"lower_bound":1274270.2801796156,"upper_bound":1325511.7727272727},"point_estimate":1294354.9127486437,"standard_error":12244.013779556832},"median_abs_dev":{"confidence_interval":{"confidence_level":0.95,"lower_bound":77396.72040919465,"upper_bound":146187.16742822368},"point_estimate":117646.85464548982,"standard_error":18141.745920115536},"slope":{"confidence_interval":{"confidence_level":0.95,"lower_bound":1282501.4893402548,"upper_bound":1337494.245454503},"point_estimate":1309650.4439781292,"standard_error":14000.999227690241},"std_dev":{"confidence_interval":{"confidence_level":0.95,"lower_bound":117596.4340026469,"upper_bound":294557.76088781946},"point_estimate":200829.02720825054,"standard_error":51172.03221305502}}