{"mean":{"confidence_interval":{"confidence_level":0.95,"lower_bound":710317.9388157838,"upper_bound":759172.6847759901},"point_estimate":733919.2892830205,"standard_error":12474.648640810386},"median":{"confidence_interval":{"confidence_level":0.95,"lower_bound":701403.4152847873,"upper_bound":754844.3},"point_estimate":734546.0318665378,"standard_error":14656.702659702898},"median_abs_dev":{"confidence_interval":{"confidence_level":0.95,"lower_bound":81212.86399637412,"upper_bound":134869.43265362075},"point_estimate":106398.51247611454,"standard_error":13292.99097286974},"slope":{"confidence_interval":{"confidence_level":0.95,"lower_bound":742757.165600406,"upper_bound":771686.7188842025},"point_estimate":757292.7450820156,"standard_error":7399.788084099998},"std_dev":{"confidence_interval":{"confidence_level":0.95,"lower_bound":95350.61112134345,"upper_bound":158358.28474994382},"point_estimate":125591.34045558929,"standard_error":16570.245649361914}}