{"mean":{"confidence_interval":{"confidence_level":0.95,"lower_bound":285464.8377435209,"upper_bound":289403.095557801},"point_estimate":287292.44399787235,"standard_error":1006.4176328969263},"median":{"confidence_interval":{"confidence_level":0.95,"lower_bound":284615.2697368421,"upper_bound":287764.9019297235},"point_estimate":286318.1112820513,"standard_error":810.8624605604009},"median_abs_dev":{"confidence_interval":{"confidence_level":0.95,"lower_bound":5315.121940060452,"upper_bound":9127.766927859398},"point_estimate":6999.944547317063,"standard_error":985.2764904575673},"slope":{"confidence_interval":{"confidence_level":0.95,"lower_bound":282149.8074931493,"upper_bound":284839.37204631226},"point_estimate":283503.0061120142,"standard_error":688.0157254084003},"std_dev":{"confidence_interval":{"confidence_level":0.95,"lower_bound":6480.019661572627,"upper_bound":14036.156034567328},"point_estimate":10122.615174687153,"standard_error":2058.6677231297135}}