{"mean":{"confidence_interval":{"confidence_level":0.95,"lower_bound":228076.43094466493,"upper_bound":231207.87872175733},"point_estimate":229442.10251875728,"standard_error":804.7027675324605},"median":{"confidence_interval":{"confidence_level":0.95,"lower_bound":227099.0487804878,"upper_bound":227863.97265625},"point_estimate":227470.196805835,"standard_error":200.0356741301344},"median_abs_dev":{"confidence_interval":{"confidence_level":0.95,"lower_bound":1365.0513173783866,"upper_bound":2381.3642408744968},"point_estimate":1791.5606570219381,"standard_error":259.1213965489689},"slope":{"confidence_interval":{"confidence_level":0.95,"lower_bound":226344.10065934094,"upper_bound":227003.2419466324},"point_estimate":226663.12754765776,"standard_error":167.70088421928784},"std_dev":{"confidence_interval":{"confidence_level":0.95,"lower_bound":3299.7555174798067,"upper_bound":12166.776569850132},"point_estimate":8079.284126302211,"standard_error":2346.9168707713184}}