{"mean":{"confidence_interval":{"confidence_level":0.95,"lower_bound":283485.0370794715,"upper_bound":286513.25421622786},"point_estimate":284792.91946527263,"standard_error":782.8001379759295},"median":{"confidence_interval":{"confidence_level":0.95,"lower_bound":282863.2589285714,"upper_bound":283937.03205128206},"point_estimate":283437.35480932205,"standard_error":278.2792821937479},"median_abs_dev":{"confidence_interval":{"confidence_level":0.95,"lower_bound":1800.3139886545534,"upper_bound":3623.8014071882794},"point_estimate":2714.9178438971953,"standard_error":474.08859549007826},"slope":{"confidence_interval":{"confidence_level":0.95,"lower_bound":282003.91149301454,"upper_bound":283244.6002230125},"point_estimate":282603.86499039456,"standard_error":317.0299853472051},"std_dev":{"confidence_interval":{"confidence_level":0.95,"lower_bound":3041.179782707094,"upper_bound":12105.8438604316},"point_estimate":7854.638677463244,"standard_error":2434.828341215815}}