{"mean":{"confidence_interval":{"confidence_level":0.95,"lower_bound":263475.1375007166,"upper_bound":271135.8115289158},"point_estimate":267210.30878269754,"standard_error":1947.6940242968813},"median":{"confidence_interval":{"confidence_level":0.95,"lower_bound":257056.56020408164,"upper_bound":275630.578125},"point_estimate":268252.8980263158,"standard_error":5404.398867054658},"median_abs_dev":{"confidence_interval":{"confidence_level":0.95,"lower_bound":15317.62762254057,"upper_bound":25180.56864391299},"point_estimate":22585.181351779604,"standard_error":2559.7586873063183},"slope":{"confidence_interval":{"confidence_level":0.95,"lower_bound":253771.26107974668,"upper_bound":258636.44144061644},"point_estimate":256114.187872026,"standard_error":1245.7179005155224},"std_dev":{"confidence_interval":{"confidence_level":0.95,"lower_bound":16125.33728952095,"upper_bound":23150.07340712264},"point_estimate":19477.418805057878,"standard_error":1830.2327510735706}}