{"mean":{"confidence_interval":{"confidence_level":0.95,"lower_bound":253039.1586956265,"upper_bound":256196.279804885},"point_estimate":254400.13451406796,"standard_error":815.6327399221509},"median":{"confidence_interval":{"confidence_level":0.95,"lower_bound":251736.24408885543,"upper_bound":252617.0340909091},"point_estimate":252058.014520202,"standard_error":199.58245186136944},"median_abs_dev":{"confidence_interval":{"confidence_level":0.95,"lower_bound":1071.9251831862223,"upper_bound":2220.915806877677},"point_estimate":1534.3926963513943,"standard_error":275.46344086684473},"slope":{"confidence_interval":{"confidence_level":0.95,"lower_bound":251486.2567046331,"upper_bound":251951.5943363968},"point_estimate":251700.37421604848,"standard_error":118.61430187147177},"std_dev":{"confidence_interval":{"confidence_level":0.95,"lower_bound":3167.317808237695,"upper_bound":12625.884209210722},"point_estimate":8206.782203812845,"standard_error":2593.9236777603005}}