{"mean":{"confidence_interval":{"confidence_level":0.95,"lower_bound":482668732.89,"upper_bound":484099438.63575},"point_estimate":483366883.77,"standard_error":365450.1045993528},"median":{"confidence_interval":{"confidence_level":0.95,"lower_bound":482268545.0,"upper_bound":483794306.0},"point_estimate":482824676.5,"standard_error":428666.5414890343},"median_abs_dev":{"confidence_interval":{"confidence_level":0.95,"lower_bound":2773400.4365622997,"upper_bound":4654696.747362614},"point_estimate":3747521.251568198,"standard_error":471948.05374273076},"slope":null,"std_dev":{"confidence_interval":{"confidence_level":0.95,"lower_bound":3038099.691515626,"upper_bound":4347576.479022145},"point_estimate":3681572.026148182,"standard_error":336951.1159621203}}