{"mean":{"confidence_interval":{"confidence_level":0.95,"lower_bound":540896701.94475,"upper_bound":545177952.6585},"point_estimate":542995715.79,"standard_error":1096782.560542174},"median":{"confidence_interval":{"confidence_level":0.95,"lower_bound":539087735.0,"upper_bound":543439217.0},"point_estimate":540874420.0,"standard_error":965825.9683853501},"median_abs_dev":{"confidence_interval":{"confidence_level":0.95,"lower_bound":7182102.713692188,"upper_bound":12222326.029402826},"point_estimate":9245437.09706068,"standard_error":1244380.682908452},"slope":null,"std_dev":{"confidence_interval":{"confidence_level":0.95,"lower_bound":9150582.251034668,"upper_bound":12912266.654782977},"point_estimate":11063589.214174708,"standard_error":962973.2736673611}}