{"mean":{"confidence_interval":{"confidence_level":0.95,"lower_bound":465243020.97175,"upper_bound":466030524.52975},"point_estimate":465633331.51,"standard_error":201898.21800390142},"median":{"confidence_interval":{"confidence_level":0.95,"lower_bound":465109864.5,"upper_bound":465767140.0},"point_estimate":465354041.5,"standard_error":193054.54193115095},"median_abs_dev":{"confidence_interval":{"confidence_level":0.95,"lower_bound":1558200.7115364075,"upper_bound":2656413.3281542324},"point_estimate":1872467.427957058,"standard_error":290543.91108375357},"slope":null,"std_dev":{"confidence_interval":{"confidence_level":0.95,"lower_bound":1747250.3006801778,"upper_bound":2313118.1326983054},"point_estimate":2039212.8105776631,"standard_error":144977.74059758364}}