{"mean":{"confidence_interval":{"confidence_level":0.95,"lower_bound":316377123.55974996,"upper_bound":317086691.7655},"point_estimate":316716996.14,"standard_error":181082.49667792997},"median":{"confidence_interval":{"confidence_level":0.95,"lower_bound":316164210.0,"upper_bound":316791261.0},"point_estimate":316496218.5,"standard_error":141754.21118685752},"median_abs_dev":{"confidence_interval":{"confidence_level":0.95,"lower_bound":1029604.1538208723,"upper_bound":1852816.306605935},"point_estimate":1381075.9752810001,"standard_error":205723.99809129958},"slope":null,"std_dev":{"confidence_interval":{"confidence_level":0.95,"lower_bound":1372658.6105769493,"upper_bound":2236219.9370048097},"point_estimate":1818604.8095732199,"standard_error":222517.34915334222}}