{"mean":{"confidence_interval":{"confidence_level":0.95,"lower_bound":503865498.18,"upper_bound":514634070.23025},"point_estimate":509136810.86,"standard_error":2742826.7603881173},"median":{"confidence_interval":{"confidence_level":0.95,"lower_bound":496988818.0,"upper_bound":510829652.0},"point_estimate":503054319.0,"standard_error":3763930.9402671866},"median_abs_dev":{"confidence_interval":{"confidence_level":0.95,"lower_bound":19076065.299332142,"upper_bound":33123385.73874235},"point_estimate":26400462.028098106,"standard_error":3494570.7082952964},"slope":null,"std_dev":{"confidence_interval":{"confidence_level":0.95,"lower_bound":23250019.045441505,"upper_bound":31415319.12607206},"point_estimate":27565486.44584205,"standard_error":2081891.7199076845}}