{"mean":{"confidence_interval":{"confidence_level":0.95,"lower_bound":339612177.3525,"upper_bound":340094502.99224997},"point_estimate":339846503.67,"standard_error":122494.47534924075},"median":{"confidence_interval":{"confidence_level":0.95,"lower_bound":339449426.0,"upper_bound":339994489.0},"point_estimate":339655992.0,"standard_error":125633.44264067242},"median_abs_dev":{"confidence_interval":{"confidence_level":0.95,"lower_bound":719921.636518836,"upper_bound":1240827.9481709003},"point_estimate":952143.4942960739,"standard_error":132531.45925458198},"slope":null,"std_dev":{"confidence_interval":{"confidence_level":0.95,"lower_bound":978909.3060207372,"upper_bound":1496590.8321108804},"point_estimate":1231454.565239946,"standard_error":133765.8254214669}}