{"mean":{"confidence_interval":{"confidence_level":0.95,"lower_bound":429940083.84000003,"upper_bound":434651068.15849996},"point_estimate":432273076.29,"standard_error":1195528.039836521},"median":{"confidence_interval":{"confidence_level":0.95,"lower_bound":428875661.0,"upper_bound":435233119.0},"point_estimate":431764019.5,"standard_error":1355613.5517481642},"median_abs_dev":{"confidence_interval":{"confidence_level":0.95,"lower_bound":8696327.434369331,"upper_bound":15363233.180648088},"point_estimate":11357218.399769068,"standard_error":1710290.4747548848},"slope":null,"std_dev":{"confidence_interval":{"confidence_level":0.95,"lower_bound":10255379.677472278,"upper_bound":13639609.218142278},"point_estimate":12028051.917611552,"standard_error":864644.5454491074}}