{"mean":{"confidence_interval":{"confidence_level":0.95,"lower_bound":398086285.98075,"upper_bound":402488788.41249996},"point_estimate":400167478.74,"standard_error":1125917.7549756486},"median":{"confidence_interval":{"confidence_level":0.95,"lower_bound":397037617.5,"upper_bound":399564385.0},"point_estimate":398169616.5,"standard_error":730760.9198825558},"median_abs_dev":{"confidence_interval":{"confidence_level":0.95,"lower_bound":6269896.756187081,"upper_bound":10930244.433349371},"point_estimate":8822094.017976522,"standard_error":1284149.4222346076},"slope":null,"std_dev":{"confidence_interval":{"confidence_level":0.95,"lower_bound":8062571.776869607,"upper_bound":14931599.476558983},"point_estimate":11321258.049966095,"standard_error":1860030.5471746216}}