{"mean":{"confidence_interval":{"confidence_level":0.95,"lower_bound":320566365.98925,"upper_bound":321309419.63675004},"point_estimate":320929729.97,"standard_error":189099.42509262255},"median":{"confidence_interval":{"confidence_level":0.95,"lower_bound":320081582.5,"upper_bound":321131619.0},"point_estimate":320534090.5,"standard_error":230631.76861940077},"median_abs_dev":{"confidence_interval":{"confidence_level":0.95,"lower_bound":1263029.8827767372,"upper_bound":2080288.6553674936},"point_estimate":1602617.1828478575,"standard_error":203092.41891213835},"slope":null,"std_dev":{"confidence_interval":{"confidence_level":0.95,"lower_bound":1561679.4106484735,"upper_bound":2208560.87927532},"point_estimate":1902836.8725727785,"standard_error":164996.23111347188}}