{"mean":{"confidence_interval":{"confidence_level":0.95,"lower_bound":352528410.7285,"upper_bound":356176724.98275},"point_estimate":354282145.82,"standard_error":932699.7873676467},"median":{"confidence_interval":{"confidence_level":0.95,"lower_bound":349737059.0,"upper_bound":354690799.0},"point_estimate":352472682.0,"standard_error":1181101.4866118522},"median_abs_dev":{"confidence_interval":{"confidence_level":0.95,"lower_bound":5875482.909089327,"upper_bound":9551788.21222186},"point_estimate":7444433.953034878,"standard_error":906099.6658867839},"slope":null,"std_dev":{"confidence_interval":{"confidence_level":0.95,"lower_bound":7330920.5095866835,"upper_bound":11145016.932645988},"point_estimate":9355884.008031286,"standard_error":977222.3493089154}}