{"mean":{"confidence_interval":{"confidence_level":0.95,"lower_bound":534561565.191,"upper_bound":540505568.104},"point_estimate":537498760.06,"standard_error":1518758.5447466995},"median":{"confidence_interval":{"confidence_level":0.95,"lower_bound":529843204.0,"upper_bound":538746613.0},"point_estimate":533133821.0,"standard_error":2514664.5833846102},"median_abs_dev":{"confidence_interval":{"confidence_level":0.95,"lower_bound":10883294.939982891,"upper_bound":19862044.91897818},"point_estimate":14524538.2363379,"standard_error":2308609.2261155373},"slope":null,"std_dev":{"confidence_interval":{"confidence_level":0.95,"lower_bound":13377636.91399611,"upper_bound":16808112.400123283},"point_estimate":15221078.367861815,"standard_error":873373.7048798567}}