{"mean":{"confidence_interval":{"confidence_level":0.95,"lower_bound":299657109.56925,"upper_bound":300017625.078},"point_estimate":299834559.28,"standard_error":91897.09575051897},"median":{"confidence_interval":{"confidence_level":0.95,"lower_bound":299665195.0,"upper_bound":299976801.0},"point_estimate":299786646.5,"standard_error":83518.03493681207},"median_abs_dev":{"confidence_interval":{"confidence_level":0.95,"lower_bound":689569.1085577011,"upper_bound":1068600.2396285534},"point_estimate":892689.011451602,"standard_error":98810.00210953852},"slope":null,"std_dev":{"confidence_interval":{"confidence_level":0.95,"lower_bound":769855.6694244138,"upper_bound":1065810.1600654146},"point_estimate":919143.5265933971,"standard_error":75855.45500881049}}