{"mean":{"confidence_interval":{"confidence_level":0.95,"lower_bound":341339453.81325,"upper_bound":343645849.38600004},"point_estimate":342471332.81,"standard_error":591384.867282437},"median":{"confidence_interval":{"confidence_level":0.95,"lower_bound":340632457.0,"upper_bound":342827169.0},"point_estimate":341591716.5,"standard_error":505939.9903807783},"median_abs_dev":{"confidence_interval":{"confidence_level":0.95,"lower_bound":3734749.394094944,"upper_bound":6847054.393440485},"point_estimate":5312017.823892832,"standard_error":823675.1787280936},"slope":null,"std_dev":{"confidence_interval":{"confidence_level":0.95,"lower_bound":4964442.53986932,"upper_bound":6808904.023374619},"point_estimate":5933005.447052594,"standard_error":471447.8321991447}}