{"mean":{"confidence_interval":{"confidence_level":0.95,"lower_bound":473822766.41824996,"upper_bound":474380917.48725003},"point_estimate":474095366.32,"standard_error":142656.47046305286},"median":{"confidence_interval":{"confidence_level":0.95,"lower_bound":473574116.0,"upper_bound":474270628.0},"point_estimate":473901385.5,"standard_error":196977.90736592156},"median_abs_dev":{"confidence_interval":{"confidence_level":0.95,"lower_bound":922838.6641388389,"upper_bound":1588626.6281962395},"point_estimate":1220921.8196243048,"standard_error":172709.6241009714},"slope":null,"std_dev":{"confidence_interval":{"confidence_level":0.95,"lower_bound":1171093.6643608124,"upper_bound":1694133.858593792},"point_estimate":1439003.8448497215,"standard_error":134224.03939862354}}