{"mean":{"confidence_interval":{"confidence_level":0.95,"lower_bound":3985192.785480769,"upper_bound":3995932.8273076923},"point_estimate":3990539.7515384615,"standard_error":2740.0115677046856},"median":{"confidence_interval":{"confidence_level":0.95,"lower_bound":3985256.4615384615,"upper_bound":3996172.0},"point_estimate":3991560.423076923,"standard_error":2909.042088932448},"median_abs_dev":{"confidence_interval":{"confidence_level":0.95,"lower_bound":16456.889644947358,"upper_bound":30434.263412568806},"point_estimate":23123.598581781967,"standard_error":3677.6091741914847},"slope":null,"std_dev":{"confidence_interval":{"confidence_level":0.95,"lower_bound":22901.41610430622,"upper_bound":31747.516018533843},"point_estimate":27514.058742135916,"standard_error":2265.708487204281}}