{"mean":{"confidence_interval":{"confidence_level":0.95,"lower_bound":213537810.489,"upper_bound":217334643.60500002},"point_estimate":215405831.41,"standard_error":967725.7426815516},"median":{"confidence_interval":{"confidence_level":0.95,"lower_bound":212122748.0,"upper_bound":217147823.0},"point_estimate":214932994.5,"standard_error":1317543.6086209572},"median_abs_dev":{"confidence_interval":{"confidence_level":0.95,"lower_bound":6353618.435400724,"upper_bound":11491495.996785164},"point_estimate":8899200.336107612,"standard_error":1350583.4657385382},"slope":null,"std_dev":{"confidence_interval":{"confidence_level":0.95,"lower_bound":8253188.648004153,"upper_bound":11038350.965589397},"point_estimate":9736511.97419665,"standard_error":711712.5915678145}}