{"mean":{"confidence_interval":{"confidence_level":0.95,"lower_bound":217139822.36725,"upper_bound":217505396.9065},"point_estimate":217323101.19,"standard_error":93243.77713432387},"median":{"confidence_interval":{"confidence_level":0.95,"lower_bound":217016124.0,"upper_bound":217632533.5},"point_estimate":217270669.0,"standard_error":165884.04611856633},"median_abs_dev":{"confidence_interval":{"confidence_level":0.95,"lower_bound":803775.2671301365,"upper_bound":1201149.4957253325},"point_estimate":983645.7785367966,"standard_error":105067.97847278795},"slope":null,"std_dev":{"confidence_interval":{"confidence_level":0.95,"lower_bound":796400.552474984,"upper_bound":1073061.2125642707},"point_estimate":935990.4112506633,"standard_error":70734.00946392737}}