{"mean":{"confidence_interval":{"confidence_level":0.95,"lower_bound":212576219.87075,"upper_bound":215552643.798},"point_estimate":214029599.84,"standard_error":759069.3583894453},"median":{"confidence_interval":{"confidence_level":0.95,"lower_bound":209992341.5,"upper_bound":213762027.0},"point_estimate":211714671.5,"standard_error":945211.042551996},"median_abs_dev":{"confidence_interval":{"confidence_level":0.95,"lower_bound":4353111.449816823,"upper_bound":8596501.605981588},"point_estimate":5874562.214505672,"standard_error":1037483.6885871292},"slope":null,"std_dev":{"confidence_interval":{"confidence_level":0.95,"lower_bound":6469246.066674345,"upper_bound":8547871.403381253},"point_estimate":7596639.518485987,"standard_error":527678.791724685}}