{"mean":{"confidence_interval":{"confidence_level":0.95,"lower_bound":189611610.19,"upper_bound":189872784.9365},"point_estimate":189738583.98,"standard_error":66801.28353528831},"median":{"confidence_interval":{"confidence_level":0.95,"lower_bound":189475711.0,"upper_bound":189760555.0},"point_estimate":189656215.0,"standard_error":74739.33096459319},"median_abs_dev":{"confidence_interval":{"confidence_level":0.95,"lower_bound":441589.43696022034,"upper_bound":706030.4160654545},"point_estimate":562227.1142184734,"standard_error":67751.9032443822},"slope":null,"std_dev":{"confidence_interval":{"confidence_level":0.95,"lower_bound":524080.6395005934,"upper_bound":821426.5172285325},"point_estimate":669431.021917731,"standard_error":77258.3358217708}}