{"mean":{"confidence_interval":{"confidence_level":0.95,"lower_bound":179822224.39624998,"upper_bound":180265320.057},"point_estimate":180042644.58,"standard_error":112736.43133407155},"median":{"confidence_interval":{"confidence_level":0.95,"lower_bound":179638097.5,"upper_bound":180228865.5},"point_estimate":180019074.0,"standard_error":168436.89325234207},"median_abs_dev":{"confidence_interval":{"confidence_level":0.95,"lower_bound":703444.0204113722,"upper_bound":1225740.2695387602},"point_estimate":945608.1936120987,"standard_error":139140.38326717966},"slope":null,"std_dev":{"confidence_interval":{"confidence_level":0.95,"lower_bound":947440.185652152,"upper_bound":1297314.6568938121},"point_estimate":1131572.9557540081,"standard_error":89289.52931114499}}