{"mean":{"confidence_interval":{"confidence_level":0.95,"lower_bound":179752144.57700002,"upper_bound":180066734.25},"point_estimate":179908265.77,"standard_error":80110.99044256566},"median":{"confidence_interval":{"confidence_level":0.95,"lower_bound":179709691.0,"upper_bound":180148688.5},"point_estimate":179933160.5,"standard_error":103518.05533545843},"median_abs_dev":{"confidence_interval":{"confidence_level":0.95,"lower_bound":648801.3157814741,"upper_bound":1051974.3635237217},"point_estimate":863507.7374696732,"standard_error":106842.55933428803},"slope":null,"std_dev":{"confidence_interval":{"confidence_level":0.95,"lower_bound":697559.8972600603,"upper_bound":904889.4045927795},"point_estimate":806159.3216579568,"standard_error":52975.75303113762}}