{"mean":{"confidence_interval":{"confidence_level":0.95,"lower_bound":196557653.18249997,"upper_bound":197024572.03024998},"point_estimate":196790425.25,"standard_error":119103.70391197575},"median":{"confidence_interval":{"confidence_level":0.95,"lower_bound":196499946.0,"upper_bound":197046164.5},"point_estimate":196870662.0,"standard_error":139262.60203532974},"median_abs_dev":{"confidence_interval":{"confidence_level":0.95,"lower_bound":891158.2269787788,"upper_bound":1394555.032941699},"point_estimate":1229735.876467824,"standard_error":125188.71727602778},"slope":null,"std_dev":{"confidence_interval":{"confidence_level":0.95,"lower_bound":1010995.5647330733,"upper_bound":1377886.9250448206},"point_estimate":1200472.4076947172,"standard_error":93818.07641994425}}