{"mean":{"confidence_interval":{"confidence_level":0.95,"lower_bound":221664356.82674998,"upper_bound":222129496.598},"point_estimate":221898703.57,"standard_error":118959.68962858654},"median":{"confidence_interval":{"confidence_level":0.95,"lower_bound":221658907.0,"upper_bound":222318989.0},"point_estimate":222045666.0,"standard_error":192931.70351508886},"median_abs_dev":{"confidence_interval":{"confidence_level":0.95,"lower_bound":997803.1256854534,"upper_bound":1595764.605769515},"point_estimate":1249970.4009085894,"standard_error":154857.62449785124},"slope":null,"std_dev":{"confidence_interval":{"confidence_level":0.95,"lower_bound":1047910.8479596952,"upper_bound":1334011.730447568},"point_estimate":1199611.106272263,"standard_error":72757.49990196979}}