{"mean":{"confidence_interval":{"confidence_level":0.95,"lower_bound":197177115.56524998,"upper_bound":197374090.21575},"point_estimate":197271972.01,"standard_error":50294.252913478245},"median":{"confidence_interval":{"confidence_level":0.95,"lower_bound":197084502.0,"upper_bound":197365807.0},"point_estimate":197200054.5,"standard_error":73483.99669255172},"median_abs_dev":{"confidence_interval":{"confidence_level":0.95,"lower_bound":390697.7102637291,"upper_bound":583989.4579321146},"point_estimate":498533.8780492544,"standard_error":49417.76191891154},"slope":null,"std_dev":{"confidence_interval":{"confidence_level":0.95,"lower_bound":392416.0787563891,"upper_bound":637316.0959594811},"point_estimate":505272.3915583763,"standard_error":65654.69952803386}}