{"mean":{"confidence_interval":{"confidence_level":0.95,"lower_bound":252367.91688590808,"upper_bound":258576.39104684527},"point_estimate":255227.694538621,"standard_error":1581.853015687308},"median":{"confidence_interval":{"confidence_level":0.95,"lower_bound":252375.95833333334,"upper_bound":257217.45170454544},"point_estimate":253993.4815789474,"standard_error":1239.471632606298},"median_abs_dev":{"confidence_interval":{"confidence_level":0.95,"lower_bound":6259.354035287756,"upper_bound":10411.19608902795},"point_estimate":7683.786898201325,"standard_error":1045.386731316636},"slope":{"confidence_interval":{"confidence_level":0.95,"lower_bound":254226.10544393535,"upper_bound":257358.68631615533},"point_estimate":255855.63934609134,"standard_error":800.5769133448891},"std_dev":{"confidence_interval":{"confidence_level":0.95,"lower_bound":9078.654825946724,"upper_bound":22175.10002416002},"point_estimate":15963.630172883104,"standard_error":3373.7297728088556}}