{"mean":{"confidence_interval":{"confidence_level":0.95,"lower_bound":295103.8081967651,"upper_bound":300208.7756975746},"point_estimate":297665.68271459005,"standard_error":1304.55628434685},"median":{"confidence_interval":{"confidence_level":0.95,"lower_bound":297391.86937563197,"upper_bound":303395.7326069201},"point_estimate":302187.34613579477,"standard_error":1350.7769735296208},"median_abs_dev":{"confidence_interval":{"confidence_level":0.95,"lower_bound":5266.3762232827385,"upper_bound":12749.093328208066},"point_estimate":8614.223196693218,"standard_error":2104.6408392475087},"slope":{"confidence_interval":{"confidence_level":0.95,"lower_bound":303035.7309173882,"upper_bound":304597.22145722003},"point_estimate":303875.0951100931,"standard_error":396.8609356253388},"std_dev":{"confidence_interval":{"confidence_level":0.95,"lower_bound":10416.55116218589,"upper_bound":15853.539376699802},"point_estimate":13155.0071552119,"standard_error":1388.251369418326}}