{"mean":{"confidence_interval":{"confidence_level":0.95,"lower_bound":296880.6886935711,"upper_bound":305770.5363558481},"point_estimate":301146.37631798984,"standard_error":2273.0176273497987},"median":{"confidence_interval":{"confidence_level":0.95,"lower_bound":294482.297752809,"upper_bound":302400.2121212121},"point_estimate":297715.3821428571,"standard_error":2003.5617929809694},"median_abs_dev":{"confidence_interval":{"confidence_level":0.95,"lower_bound":13123.322028845729,"upper_bound":22448.58190807069},"point_estimate":17401.516905501438,"standard_error":2345.1618623334043},"slope":{"confidence_interval":{"confidence_level":0.95,"lower_bound":302219.20864749205,"upper_bound":308966.1248181321},"point_estimate":305622.5739943845,"standard_error":1716.4206012632221},"std_dev":{"confidence_interval":{"confidence_level":0.95,"lower_bound":16814.714429276923,"upper_bound":28394.46202046595},"point_estimate":22888.067705906476,"standard_error":2964.3145484453894}}