{"mean":{"confidence_interval":{"confidence_level":0.95,"lower_bound":222883.58223055833,"upper_bound":231141.7431602924},"point_estimate":226653.18561092296,"standard_error":2110.614994755592},"median":{"confidence_interval":{"confidence_level":0.95,"lower_bound":220099.35,"upper_bound":224410.39966666666},"point_estimate":222225.00666666665,"standard_error":1245.0188492979782},"median_abs_dev":{"confidence_interval":{"confidence_level":0.95,"lower_bound":8811.37232009629,"upper_bound":14090.463586140546},"point_estimate":11688.07097358828,"standard_error":1336.288524352563},"slope":{"confidence_interval":{"confidence_level":0.95,"lower_bound":222070.287352891,"upper_bound":227040.98103714257},"point_estimate":224450.41274242647,"standard_error":1275.7506337510565},"std_dev":{"confidence_interval":{"confidence_level":0.95,"lower_bound":12810.054848570382,"upper_bound":29972.86914493427},"point_estimate":21286.999534241288,"standard_error":4671.837137355154}}