{"mean":{"confidence_interval":{"confidence_level":0.95,"lower_bound":233502.16595339304,"upper_bound":237599.0548580685},"point_estimate":235370.18569024644,"standard_error":1050.091435243881},"median":{"confidence_interval":{"confidence_level":0.95,"lower_bound":234927.1,"upper_bound":236581.1357948718},"point_estimate":235941.80074967403,"standard_error":389.76674489365286},"median_abs_dev":{"confidence_interval":{"confidence_level":0.95,"lower_bound":2797.000524718291,"upper_bound":6073.208158916718},"point_estimate":4367.782697071735,"standard_error":923.7409877781462},"slope":{"confidence_interval":{"confidence_level":0.95,"lower_bound":236488.0175678401,"upper_bound":237939.61110065755},"point_estimate":237227.21335835673,"standard_error":369.52096954131144},"std_dev":{"confidence_interval":{"confidence_level":0.95,"lower_bound":5821.271353914389,"upper_bound":15077.056400614485},"point_estimate":10621.179845358036,"standard_error":2449.808633595604}}