{"mean":{"confidence_interval":{"confidence_level":0.95,"lower_bound":1306.481358840141,"upper_bound":1365.1991598489922},"point_estimate":1331.5101934207394,"standard_error":15.18970885250846},"median":{"confidence_interval":{"confidence_level":0.95,"lower_bound":1284.201422196769,"upper_bound":1297.7702007379573},"point_estimate":1290.8840669623578,"standard_error":3.2714731598738047},"median_abs_dev":{"confidence_interval":{"confidence_level":0.95,"lower_bound":22.849629583736064,"upper_bound":44.2439601678009},"point_estimate":30.271126548542515,"standard_error":5.303150210533196},"slope":{"confidence_interval":{"confidence_level":0.95,"lower_bound":1282.3042758325983,"upper_bound":1303.2681591664598},"point_estimate":1292.005428411576,"standard_error":5.358922748287144},"std_dev":{"confidence_interval":{"confidence_level":0.95,"lower_bound":62.66956997873321,"upper_bound":235.05707363845352},"point_estimate":151.85102182260653,"standard_error":50.14840283581796}}