{"mean":{"confidence_interval":{"confidence_level":0.95,"lower_bound":1222.4307178640554,"upper_bound":1279.1225276194737},"point_estimate":1249.1787203500055,"standard_error":14.422375132313455},"median":{"confidence_interval":{"confidence_level":0.95,"lower_bound":1186.1115346826489,"upper_bound":1250.938517038229},"point_estimate":1219.5126530882817,"standard_error":15.228586834338278},"median_abs_dev":{"confidence_interval":{"confidence_level":0.95,"lower_bound":83.87703213792042,"upper_bound":142.98507661830354},"point_estimate":114.28160241573153,"standard_error":13.64764595118252},"slope":{"confidence_interval":{"confidence_level":0.95,"lower_bound":1202.3756919147156,"upper_bound":1254.0438815103303},"point_estimate":1227.2237743609298,"standard_error":13.198231602666482},"std_dev":{"confidence_interval":{"confidence_level":0.95,"lower_bound":101.19241361109265,"upper_bound":188.76873689192007},"point_estimate":144.57275148946036,"standard_error":22.866638566657365}}