{"mean":{"confidence_interval":{"confidence_level":0.95,"lower_bound":1248.5684752054815,"upper_bound":1299.981015684021},"point_estimate":1270.1196653774723,"standard_error":13.351189717670044},"median":{"confidence_interval":{"confidence_level":0.95,"lower_bound":1232.4215112945762,"upper_bound":1239.8743026521483},"point_estimate":1235.215281670169,"standard_error":2.181756884935709},"median_abs_dev":{"confidence_interval":{"confidence_level":0.95,"lower_bound":10.839323676738571,"upper_bound":23.30255095201878},"point_estimate":16.388639822331804,"standard_error":3.2879449040358266},"slope":{"confidence_interval":{"confidence_level":0.95,"lower_bound":1227.5204034516157,"upper_bound":1230.9687102394407},"point_estimate":1229.0800049019344,"standard_error":0.8805548539773488},"std_dev":{"confidence_interval":{"confidence_level":0.95,"lower_bound":42.6766397572745,"upper_bound":213.08233099959298},"point_estimate":134.4903225138245,"standard_error":48.81364559215685}}