{"mean":{"confidence_interval":{"confidence_level":0.95,"lower_bound":325447.31533878064,"upper_bound":331757.24558869645},"point_estimate":328261.3500689274,"standard_error":1621.6407877162949},"median":{"confidence_interval":{"confidence_level":0.95,"lower_bound":323336.4330808081,"upper_bound":325774.81315789477},"point_estimate":324399.81865971105,"standard_error":650.5945923963741},"median_abs_dev":{"confidence_interval":{"confidence_level":0.95,"lower_bound":3713.4708015727465,"upper_bound":5922.332136793077},"point_estimate":5050.532772158202,"standard_error":553.5206887435802},"slope":{"confidence_interval":{"confidence_level":0.95,"lower_bound":323128.0202731359,"upper_bound":325082.04503557424},"point_estimate":324082.3456376533,"standard_error":499.3365643319607},"std_dev":{"confidence_interval":{"confidence_level":0.95,"lower_bound":7936.515862680875,"upper_bound":23660.65217205289},"point_estimate":16305.052910235505,"standard_error":4111.353938083747}}