{"mean":{"confidence_interval":{"confidence_level":0.95,"lower_bound":344225.9465894007,"upper_bound":349000.6946539887},"point_estimate":346360.2195743874,"standard_error":1232.1331755650926},"median":{"confidence_interval":{"confidence_level":0.95,"lower_bound":342436.53243881604,"upper_bound":344297.54892676766},"point_estimate":343249.5813673262,"standard_error":486.1381715211887},"median_abs_dev":{"confidence_interval":{"confidence_level":0.95,"lower_bound":3191.566063844713,"upper_bound":5413.54958099825},"point_estimate":4169.399415978386,"standard_error":560.316257092105},"slope":{"confidence_interval":{"confidence_level":0.95,"lower_bound":342002.0569595555,"upper_bound":343745.4565399466},"point_estimate":342849.8408837003,"standard_error":444.494316404163},"std_dev":{"confidence_interval":{"confidence_level":0.95,"lower_bound":6263.925483781799,"upper_bound":18012.262591976087},"point_estimate":12314.384004901493,"standard_error":3113.8949810060267}}