{"mean":{"confidence_interval":{"confidence_level":0.95,"lower_bound":287236.4465597773,"upper_bound":290184.4724036098},"point_estimate":288502.2485791026,"standard_error":759.7117416295299},"median":{"confidence_interval":{"confidence_level":0.95,"lower_bound":286404.60126582277,"upper_bound":287263.346875},"point_estimate":286799.1535790598,"standard_error":233.93529257511568},"median_abs_dev":{"confidence_interval":{"confidence_level":0.95,"lower_bound":1436.6433741915018,"upper_bound":3115.948396452116},"point_estimate":2265.433410207503,"standard_error":428.9824652591866},"slope":{"confidence_interval":{"confidence_level":0.95,"lower_bound":286495.5875088286,"upper_bound":287683.8506585263},"point_estimate":287064.5355940594,"standard_error":303.39673388663914},"std_dev":{"confidence_interval":{"confidence_level":0.95,"lower_bound":3182.6201436668116,"upper_bound":11712.870371806854},"point_estimate":7608.730669056727,"standard_error":2408.6274295234807}}