{"mean":{"confidence_interval":{"confidence_level":0.95,"lower_bound":335472.55764974223,"upper_bound":339778.27283561707},"point_estimate":337319.6026355097,"standard_error":1109.198829038934},"median":{"confidence_interval":{"confidence_level":0.95,"lower_bound":334600.093920765,"upper_bound":336626.7222705314},"point_estimate":335550.5629795396,"standard_error":575.1742815702174},"median_abs_dev":{"confidence_interval":{"confidence_level":0.95,"lower_bound":3312.2124603454217,"upper_bound":5292.293475630468},"point_estimate":4227.157499972323,"standard_error":483.59883558717127},"slope":{"confidence_interval":{"confidence_level":0.95,"lower_bound":334549.6473282878,"upper_bound":336246.5417421534},"point_estimate":335388.03694005223,"standard_error":434.6229437728645},"std_dev":{"confidence_interval":{"confidence_level":0.95,"lower_bound":4331.861125167347,"upper_bound":17207.9776399138},"point_estimate":11099.317960683426,"standard_error":3599.1917038834986}}