{"mean":{"confidence_interval":{"confidence_level":0.95,"lower_bound":367642.0715668515,"upper_bound":371742.9748500251},"point_estimate":369439.63366225205,"standard_error":1061.722928972328},"median":{"confidence_interval":{"confidence_level":0.95,"lower_bound":366583.1890547264,"upper_bound":368713.0059339525},"point_estimate":367760.5841340232,"standard_error":520.6085276154489},"median_abs_dev":{"confidence_interval":{"confidence_level":0.95,"lower_bound":2881.049236024206,"upper_bound":4193.877698495569},"point_estimate":3748.6720756387263,"standard_error":340.660069825914},"slope":{"confidence_interval":{"confidence_level":0.95,"lower_bound":366812.64897065266,"upper_bound":368240.6208687332},"point_estimate":367551.3651859514,"standard_error":363.26230730668306},"std_dev":{"confidence_interval":{"confidence_level":0.95,"lower_bound":3876.025285212639,"upper_bound":16249.324016502773},"point_estimate":10683.54940021954,"standard_error":3198.3525253546595}}