{"mean":{"confidence_interval":{"confidence_level":0.95,"lower_bound":287402.5073044066,"upper_bound":290364.42062043765},"point_estimate":288716.79913023,"standard_error":758.482324895337},"median":{"confidence_interval":{"confidence_level":0.95,"lower_bound":286556.5961538461,"upper_bound":289119.2873900293},"point_estimate":287731.62152777775,"standard_error":722.6930586063518},"median_abs_dev":{"confidence_interval":{"confidence_level":0.95,"lower_bound":3400.5496770032164,"upper_bound":5275.749623376595},"point_estimate":4413.334876960123,"standard_error":491.9438455814152},"slope":{"confidence_interval":{"confidence_level":0.95,"lower_bound":285484.6307582507,"upper_bound":286967.6623504681},"point_estimate":286173.92376089847,"standard_error":379.2731446052258},"std_dev":{"confidence_interval":{"confidence_level":0.95,"lower_bound":3844.2420983958505,"upper_bound":11356.010157383318},"point_estimate":7603.550170002138,"standard_error":2140.007660708985}}