{"mean":{"confidence_interval":{"confidence_level":0.95,"lower_bound":339230.1261005203,"upper_bound":347251.41197709355},"point_estimate":342957.24643600336,"standard_error":2044.6376266510588},"median":{"confidence_interval":{"confidence_level":0.95,"lower_bound":334738.7305936073,"upper_bound":343929.24074074073},"point_estimate":339239.57333333336,"standard_error":2147.5744601076053},"median_abs_dev":{"confidence_interval":{"confidence_level":0.95,"lower_bound":10870.728940339375,"upper_bound":16261.05731967414},"point_estimate":14046.241710085982,"standard_error":1390.9489656494147},"slope":{"confidence_interval":{"confidence_level":0.95,"lower_bound":334362.0395633951,"upper_bound":340004.00983478676},"point_estimate":337135.7432293976,"standard_error":1438.8288895106114},"std_dev":{"confidence_interval":{"confidence_level":0.95,"lower_bound":13549.277828260685,"upper_bound":27267.550997570783},"point_estimate":20481.328723996317,"standard_error":3566.1716838360635}}