{"mean":{"confidence_interval":{"confidence_level":0.95,"lower_bound":368427.5780862431,"upper_bound":373755.6795306436},"point_estimate":370781.4075112564,"standard_error":1366.9831746649882},"median":{"confidence_interval":{"confidence_level":0.95,"lower_bound":367011.3958333333,"upper_bound":370318.80306451616},"point_estimate":368701.71861471864,"standard_error":1036.3583251940825},"median_abs_dev":{"confidence_interval":{"confidence_level":0.95,"lower_bound":4744.165711211672,"upper_bound":7814.527249567365},"point_estimate":5889.794330057936,"standard_error":766.6226835967593},"slope":{"confidence_interval":{"confidence_level":0.95,"lower_bound":364685.1030914131,"upper_bound":367351.2973942596},"point_estimate":366015.12586276536,"standard_error":680.7606645458966},"std_dev":{"confidence_interval":{"confidence_level":0.95,"lower_bound":6872.374807196853,"upper_bound":20425.755559910704},"point_estimate":13746.585105469674,"standard_error":3758.981178989292}}