{"mean":{"confidence_interval":{"confidence_level":0.95,"lower_bound":367061.1929816077,"upper_bound":376071.6509794561},"point_estimate":371587.87953784654,"standard_error":2298.0503374468585},"median":{"confidence_interval":{"confidence_level":0.95,"lower_bound":366712.1119791667,"upper_bound":377345.1757164404},"point_estimate":372428.49227773305,"standard_error":2636.9890545249737},"median_abs_dev":{"confidence_interval":{"confidence_level":0.95,"lower_bound":17224.826534695476,"upper_bound":27069.306060593823},"point_estimate":21978.666895781447,"standard_error":2514.80108206145},"slope":{"confidence_interval":{"confidence_level":0.95,"lower_bound":359253.36303980753,"upper_bound":374321.4244187349},"point_estimate":366910.1890212305,"standard_error":3843.648084858391},"std_dev":{"confidence_interval":{"confidence_level":0.95,"lower_bound":19664.056614043053,"upper_bound":26378.29665617194},"point_estimate":23192.16106849548,"standard_error":1717.9906069664014}}