{"mean":{"confidence_interval":{"confidence_level":0.95,"lower_bound":23708.690526822847,"upper_bound":24581.04321706357},"point_estimate":24111.259061231445,"standard_error":223.61709567592277},"median":{"confidence_interval":{"confidence_level":0.95,"lower_bound":23281.24540595096,"upper_bound":23875.336174242424},"point_estimate":23527.973708578815,"standard_error":138.2785899106734},"median_abs_dev":{"confidence_interval":{"confidence_level":0.95,"lower_bound":1027.6727638437717,"upper_bound":1787.9179337243152},"point_estimate":1294.283155264674,"standard_error":192.05582149553166},"slope":{"confidence_interval":{"confidence_level":0.95,"lower_bound":22776.58113846124,"upper_bound":23155.75790772207},"point_estimate":22957.071498784208,"standard_error":96.76598090967668},"std_dev":{"confidence_interval":{"confidence_level":0.95,"lower_bound":1438.4441284813984,"upper_bound":3116.7473255438317},"point_estimate":2241.66493818731,"standard_error":470.1679522410279}}