{"mean":{"confidence_interval":{"confidence_level":0.95,"lower_bound":27896.9853682962,"upper_bound":35343.92405429292},"point_estimate":31189.401379839772,"standard_error":1909.027178285546},"median":{"confidence_interval":{"confidence_level":0.95,"lower_bound":25442.933333333334,"upper_bound":26355.736213235294},"point_estimate":25774.30110621789,"standard_error":252.6092322563213},"median_abs_dev":{"confidence_interval":{"confidence_level":0.95,"lower_bound":1293.4657501430088,"upper_bound":2397.3248496274623},"point_estimate":1685.8532238272362,"standard_error":286.4943719454013},"slope":{"confidence_interval":{"confidence_level":0.95,"lower_bound":24879.61421172632,"upper_bound":26609.1947220348},"point_estimate":25628.9906162258,"standard_error":442.43360832036865},"std_dev":{"confidence_interval":{"confidence_level":0.95,"lower_bound":8757.778170270361,"upper_bound":28507.37476514985},"point_estimate":19266.416500482068,"standard_error":5231.265739370973}}