{"mean":{"confidence_interval":{"confidence_level":0.95,"lower_bound":16444.32013660701,"upper_bound":16977.287999087333},"point_estimate":16667.186858860616,"standard_error":138.2699400136468},"median":{"confidence_interval":{"confidence_level":0.95,"lower_bound":16308.092175066313,"upper_bound":16414.989316239316},"point_estimate":16360.218067978532,"standard_error":28.864337494750345},"median_abs_dev":{"confidence_interval":{"confidence_level":0.95,"lower_bound":162.72760188768663,"upper_bound":264.00564883599344},"point_estimate":206.37413321596978,"standard_error":25.305537319842358},"slope":{"confidence_interval":{"confidence_level":0.95,"lower_bound":16246.821456842075,"upper_bound":16309.820367917508},"point_estimate":16276.853074933784,"standard_error":16.138755515924018},"std_dev":{"confidence_interval":{"confidence_level":0.95,"lower_bound":424.33499713990517,"upper_bound":2206.890235176051},"point_estimate":1393.9197741753944,"standard_error":503.06100580548355}}