{"mean":{"confidence_interval":{"confidence_level":0.95,"lower_bound":15684.07820024414,"upper_bound":16236.694706318605},"point_estimate":15913.31446473208,"standard_error":143.15563907719235},"median":{"confidence_interval":{"confidence_level":0.95,"lower_bound":15531.653885003885,"upper_bound":15594.50479354761},"point_estimate":15554.651829157094,"standard_error":17.82938948983131},"median_abs_dev":{"confidence_interval":{"confidence_level":0.95,"lower_bound":109.48039909267403,"upper_bound":218.28872097667116},"point_estimate":154.5824309094591,"standard_error":26.5788577573691},"slope":{"confidence_interval":{"confidence_level":0.95,"lower_bound":15463.889470879389,"upper_bound":15506.459548602084},"point_estimate":15484.111501062851,"standard_error":10.898958696513734},"std_dev":{"confidence_interval":{"confidence_level":0.95,"lower_bound":457.988224406019,"upper_bound":2279.124600189144},"point_estimate":1435.6801785035782,"standard_error":514.567153184549}}