{"mean":{"confidence_interval":{"confidence_level":0.95,"lower_bound":12104.212936547478,"upper_bound":12490.560269157739},"point_estimate":12263.560207273122,"standard_error":100.33383778304255},"median":{"confidence_interval":{"confidence_level":0.95,"lower_bound":12036.354967948719,"upper_bound":12101.569199346406},"point_estimate":12067.120268817205,"standard_error":15.527192478377934},"median_abs_dev":{"confidence_interval":{"confidence_level":0.95,"lower_bound":110.07534560353976,"upper_bound":218.51747580803885},"point_estimate":150.4080054048505,"standard_error":28.11190949840402},"slope":{"confidence_interval":{"confidence_level":0.95,"lower_bound":11966.575099688682,"upper_bound":12037.310950987096},"point_estimate":12002.834006329738,"standard_error":18.11684891300081},"std_dev":{"confidence_interval":{"confidence_level":0.95,"lower_bound":319.04327244753944,"upper_bound":1615.3414049509645},"point_estimate":1011.4201188032462,"standard_error":380.78030337957927}}