{"mean":{"confidence_interval":{"confidence_level":0.95,"lower_bound":16391.593182204735,"upper_bound":17016.258640920805},"point_estimate":16671.326777083017,"standard_error":161.17060050832947},"median":{"confidence_interval":{"confidence_level":0.95,"lower_bound":16131.703855148222,"upper_bound":16540.464669738863},"point_estimate":16242.716590314967,"standard_error":94.20423185550455},"median_abs_dev":{"confidence_interval":{"confidence_level":0.95,"lower_bound":491.1026240364743,"upper_bound":725.6874889746573},"point_estimate":614.1256439590715,"standard_error":60.38092194035157},"slope":{"confidence_interval":{"confidence_level":0.95,"lower_bound":16139.766401745335,"upper_bound":16373.690051884872},"point_estimate":16255.918321646319,"standard_error":59.721357996623865},"std_dev":{"confidence_interval":{"confidence_level":0.95,"lower_bound":799.7954828006712,"upper_bound":2374.0490818355906},"point_estimate":1624.3380357369815,"standard_error":418.97557819005493}}