{"mean":{"confidence_interval":{"confidence_level":0.95,"lower_bound":12189.963519405494,"upper_bound":12592.992514252004},"point_estimate":12356.886559432813,"standard_error":105.25302561024789},"median":{"confidence_interval":{"confidence_level":0.95,"lower_bound":12077.41517094017,"upper_bound":12158.651007625273},"point_estimate":12110.785945767195,"standard_error":20.02676697195079},"median_abs_dev":{"confidence_interval":{"confidence_level":0.95,"lower_bound":145.29879223993532,"upper_bound":240.25220979925177},"point_estimate":193.3721370476198,"standard_error":24.717433920318044},"slope":{"confidence_interval":{"confidence_level":0.95,"lower_bound":11998.924767689508,"upper_bound":12038.220579999368},"point_estimate":12016.743043569282,"standard_error":10.02557021694943},"std_dev":{"confidence_interval":{"confidence_level":0.95,"lower_bound":340.4764242778967,"upper_bound":1686.9291487322073},"point_estimate":1060.1319312228222,"standard_error":388.27220730562175}}