{"mean":{"confidence_interval":{"confidence_level":0.95,"lower_bound":113388025.8275,"upper_bound":116013757.10599999},"point_estimate":114680944.64,"standard_error":671949.8734399136},"median":{"confidence_interval":{"confidence_level":0.95,"lower_bound":112446762.5,"upper_bound":116256556.5},"point_estimate":113882601.5,"standard_error":1059295.1957905975},"median_abs_dev":{"confidence_interval":{"confidence_level":0.95,"lower_bound":5718204.256081581,"upper_bound":8761408.23585391},"point_estimate":7249114.749902487,"standard_error":796502.3690550523},"slope":null,"std_dev":{"confidence_interval":{"confidence_level":0.95,"lower_bound":5809749.397760352,"upper_bound":7582860.027444319},"point_estimate":6752606.569991575,"standard_error":453723.07668064244}}