{"mean":{"confidence_interval":{"confidence_level":0.95,"lower_bound":1346287.3409070373,"upper_bound":1393709.1430231694},"point_estimate":1368827.2989455354,"standard_error":12148.153892770411},"median":{"confidence_interval":{"confidence_level":0.95,"lower_bound":1316655.8181818181,"upper_bound":1330953.3133680555},"point_estimate":1320590.6004398828,"standard_error":4431.9919047789035},"median_abs_dev":{"confidence_interval":{"confidence_level":0.95,"lower_bound":23029.197311604417,"upper_bound":48060.22181156493},"point_estimate":29299.705963387925,"standard_error":6708.103186346604},"slope":{"confidence_interval":{"confidence_level":0.95,"lower_bound":1317076.4900697768,"upper_bound":1329390.694203899},"point_estimate":1322934.5516151914,"standard_error":3144.7436882775037},"std_dev":{"confidence_interval":{"confidence_level":0.95,"lower_bound":91544.15522857125,"upper_bound":144854.92026496746},"point_estimate":121211.92507979437,"standard_error":13594.90561651056}}