{"mean":{"confidence_interval":{"confidence_level":0.95,"lower_bound":1673395.0900183672,"upper_bound":1719733.4128152386},"point_estimate":1695476.6513489175,"standard_error":11811.653726131111},"median":{"confidence_interval":{"confidence_level":0.95,"lower_bound":1648452.0546875,"upper_bound":1677282.238095238},"point_estimate":1659136.7836940838,"standard_error":8238.690454136706},"median_abs_dev":{"confidence_interval":{"confidence_level":0.95,"lower_bound":37796.878664300086,"upper_bound":71204.3791974112},"point_estimate":56425.71504774853,"standard_error":8342.825707029784},"slope":{"confidence_interval":{"confidence_level":0.95,"lower_bound":1658638.5818463669,"upper_bound":1674309.3134884161},"point_estimate":1666843.063174228,"standard_error":3993.6272804000077},"std_dev":{"confidence_interval":{"confidence_level":0.95,"lower_bound":90292.83310010972,"upper_bound":141238.40339585484},"point_estimate":118452.59960783116,"standard_error":13005.282894333397}}