{"mean":{"confidence_interval":{"confidence_level":0.95,"lower_bound":1928608.003721154,"upper_bound":1968986.818759616},"point_estimate":1948019.8930769234,"standard_error":10290.725071020977},"median":{"confidence_interval":{"confidence_level":0.95,"lower_bound":1902141.2307692308,"upper_bound":1938268.1153846155},"point_estimate":1920039.346153846,"standard_error":10695.542047240446},"median_abs_dev":{"confidence_interval":{"confidence_level":0.95,"lower_bound":58914.27687319697,"upper_bound":107014.864423183},"point_estimate":82757.3334653791,"standard_error":12576.90557586602},"slope":null,"std_dev":{"confidence_interval":{"confidence_level":0.95,"lower_bound":81429.77089470743,"upper_bound":125435.42675223081},"point_estimate":103455.31055800924,"standard_error":11329.015934060426}}