{"mean":{"confidence_interval":{"confidence_level":0.95,"lower_bound":1724181.8481666776,"upper_bound":1787212.0314523028},"point_estimate":1753928.673686628,"standard_error":16119.114511538908},"median":{"confidence_interval":{"confidence_level":0.95,"lower_bound":1695745.6065573771,"upper_bound":1740308.8103263779},"point_estimate":1721313.4285714286,"standard_error":11562.490240146833},"median_abs_dev":{"confidence_interval":{"confidence_level":0.95,"lower_bound":76537.66466482086,"upper_bound":121558.581789053},"point_estimate":97672.14207213109,"standard_error":11371.96846928181},"slope":{"confidence_interval":{"confidence_level":0.95,"lower_bound":1714549.1717127534,"upper_bound":1748510.3628224826},"point_estimate":1731690.518850303,"standard_error":8653.720154084971},"std_dev":{"confidence_interval":{"confidence_level":0.95,"lower_bound":113623.04595589897,"upper_bound":207601.2819118224},"point_estimate":161842.92230161894,"standard_error":24236.46958562803}}