{"mean":{"confidence_interval":{"confidence_level":0.95,"lower_bound":2020979.2528854162,"upper_bound":2041766.21309375},"point_estimate":2031360.7304166665,"standard_error":5307.247022547504},"median":{"confidence_interval":{"confidence_level":0.95,"lower_bound":2014125.9375,"upper_bound":2044029.8958333335},"point_estimate":2027800.7916666665,"standard_error":7807.5213954859555},"median_abs_dev":{"confidence_interval":{"confidence_level":0.95,"lower_bound":46272.13050350547,"upper_bound":71534.56071438256},"point_estimate":60757.84265883261,"standard_error":6347.0881713363015},"slope":null,"std_dev":{"confidence_interval":{"confidence_level":0.95,"lower_bound":46817.836285903846,"upper_bound":58913.38436729819},"point_estimate":53245.76116588288,"standard_error":3083.162545698438}}