{"mean":{"confidence_interval":{"confidence_level":0.95,"lower_bound":1640397.0793450747,"upper_bound":1686376.2918046224},"point_estimate":1662156.8621592093,"standard_error":11809.157725090761},"median":{"confidence_interval":{"confidence_level":0.95,"lower_bound":1620010.2037037036,"upper_bound":1640378.4884294802},"point_estimate":1627349.7677838579,"standard_error":4930.483003347996},"median_abs_dev":{"confidence_interval":{"confidence_level":0.95,"lower_bound":31674.644051948217,"upper_bound":62202.257489409814},"point_estimate":43337.331831621144,"standard_error":8080.467730628686},"slope":{"confidence_interval":{"confidence_level":0.95,"lower_bound":1625469.1397166061,"upper_bound":1637466.674647148},"point_estimate":1631623.5933234815,"standard_error":3061.9200345979807},"std_dev":{"confidence_interval":{"confidence_level":0.95,"lower_bound":88317.48936073459,"upper_bound":144831.31208976504},"point_estimate":118809.43864426352,"standard_error":14415.077066719537}}