{"mean":{"confidence_interval":{"confidence_level":0.95,"lower_bound":1510841.2614004868,"upper_bound":1549266.1583472122},"point_estimate":1529381.6861288918,"standard_error":9880.038006406925},"median":{"confidence_interval":{"confidence_level":0.95,"lower_bound":1495188.5,"upper_bound":1515895.9572713643},"point_estimate":1508509.2919029058,"standard_error":5291.856638097254},"median_abs_dev":{"confidence_interval":{"confidence_level":0.95,"lower_bound":28149.72253913795,"upper_bound":61012.73184627419},"point_estimate":39005.42628304365,"standard_error":8712.739174639792},"slope":{"confidence_interval":{"confidence_level":0.95,"lower_bound":1499194.224095684,"upper_bound":1512595.564971799},"point_estimate":1506340.9598847348,"standard_error":3425.1190411750154},"std_dev":{"confidence_interval":{"confidence_level":0.95,"lower_bound":77849.45020071461,"upper_bound":116170.42682780472},"point_estimate":99051.74011840833,"standard_error":9797.356894434468}}