{"mean":{"confidence_interval":{"confidence_level":0.95,"lower_bound":8694.016679749042,"upper_bound":10035.531140470039},"point_estimate":9269.728122038208,"standard_error":348.1658722901178},"median":{"confidence_interval":{"confidence_level":0.95,"lower_bound":8183.557671957672,"upper_bound":8535.768959435625},"point_estimate":8366.277978209211,"standard_error":81.55341752084051},"median_abs_dev":{"confidence_interval":{"confidence_level":0.95,"lower_bound":311.5759238820825,"upper_bound":708.0897887154463},"point_estimate":492.92719671280537,"standard_error":94.03681426173038},"slope":{"confidence_interval":{"confidence_level":0.95,"lower_bound":8108.140165994789,"upper_bound":8231.97484942955},"point_estimate":8163.539852646245,"standard_error":31.693607276788324},"std_dev":{"confidence_interval":{"confidence_level":0.95,"lower_bound":1219.8002043978088,"upper_bound":5404.528180718586},"point_estimate":3495.403237603274,"standard_error":1131.9084784079862}}