{"mean":{"confidence_interval":{"confidence_level":0.95,"lower_bound":5402.272185664209,"upper_bound":6250.460864588623},"point_estimate":5756.365490552196,"standard_error":220.7460442837353},"median":{"confidence_interval":{"confidence_level":0.95,"lower_bound":5129.378328804348,"upper_bound":5265.604548857586},"point_estimate":5172.793244817021,"standard_error":35.78907890332347},"median_abs_dev":{"confidence_interval":{"confidence_level":0.95,"lower_bound":164.1853039195747,"upper_bound":395.9107170519374},"point_estimate":217.27326655350595,"standard_error":62.9217926126646},"slope":{"confidence_interval":{"confidence_level":0.95,"lower_bound":5081.57676453519,"upper_bound":5134.718192386018},"point_estimate":5107.506165984541,"standard_error":13.520643759951838},"std_dev":{"confidence_interval":{"confidence_level":0.95,"lower_bound":679.1157047145907,"upper_bound":3530.0436023450043},"point_estimate":2221.0835242069807,"standard_error":818.4874601771921}}