{"mean":{"confidence_interval":{"confidence_level":0.95,"lower_bound":4470.023671187177,"upper_bound":5121.152137271376},"point_estimate":4738.99960009114,"standard_error":169.13514715133397},"median":{"confidence_interval":{"confidence_level":0.95,"lower_bound":4252.16490897587,"upper_bound":4368.566347373071},"point_estimate":4307.1301015052595,"standard_error":29.830576261537516},"median_abs_dev":{"confidence_interval":{"confidence_level":0.95,"lower_bound":110.79673861072399,"upper_bound":262.1464145521493},"point_estimate":183.27421528446237,"standard_error":38.270929819090014},"slope":{"confidence_interval":{"confidence_level":0.95,"lower_bound":4215.173422574887,"upper_bound":4247.42552406528},"point_estimate":4229.262908393811,"standard_error":8.19657834985036},"std_dev":{"confidence_interval":{"confidence_level":0.95,"lower_bound":530.6757095611266,"upper_bound":2700.25073856148},"point_estimate":1694.6858067025537,"standard_error":616.4685525272154}}