{"mean":{"confidence_interval":{"confidence_level":0.95,"lower_bound":6297282.387125,"upper_bound":6598772.7935625},"point_estimate":6441048.635,"standard_error":76837.89775372605},"median":{"confidence_interval":{"confidence_level":0.95,"lower_bound":6128865.25,"upper_bound":6364128.875},"point_estimate":6242059.0,"standard_error":66203.2485564911},"median_abs_dev":{"confidence_interval":{"confidence_level":0.95,"lower_bound":377046.6710060835,"upper_bound":720826.02250278},"point_estimate":535693.5784645379,"standard_error":90603.88771103477},"slope":null,"std_dev":{"confidence_interval":{"confidence_level":0.95,"lower_bound":589505.7014768188,"upper_bound":942573.0939631743},"point_estimate":773705.4513103707,"standard_error":90243.81211454158}}