{"mean":{"confidence_interval":{"confidence_level":0.95,"lower_bound":5477404.855799999,"upper_bound":5604284.731999998},"point_estimate":5538419.332000001,"standard_error":32200.036775457338},"median":{"confidence_interval":{"confidence_level":0.95,"lower_bound":5464324.6,"upper_bound":5555556.0},"point_estimate":5531735.699999999,"standard_error":25997.74301971919},"median_abs_dev":{"confidence_interval":{"confidence_level":0.95,"lower_bound":174563.39654088076,"upper_bound":330283.5404562939},"point_estimate":250962.95926451572,"standard_error":39845.27759393519},"slope":null,"std_dev":{"confidence_interval":{"confidence_level":0.95,"lower_bound":235292.53312855924,"upper_bound":415935.29481143504},"point_estimate":322405.3377880184,"standard_error":47505.91076238469}}