{"mean":{"confidence_interval":{"confidence_level":0.95,"lower_bound":7293361.1023125,"upper_bound":7592218.176375},"point_estimate":7437403.2075,"standard_error":76485.42431245031},"median":{"confidence_interval":{"confidence_level":0.95,"lower_bound":7114814.125,"upper_bound":7431873.75},"point_estimate":7275861.625,"standard_error":79848.32089213167},"median_abs_dev":{"confidence_interval":{"confidence_level":0.95,"lower_bound":399816.44140183926,"upper_bound":655414.4946621915},"point_estimate":496665.6167574227,"standard_error":65580.23809840559},"slope":null,"std_dev":{"confidence_interval":{"confidence_level":0.95,"lower_bound":584908.2191460041,"upper_bound":939186.6292619938},"point_estimate":771747.7707687687,"standard_error":90881.88423140455}}