{"mean":{"confidence_interval":{"confidence_level":0.95,"lower_bound":6652334.08425,"upper_bound":7163028.4256875},"point_estimate":6881970.47,"standard_error":130317.4988983252},"median":{"confidence_interval":{"confidence_level":0.95,"lower_bound":6395860.125,"upper_bound":6612622.0},"point_estimate":6461919.125,"standard_error":66456.92752549423},"median_abs_dev":{"confidence_interval":{"confidence_level":0.95,"lower_bound":364217.24232260144,"upper_bound":703018.143568933},"point_estimate":492521.0085310042,"standard_error":95593.59928086646},"slope":null,"std_dev":{"confidence_interval":{"confidence_level":0.95,"lower_bound":734114.2776174858,"upper_bound":1897750.561353679},"point_estimate":1309189.9801325176,"standard_error":325761.2553801154}}