{"mean":{"confidence_interval":{"confidence_level":0.95,"lower_bound":5367999.119625001,"upper_bound":5394620.0208},"point_estimate":5381251.028,"standard_error":6792.722378927038},"median":{"confidence_interval":{"confidence_level":0.95,"lower_bound":5362451.6,"upper_bound":5390646.6},"point_estimate":5374016.2,"standard_error":8255.552381463956},"median_abs_dev":{"confidence_interval":{"confidence_level":0.95,"lower_bound":49296.52325481218,"upper_bound":87963.39773833752},"point_estimate":69644.76311355829,"standard_error":9992.578190603062},"slope":null,"std_dev":{"confidence_interval":{"confidence_level":0.95,"lower_bound":58939.00658439002,"upper_bound":76747.20216049484},"point_estimate":68366.21316834961,"standard_error":4548.499196956469}}