{"mean":{"confidence_interval":{"confidence_level":0.95,"lower_bound":4234448.362541664,"upper_bound":4247732.015458334},"point_estimate":4240312.670000001,"standard_error":3417.149197044013},"median":{"confidence_interval":{"confidence_level":0.95,"lower_bound":4232062.5,"upper_bound":4239454.333333334},"point_estimate":4236395.916666666,"standard_error":2020.790496645594},"median_abs_dev":{"confidence_interval":{"confidence_level":0.95,"lower_bound":11669.544392824173,"upper_bound":21102.71027535292},"point_estimate":16401.571083814826,"standard_error":2425.9771711502917},"slope":null,"std_dev":{"confidence_interval":{"confidence_level":0.95,"lower_bound":16728.699021093293,"upper_bound":51448.44250397996},"point_estimate":34276.31812417549,"standard_error":9652.50256713796}}