{"mean":{"confidence_interval":{"confidence_level":0.95,"lower_bound":4404520.303068182,"upper_bound":4448244.051113635},"point_estimate":4426645.3554545455,"standard_error":11138.508360457428},"median":{"confidence_interval":{"confidence_level":0.95,"lower_bound":4413927.0,"upper_bound":4462081.818181818},"point_estimate":4439195.454545455,"standard_error":12545.629322158224},"median_abs_dev":{"confidence_interval":{"confidence_level":0.95,"lower_bound":85559.90100828103,"upper_bound":138718.52306452615},"point_estimate":115070.58174799783,"standard_error":13479.069554119098},"slope":null,"std_dev":{"confidence_interval":{"confidence_level":0.95,"lower_bound":94769.28302134188,"upper_bound":127473.39855463336},"point_estimate":111744.02671572338,"standard_error":8390.01290796963}}