{"mean":{"confidence_interval":{"confidence_level":0.95,"lower_bound":4108493.723326924,"upper_bound":4131450.9274807703},"point_estimate":4119552.8100000005,"standard_error":5851.843388603073},"median":{"confidence_interval":{"confidence_level":0.95,"lower_bound":4092189.5384615385,"upper_bound":4116612.8846153845},"point_estimate":4101519.423076923,"standard_error":6613.647895954374},"median_abs_dev":{"confidence_interval":{"confidence_level":0.95,"lower_bound":34830.49308932792,"upper_bound":63501.885258962095},"point_estimate":48543.00322280454,"standard_error":7594.198341655634},"slope":null,"std_dev":{"confidence_interval":{"confidence_level":0.95,"lower_bound":47242.68283976479,"upper_bound":70761.75316296238},"point_estimate":58678.46727091987,"standard_error":6085.884920392831}}