{"mean":{"confidence_interval":{"confidence_level":0.95,"lower_bound":4339603.944272728,"upper_bound":4358993.717795455},"point_estimate":4348996.505454549,"standard_error":4942.103255763371},"median":{"confidence_interval":{"confidence_level":0.95,"lower_bound":4325858.909090909,"upper_bound":4352840.7272727275},"point_estimate":4336581.590909092,"standard_error":5900.063735985689},"median_abs_dev":{"confidence_interval":{"confidence_level":0.95,"lower_bound":33493.416005373,"upper_bound":53778.28145433631},"point_estimate":44329.80660389626,"standard_error":5155.590497979981},"slope":null,"std_dev":{"confidence_interval":{"confidence_level":0.95,"lower_bound":40862.96425801964,"upper_bound":56955.34867550993},"point_estimate":49563.24737756078,"standard_error":4112.125108070694}}