{"mean":{"confidence_interval":{"confidence_level":0.95,"lower_bound":4385023.621437499,"upper_bound":4458330.632895835},"point_estimate":4421511.160833334,"standard_error":18726.847782607485},"median":{"confidence_interval":{"confidence_level":0.95,"lower_bound":4355175.5,"upper_bound":4469916.166666666},"point_estimate":4435393.0,"standard_error":27185.51674577191},"median_abs_dev":{"confidence_interval":{"confidence_level":0.95,"lower_bound":172999.19024927568,"upper_bound":265859.5184050498},"point_estimate":223429.60750833177,"standard_error":23197.810397006146},"slope":null,"std_dev":{"confidence_interval":{"confidence_level":0.95,"lower_bound":168025.64571576763,"upper_bound":206154.84740333768},"point_estimate":188419.1952034719,"standard_error":9748.439336680773}}