{"mean":{"confidence_interval":{"confidence_level":0.95,"lower_bound":4491055.811250001,"upper_bound":4606567.614954545},"point_estimate":4548066.3518181825,"standard_error":29524.112042393634},"median":{"confidence_interval":{"confidence_level":0.95,"lower_bound":4463130.045454545,"upper_bound":4597417.090909091},"point_estimate":4521269.7272727275,"standard_error":36878.10057880712},"median_abs_dev":{"confidence_interval":{"confidence_level":0.95,"lower_bound":221993.1983861065,"upper_bound":352260.57306998904},"point_estimate":275670.12391496723,"standard_error":32713.825804994653},"slope":null,"std_dev":{"confidence_interval":{"confidence_level":0.95,"lower_bound":254832.4413144092,"upper_bound":334357.1031380185},"point_estimate":296828.27856114134,"standard_error":20330.458914045063}}