{"mean":{"confidence_interval":{"confidence_level":0.95,"lower_bound":4657702.78190909,"upper_bound":4756338.404227271},"point_estimate":4706602.543636363,"standard_error":25103.31179073549},"median":{"confidence_interval":{"confidence_level":0.95,"lower_bound":4640412.272727273,"upper_bound":4752825.954545455},"point_estimate":4698362.636363637,"standard_error":31802.10769708365},"median_abs_dev":{"confidence_interval":{"confidence_level":0.95,"lower_bound":188499.31064437662,"upper_bound":308230.9171459879},"point_estimate":255774.03661364826,"standard_error":30970.832429775015},"slope":null,"std_dev":{"confidence_interval":{"confidence_level":0.95,"lower_bound":213217.24685288125,"upper_bound":286315.2731622544},"point_estimate":251054.55629168716,"standard_error":18659.34303414409}}