{"mean":{"confidence_interval":{"confidence_level":0.95,"lower_bound":4603759.895454545,"upper_bound":4689150.528181817},"point_estimate":4645991.169999999,"standard_error":21772.347496239283},"median":{"confidence_interval":{"confidence_level":0.95,"lower_bound":4594657.545454546,"upper_bound":4701658.636363637},"point_estimate":4632359.909090909,"standard_error":27196.53235048276},"median_abs_dev":{"confidence_interval":{"confidence_level":0.95,"lower_bound":181873.50397109985,"upper_bound":282017.7409204572},"point_estimate":242970.10106823719,"standard_error":23758.521977166056},"slope":null,"std_dev":{"confidence_interval":{"confidence_level":0.95,"lower_bound":186199.07325018078,"upper_bound":248691.11801076887},"point_estimate":218545.07296626052,"standard_error":15903.645442815174}}