{"mean":{"confidence_interval":{"confidence_level":0.95,"lower_bound":26598.860957618195,"upper_bound":29197.911463801767},"point_estimate":27876.333099834173,"standard_error":660.974088101295},"median":{"confidence_interval":{"confidence_level":0.95,"lower_bound":27061.6563372093,"upper_bound":30025.185},"point_estimate":28889.94205882353,"standard_error":776.4364345293517},"median_abs_dev":{"confidence_interval":{"confidence_level":0.95,"lower_bound":4481.312563774135,"upper_bound":7421.178233568825},"point_estimate":5862.779312720691,"standard_error":760.2186167011184},"slope":{"confidence_interval":{"confidence_level":0.95,"lower_bound":31517.67934205085,"upper_bound":34379.245185952015},"point_estimate":32761.49541421605,"standard_error":760.4768798385128},"std_dev":{"confidence_interval":{"confidence_level":0.95,"lower_bound":5103.859939053022,"upper_bound":8545.085684308935},"point_estimate":6665.462984281646,"standard_error":928.6557633587468}}