{"mean":{"confidence_interval":{"confidence_level":0.95,"lower_bound":37403.23835116289,"upper_bound":38706.95999018156},"point_estimate":38080.01102920618,"standard_error":333.09995515873334},"median":{"confidence_interval":{"confidence_level":0.95,"lower_bound":38794.90888888889,"upper_bound":39638.58376068376},"point_estimate":39250.860086972956,"standard_error":210.30091119758103},"median_abs_dev":{"confidence_interval":{"confidence_level":0.95,"lower_bound":1374.0692516870508,"upper_bound":2632.7441937876506},"point_estimate":1914.4844481323191,"standard_error":317.7811496703313},"slope":{"confidence_interval":{"confidence_level":0.95,"lower_bound":39871.04823037049,"upper_bound":40374.95384409774},"point_estimate":40134.107225424035,"standard_error":128.20747086261056},"std_dev":{"confidence_interval":{"confidence_level":0.95,"lower_bound":2681.7770135623346,"upper_bound":3883.061017497609},"point_estimate":3340.852838365682,"standard_error":307.75341912669427}}