{"mean":{"confidence_interval":{"confidence_level":0.95,"lower_bound":31958.174266259834,"upper_bound":34627.57483711331},"point_estimate":33312.15128154091,"standard_error":681.7280704360569},"median":{"confidence_interval":{"confidence_level":0.95,"lower_bound":33074.645640236544,"upper_bound":36512.191666666666},"point_estimate":34815.63221153846,"standard_error":820.3777630128366},"median_abs_dev":{"confidence_interval":{"confidence_level":0.95,"lower_bound":5428.279642308446,"upper_bound":8793.978652473039},"point_estimate":7328.207403071385,"standard_error":826.9212369821951},"slope":{"confidence_interval":{"confidence_level":0.95,"lower_bound":37923.97852432943,"upper_bound":39370.84164931981},"point_estimate":38716.44664400769,"standard_error":368.92030095845894},"std_dev":{"confidence_interval":{"confidence_level":0.95,"lower_bound":5957.920408532076,"upper_bound":7629.2881368578},"point_estimate":6871.021950629712,"standard_error":426.2185173666082}}