{"mean":{"confidence_interval":{"confidence_level":0.95,"lower_bound":43706.526692820415,"upper_bound":44371.24527176823},"point_estimate":44046.60679744929,"standard_error":169.82313614119712},"median":{"confidence_interval":{"confidence_level":0.95,"lower_bound":43985.60590500642,"upper_bound":44934.75108321651},"point_estimate":44602.8268886502,"standard_error":275.46569826155377},"median_abs_dev":{"confidence_interval":{"confidence_level":0.95,"lower_bound":1114.4437530239718,"upper_bound":1920.8135216115488},"point_estimate":1528.1627799026041,"standard_error":208.90602702032837},"slope":{"confidence_interval":{"confidence_level":0.95,"lower_bound":45134.90907992221,"upper_bound":45444.09803711129},"point_estimate":45304.32227357221,"standard_error":78.15264538266058},"std_dev":{"confidence_interval":{"confidence_level":0.95,"lower_bound":1425.7497197380255,"upper_bound":1956.92222954168},"point_estimate":1713.4708285975823,"standard_error":135.08174702967352}}