{"mean":{"confidence_interval":{"confidence_level":0.95,"lower_bound":34070.2505106903,"upper_bound":36975.97645857974},"point_estimate":35532.91979108631,"standard_error":743.533216176079},"median":{"confidence_interval":{"confidence_level":0.95,"lower_bound":35383.89297052154,"upper_bound":38407.354395604394},"point_estimate":36797.22203325774,"standard_error":682.7337817886076},"median_abs_dev":{"confidence_interval":{"confidence_level":0.95,"lower_bound":5972.1185962380805,"upper_bound":10664.044662796578},"point_estimate":8016.351016828959,"standard_error":1191.9732267042914},"slope":{"confidence_interval":{"confidence_level":0.95,"lower_bound":40453.91911000234,"upper_bound":42389.380722876835},"point_estimate":41483.64716882349,"standard_error":492.76190585198026},"std_dev":{"confidence_interval":{"confidence_level":0.95,"lower_bound":6602.922276751612,"upper_bound":8247.185581695581},"point_estimate":7489.940570626597,"standard_error":419.1368137431359}}