{"mean":{"confidence_interval":{"confidence_level":0.95,"lower_bound":34860.47233273826,"upper_bound":37320.10193681481},"point_estimate":36111.9632603107,"standard_error":627.9803169508507},"median":{"confidence_interval":{"confidence_level":0.95,"lower_bound":35399.58536585366,"upper_bound":39097.20350480497},"point_estimate":37165.46762527233,"standard_error":939.5367240763584},"median_abs_dev":{"confidence_interval":{"confidence_level":0.95,"lower_bound":5101.074406375157,"upper_bound":8497.357996363964},"point_estimate":6888.612822088177,"standard_error":890.9558781841358},"slope":{"confidence_interval":{"confidence_level":0.95,"lower_bound":40382.59165751618,"upper_bound":41677.19013575693},"point_estimate":41094.18255980822,"standard_error":331.1590051951668},"std_dev":{"confidence_interval":{"confidence_level":0.95,"lower_bound":5508.425167499805,"upper_bound":6958.145820735913},"point_estimate":6296.1564817706485,"standard_error":370.9071130986211}}