{"mean":{"confidence_interval":{"confidence_level":0.95,"lower_bound":27925.618289010254,"upper_bound":30319.34713281042},"point_estimate":29138.783796189186,"standard_error":613.5198068523563},"median":{"confidence_interval":{"confidence_level":0.95,"lower_bound":28558.393863049096,"upper_bound":31885.40363063814},"point_estimate":30207.068213507628,"standard_error":918.1864092218791},"median_abs_dev":{"confidence_interval":{"confidence_level":0.95,"lower_bound":5043.481062653297,"upper_bound":8319.237488751478},"point_estimate":6782.300840116789,"standard_error":832.5967791259675},"slope":{"confidence_interval":{"confidence_level":0.95,"lower_bound":33313.86361605135,"upper_bound":34607.64340946623},"point_estimate":34027.02103935766,"standard_error":333.08711755974906},"std_dev":{"confidence_interval":{"confidence_level":0.95,"lower_bound":5390.754853068948,"upper_bound":6829.770351502619},"point_estimate":6166.735637936088,"standard_error":367.84192338763336}}